CASEID,POINT_X,POINT_Y,YEAR_,LOCATION,CHPTYPE,DAYWEEK,CRASHSEV,VIOLCAT,KILLED,INJURED,WEATHER1,PEDCOL,BICCOL,MCCOL,TRUCKCOL,ETOH,TIMECAT,MONTH_,CRASHTYP,INVOLVE,PED,PRIMARYRD,SECONDRD,DISTANCE,DIRECT,INTERSECT_,PROCDATE,JURIS,DATE_,TIME_,BADGE,JURIDIST,SHIFT,POP,SPECIAL,BEATTYPE,LAPDDIV,BEATCLAS,BEATNUMB,WEATHER2,STATEHW,CALTRANC,CALTRAND,STROUTE,ROUTESUF,POSTPRE,POSTMILE,LOCATYPE,RAMP,SIDEHW,TOWAWAY,PARTIES,PCF,VIOLCODE,VIOL,VIOLSUB,HITRUN,ROADSURF,RDCOND1,RDCOND2,LIGHTING,RIGHTWAY,CHPRDTYP,NOTPRIV,STFAULT,CHPFAULT,SEVINJ,OTHERINJ,COP,PEDKILL,PEDINJ,BICKILL,BICINJ,MCKILL,MCINJURE,RAMP1,RAMP2,CITY,COUNTY,STATE,X_CHP,Y_CHP
2507728,-122.28796511,37.856189499,2006,0103,0,3,4,03,0,2,B,,,,,,1200,2,C,C,A,"RT 123","GRAYSON ST",23,S,N,2006-06-13,103,2006-02-01,1132,143,33,5,6,0,0,,0,013,-,Y,ALA,4,123,-,-,2.21,H,-,N,Y,2,A,-,22350,,N,B,H,-,A,A,0,Y,D,22,0,0,2,0,0,0,0,0,0,-,-,BERKELEY,ALAMEDA,CA,0,0
2507732,-122.25898315,37.861415863,2006,0103,0,3,4,09,0,1,B,,,,,,1500,2,B,C,A,"TELEGRAPH AV","DERBY ST",0,,Y,2006-06-06,103,2006-02-01,1403,143,39,5,6,0,0,,0,009,-,N,,0,0,,,0,,,,Y,2,A,-,21801,A,N,B,H,-,-,A,0,Y,A,,0,0,1,0,0,0,0,0,0,-,-,BERKELEY,ALAMEDA,CA,0,0
2507736,-122.281273153,37.8621635437,2006,0103,0,3,3,09,0,2,C,,,,,,1500,2,D,C,A,"SACRAMENTO ST","DWIGHT WY",0,,Y,2006-06-06,103,2006-02-01,1430,92,30,5,6,0,0,,0,005,-,N,,0,0,,,0,,,,Y,2,A,-,21801,A,N,B,H,-,A,A,0,Y,-,-,0,1,1,0,0,0,0,0,0,-,-,BERKELEY,ALAMEDA,CA,0,0
2507748,-122.268599085,37.873878479,2006,0103,0,3,3,10,0,1,C,Y,,,,,2100,2,G,B,B,"HEARST AV","SHATTUCK AV",7,E,N,2006-06-06,103,2006-02-01,1954,42,24,5,6,0,0,,0,003,-,N,,0,0,,,0,,,,N,2,A,-,21950,A,N,B,H,-,C,A,0,Y,A,01,0,1,0,0,1,0,0,0,0,-,-,BERKELEY,ALAMEDA,CA,0,0
2507752,-122.266130418,37.8817634583,2006,0103,0,4,4,09,0,1,B,,,,,,1200,2,D,C,A,"SPRUCE ST","ROSE ST",256,S,N,2006-06-06,103,2006-02-02,1115,126,16,5,6,0,0,,0,002,-,N,,0,0,,,0,,,,Y,2,A,-,21804,A,N,B,H,-,A,-,0,Y,A,,0,0,1,0,0,0,0,0,0,-,-,BERKELEY,ALAMEDA,CA,0,0
2507756,-122.267633152,37.8749542236,2006,0103,0,3,4,09,0,1,B,,,,,,1800,2,B,C,A,"WALNUT ST","DELAWARE ST",0,,Y,2006-06-06,103,2006-02-01,1545,32,24,5,6,0,0,,0,002,C,N,,0,0,,,0,,,,N,2,A,-,21802,A,N,B,H,-,A,A,0,Y,A,01,0,0,1,0,0,0,0,0,0,-,-,BERKELEY,ALAMEDA,CA,0,0
2529601,-122.269176626,37.8782691956,2006,0103,0,6,4,03,0,2,A,,,,,,1500,2,C,C,A,"SHATTUCK AV","CEDAR ST",50,S,N,2006-06-17,103,2006-02-18,1446,70,23,5,6,0,0,,0,003,-,N,,0,0,,,0,,,,N,2,A,-,22350,,N,A,H,-,A,D,0,Y,A,01,0,0,2,0,0,0,0,0,0,-,-,BERKELEY,ALAMEDA,CA,0,0
2529602,-122.291755631,37.881816864,2006,0103,0,2,4,08,0,2,A,,,,,,2400,2,B,E,A,"EVELYN AV","GILMAN ST",176,N,N,2006-06-17,103,2006-02-14,2337,14,19,5,6,0,0,,0,017,-,N,,0,0,,,0,,,,Y,5,A,-,22107,,F,A,H,-,C,D,0,Y,A,01,0,0,2,0,0,0,0,0,0,-,-,BERKELEY,ALAMEDA,CA,0,0
2529605,-122.279924713,37.8999824524,2006,0103,0,6,3,08,0,2,A,,,,,,300,2,E,I,A,"THE ALAMEDA","SAN RAMON ST",30,S,N,2006-06-17,103,2006-02-18,34,12,12,5,6,0,0,,0,001,-,N,,0,0,,,0,,,,Y,1,A,-,22107,,N,B,E,-,C,D,0,Y,A,01,0,1,1,0,0,0,0,0,0,-,-,BERKELEY,ALAMEDA,CA,0,0
2529610,-122.259503149,37.8576850891,2006,0103,0,2,3,09,0,1,A,,Y,,,,1800,2,D,G,A,"RUSSELL ST","TELEGRAPH AV",0,,Y,2006-06-17,103,2006-02-14,1714,143,36,5,6,0,0,,0,009,-,N,,0,0,,,0,,,,N,3,A,-,21801,A,N,A,H,-,A,A,0,Y,A,01,0,1,0,0,0,0,1,0,0,-,-,BERKELEY,ALAMEDA,CA,0,0
2529617,-122.27726002,37.853506605,2006,0103,0,5,4,12,0,1,B,,,,,,2100,2,D,C,A,"RT 13","CALIFORNIA ST",0,,Y,2006-06-26,103,2006-02-17,1905,8,34,5,6,0,0,,0,011,-,Y,ALA,4,13,-,-,12.64,I,5,S,Y,2,A,-,22450,A,F,B,H,-,C,A,0,Y,A,01,0,0,1,0,0,0,0,0,0,-,-,BERKELEY,ALAMEDA,CA,0,0
2529625,-122.289709219,37.861128138,2006,0103,0,5,4,03,0,2,B,,,,,,1800,2,C,C,A,"RT 123","DWIGHT WY",33,N,N,2006-06-26,103,2006-02-17,1602,39,32,5,6,0,0,,0,015,-,Y,ALA,4,123,-,-,2.58,H,-,S,N,2,A,-,22350,,N,B,H,-,A,A,0,Y,A,08,0,0,2,0,0,0,0,0,0,-,-,BERKELEY,ALAMEDA,CA,0,0
2529630,-122.290766731,37.864501035,2006,0103,0,2,2,00,0,1,A,,Y,,,Y,1200,2,D,G,A,"RT 123","BANCROFT WY",0,,Y,2006-06-26,103,2006-02-14,1118,92,32,5,6,0,0,,0,015,-,Y,ALA,4,123,-,-,2.82,H,-,S,N,2,D,-,0,,N,A,H,-,A,A,0,Y,-,-,1,0,0,0,0,0,1,0,0,-,-,BERKELEY,ALAMEDA,CA,0,0
2529634,-122.286693152,37.851725003,2006,0103,0,6,3,17,0,1,A,,Y,,,,1800,2,E,I,A,"SAN PABLO AV","MURRAY ST",43,S,N,2006-07-07,103,2006-02-11,1606,39,20,5,6,0,0,,0,015,-,Y,ALA,4,123,-,-,1.88,H,-,S,N,2,A,-,22517,,N,A,H,-,A,D,0,Y,A,01,0,1,0,0,0,0,1,0,0,-,-,BERKELEY,ALAMEDA,CA,0,0
2529638,-122.267693151,37.865776062,2006,0103,0,6,4,09,0,1,A,,,,,,1500,2,D,C,A,"SHATTUCK AV","CHANNING WY",0,,Y,2006-06-20,103,2006-02-11,1435,155,29,5,6,0,0,,0,005,-,N,,0,0,,,0,,,,Y,2,A,-,21801,A,N,A,H,-,A,A,0,Y,A,01,0,0,1,0,0,0,0,0,0,-,-,BERKELEY,ALAMEDA,CA,0,0
2529641,-122.287212655,37.852037858,2006,0103,0,4,4,-,0,2,A,,,,,,1500,2,C,C,A,"RT 13","RT 123",210,W,N,2006-06-26,103,2006-02-16,1311,39,20,5,6,0,0,,0,013,-,Y,ALA,4,13,-,-,13.22,H,-,N,N,2,-,-,0,,F,A,H,-,A,A,0,Y,-,-,0,0,2,0,0,0,0,0,0,-,-,BERKELEY,ALAMEDA,CA,0,0
2529642,-122.279778352,37.8707427979,2006,0103,0,6,4,03,0,1,A,,,,,,1200,2,C,C,A,"UNIVERSITY AV","CALIFORNIA ST",16,E,N,2006-06-20,103,2006-02-11,1145,70,23,5,6,0,0,,0,003,-,N,,0,0,,,0,,,,N,2,A,-,22350,,F,A,H,-,A,A,0,Y,-,-,0,0,1,0,0,0,0,0,0,-,-,BERKELEY,ALAMEDA,CA,0,0
2529645,-122.248959184,37.8535957336,2006,0103,0,4,3,11,0,1,A,Y,,,,,2400,2,A,B,D,"CLAREMONT AV","HILLCREST AV",55,N,N,2006-06-17,103,2006-02-16,2135,75,30,5,6,0,0,,0,008,-,N,,0,0,,,0,,,,N,2,A,-,21954,A,N,A,H,-,C,D,0,Y,N,60,0,1,0,0,1,0,0,0,0,-,-,BERKELEY,ALAMEDA,CA,0,0
2529649,-122.277883151,37.8478660583,2006,0103,0,4,3,09,0,3,A,,,,,,900,2,A,C,A,"SACRAMENTO ST","ALCATRAZ AV",0,,Y,2006-06-17,103,2006-02-16,850,6,40,5,6,0,0,,0,012,-,N,,0,0,,,0,,,,Y,2,A,-,21801,A,N,A,H,-,A,A,0,Y,A,07,0,2,1,0,0,0,0,0,0,-,-,BERKELEY,ALAMEDA,CA,0,0
2529650,-122.293213156,37.8753166199,2006,0103,0,4,4,09,0,1,A,,Y,,,,2100,2,D,G,A,"CEDAR ST","KAINS AV",0,,Y,2006-06-20,103,2006-02-09,1810,140,19,5,6,0,0,,0,018,-,N,,0,0,,,0,,,,N,2,A,-,21801,A,N,A,H,-,B,D,0,Y,A,,0,0,1,0,0,0,1,0,0,-,-,BERKELEY,ALAMEDA,CA,0,0
2529658,-122.282083154,37.8704452515,2006,0103,0,6,4,09,0,2,A,,,,,,1200,2,A,C,A,"UNIVERSITY AV","SACRAMENTO ST",0,,Y,2006-06-20,103,2006-02-11,935,111,23,5,6,0,0,,0,003,-,N,,0,0,,,0,,,,Y,2,A,-,21801,A,N,A,H,-,A,A,0,Y,A,01,0,0,2,0,0,0,0,0,0,-,-,BERKELEY,ALAMEDA,CA,0,0
2529661,-122.293303156,37.8756065369,2006,0103,0,3,3,09,0,1,A,,,,,,1500,2,A,C,A,"HOPKINS ST","KAINS AV",0,,Y,2006-06-17,103,2006-02-15,1330,83,L9,5,6,0,0,,0,0L7,-,N,,0,0,,,0,,,,Y,2,A,-,21801,A,N,A,H,-,A,D,0,Y,A,01,0,1,0,0,0,0,0,0,0,-,-,BERKELEY,ALAMEDA,CA,0,0
2529662,-122.272903153,37.8706054688,2006,0103,0,4,3,05,0,1,A,,Y,,,,1800,2,D,G,A,"M L KING JR WY","ADDISON ST",0,,Y,2006-06-07,103,2006-02-09,1714,143,30,5,6,0,0,,0,003,-,N,,0,0,,,0,,,,N,2,A,-,21650,1,N,A,H,-,A,D,0,Y,L,04,0,1,0,0,0,0,1,0,0,-,-,BERKELEY,ALAMEDA,CA,0,0
2529666,-122.270871741,37.8505973816,2006,0103,0,4,4,03,0,1,A,,,,,,1800,2,C,C,A,"ADELINE ST","FAIRVIEW ST",21,S,N,2006-06-07,103,2006-02-09,1704,151,39,5,6,0,0,,0,010,-,N,,0,0,,,0,,,,N,2,A,-,22350,,N,A,H,-,B,A,0,Y,A,,0,0,1,0,0,0,0,0,0,-,-,BERKELEY,ALAMEDA,CA,0,0
2529673,-122.271611232,37.8588294983,2006,0103,0,3,3,08,0,1,A,,Y,,,,1500,2,D,G,A,"MARTIN LUTHER KING JR WY","WARD ST",9,S,N,2006-06-17,103,2006-02-15,1347,6,35,5,6,0,0,,0,010,-,N,,0,0,,,0,,,,N,2,A,-,22100,B,N,A,H,-,A,D,0,Y,L,04,0,1,0,0,0,0,1,0,0,-,-,BERKELEY,ALAMEDA,CA,0,0
2529692,-122.273123153,37.8724632263,2006,0103,0,2,4,09,0,1,A,,,,,,2100,2,D,C,A,"MARTIN LUTHER KING JR WY","BERKELEY WY",0,,Y,2006-06-17,103,2006-02-21,1823,123,23,5,6,0,0,,0,003,-,N,,0,0,,,0,,,,Y,2,A,-,21800,A,N,A,H,-,C,D,0,Y,A,01,0,0,1,0,0,0,0,0,0,-,-,BERKELEY,ALAMEDA,CA,0,0
2529696,-122.284074368,37.843933855,2006,0103,0,2,4,03,0,2,A,,,,,Y,2100,2,C,C,A,"RT 123","UNIVERSITY AV",50,S,N,2006-06-26,103,2006-02-21,2057,72,31,5,6,0,0,,0,014,-,Y,ALA,4,123,-,-,1.34,H,-,N,N,3,A,-,22350,,N,A,H,-,C,A,0,Y,A,01,0,0,2,0,0,0,0,0,0,-,-,BERKELEY,ALAMEDA,CA,0,0
2529700,-122.276255098,37.8873710632,2006,0103,0,2,3,11,0,1,A,Y,,,,,1800,2,G,B,E,"THE ALAMEDA","MONTEREY AV",250,S,N,2006-06-14,103,2006-02-21,1725,4,13,5,6,0,0,,0,001,-,N,,0,0,,,0,,,,N,2,A,-,21956,,F,A,H,-,A,A,0,Y,N,60,0,1,0,0,1,0,0,0,0,-,-,BERKELEY,ALAMEDA,CA,0,0
2529720,-122.277883151,37.8478660583,2006,0103,0,2,4,-,0,1,A,Y,,,,,1500,2,C,C,B,"SACRAMENTO ST","ALCATRAZ AV",0,,Y,2006-07-14,103,2006-02-21,1343,6,40,5,6,0,0,,0,011,-,N,,0,0,,,0,,,,Y,3,A,-,0,,N,A,H,-,A,A,0,Y,A,01,0,0,1,0,0,0,0,0,0,-,-,BERKELEY,ALAMEDA,CA,0,0
2529724,-122.240784064,37.856408569,2006,0103,0,1,3,06,0,1,A,,Y,,,,1800,2,-,-,A,"TUNNEL RD","CLAREMONT HOTEL ENT",12,W,N,2006-07-28,103,2006-02-20,1540,45,38,5,6,0,0,,0,008,-,Y,ALA,4,13,-,-,10.57,H,-,N,N,2,A,-,21754,,N,A,H,-,A,A,0,Y,L,04,0,1,0,0,0,0,1,0,0,-,-,BERKELEY,ALAMEDA,CA,0,0
2529728,-122.271273153,37.8762550354,2006,0103,0,2,2,09,0,1,A,,Y,,,,900,2,D,G,A,"MILVIA ST","VIRGINIA ST",0,,Y,2006-06-14,103,2006-02-21,831,6,24,5,6,0,0,,0,003,-,N,,0,0,,,0,,,,N,2,A,-,21802,A,N,A,H,-,A,A,0,Y,A,01,1,0,0,0,0,0,1,0,0,-,-,BERKELEY,ALAMEDA,CA,0,0
2529732,0,0,2006,0103,0,1,4,01,0,5,A,,,,,Y,1500,2,D,C,A,"ADELLE ST","ALCATRAZ AV",0,,Y,2006-06-17,103,2006-02-20,1440,102,39,5,6,0,0,,0,010,-,N,,0,0,,,0,,,,Y,4,A,-,23153,A,F,A,H,-,A,A,0,Y,D,,0,0,5,0,0,0,0,0,0,-,-,BERKELEY,ALAMEDA,CA,0,0
2529736,-122.255636637,37.856702011,2006,0103,0,2,4,03,0,1,A,,,,,,900,2,C,C,A,"RT 13","REGENT ST",0,,Y,2006-06-26,103,2006-02-21,710,9,36,5,6,0,0,,0,009,-,Y,ALA,4,13,-,-,11.44,H,-,N,Y,2,A,-,22350,,N,A,H,-,A,D,0,Y,A,01,0,0,1,0,0,0,0,0,0,-,-,BERKELEY,ALAMEDA,CA,0,0
2529752,-122.257122121,37.8633995056,2006,0103,0,7,3,01,0,1,B,,Y,,,Y,1200,2,H,G,A,"PARKER ST","REGENT ST",157,E,N,2006-06-13,103,2006-02-19,1142,23,36,5,6,0,0,,0,007,-,N,,0,0,,,0,,,,N,2,A,-,21200,5,N,A,H,-,A,D,0,Y,L,04,0,1,0,0,0,0,1,0,0,-,-,BERKELEY,ALAMEDA,CA,0,0
2529760,-122.265813152,37.8696556091,2006,0103,0,6,3,03,0,1,A,Y,,,,,2100,2,G,B,B,"OXFORD ST","ALLSTON WY",0,,Y,2006-06-17,103,2006-02-18,1924,84,29,5,6,0,0,,0,004,-,N,,0,0,,,0,,,,N,2,A,-,22350,,N,A,H,-,C,D,0,Y,-,-,0,1,0,0,1,0,0,0,0,-,-,BERKELEY,ALAMEDA,CA,0,0
2532494,-122.299204494,37.849485399,2006,0103,1,5,3,07,0,2,B,,,Y,,,2100,1,B,C,A,"RT 80","ASHBY AV E",200,E,N,2006-06-05,9370,2006-01-27,1858,01737,,2,6,0,1,,2,081,-,Y,ALA,4,80,-,-,4.62,H,-,W,Y,2,A,-,21658,A,N,A,H,-,D,D,6,Y,A,01,0,1,1,0,0,0,0,0,1,-,-,BERKELEY,ALAMEDA,CA,0,0
2532513,-122.308079275,37.880862601,2006,0103,1,7,4,03,0,1,B,,,Y,,,1800,1,C,C,A,"RT 80","GILMAN ST",200,E,N,2006-06-06,9370,2006-01-29,1601,17424,,2,6,0,1,,2,081,-,Y,ALA,4,80,-,-,6.775,R,1,W,N,2,A,-,22350,,N,A,H,-,A,D,6,Y,C,02,0,0,1,0,0,0,0,0,0,-,-,BERKELEY,ALAMEDA,CA,0,0
2532538,-122.307185609,37.877122633,2006,0103,1,5,4,03,0,1,C,,,,,,300,1,D,C,A,"RT 80","GILMAN ST",150,W,N,2006-06-05,9370,2006-01-13,152,01777,,3,6,0,1,,2,081,-,Y,ALA,4,80,-,-,6.59,H,-,W,Y,2,A,-,22350,,N,B,C,-,D,D,6,Y,A,08,0,0,1,0,0,0,0,0,0,-,-,BERKELEY,ALAMEDA,CA,0,0
2532656,-122.299933155,37.852475002,2006,0103,1,4,3,01,0,1,B,,,,,Y,300,1,E,I,A,"ASHBY AV","6TH ST",2640,W,N,2006-07-28,9370,2006-01-26,230,12446,,3,6,0,1,,2,081,-,Y,ALA,4,80,-,-,4.761,R,2,W,Y,1,A,-,23152,A,N,-,H,-,D,D,6,Y,A,01,0,1,0,0,0,0,0,0,0,-,-,BERKELEY,ALAMEDA,CA,0,0
2532689,-122.307717089,37.879136175,2006,0103,1,4,3,07,0,1,A,,,,,,1200,1,B,C,A,"RT 80","GILMAN ST",10,E,N,2006-06-02,9370,2006-01-19,925,01097,,1,6,0,1,,2,005,-,Y,ALA,4,80,-,-,6.69,H,-,W,Y,3,A,-,21658,A,N,A,H,-,A,D,6,Y,A,01,0,1,0,0,0,0,0,0,0,-,-,BERKELEY,ALAMEDA,CA,0,0
2549124,-122.266277502,37.8532180786,2006,0103,0,5,3,17,0,1,A,,Y,,,,600,2,G,G,A,"SHATTUCK AV","PRINCE ST",42,N,N,2006-06-09,103,2006-02-24,353,151,,5,6,0,0,,0,010,-,N,,0,0,,,0,,,,N,2,A,-,22517,,N,A,H,-,C,A,0,Y,A,01,0,1,0,0,0,0,1,0,0,-,-,BERKELEY,ALAMEDA,CA,0,0
2549140,-122.305086067,37.868309021,2006,0103,0,6,4,05,0,2,B,,,,,,2100,2,A,C,A,"WEST FRONTAGE RD","UNIVERSITY AV",740,N,N,2006-06-08,103,2006-02-25,2032,126,20,5,6,0,0,,0,016,-,N,,0,0,,,0,,,,N,2,A,-,21460,A,N,A,H,-,D,A,0,Y,D,,0,0,2,0,0,0,0,0,0,-,-,BERKELEY,ALAMEDA,CA,0,0
2549148,-122.289593155,37.8694839478,2006,0103,0,7,2,03,0,1,C,Y,,,,,1500,2,G,B,B,"UNIVERSITY AV","CURTIS ST",0,,-,2006-06-08,103,2006-02-26,1316,77,22,5,6,0,0,,0,018,-,N,,0,0,,,0,,,,N,2,A,-,22350,,N,B,H,-,A,D,0,Y,D,22,1,0,0,0,1,0,0,0,0,-,-,BERKELEY,ALAMEDA,CA,0,0
2549152,-122.290923156,37.8766059875,2006,0103,0,7,3,10,0,1,C,Y,,,,,2100,2,G,B,B,"ROSE ST","CURTIS ST",0,,Y,2006-06-08,103,2006-02-26,1909,127,,5,6,0,0,,0,018,-,N,,0,0,,,0,,,,N,2,A,-,21950,A,F,B,H,-,C,D,0,Y,-,99,0,1,0,0,1,0,0,0,0,-,-,BERKELEY,ALAMEDA,CA,0,0
2549156,-122.267247991,37.855194686,2006,0103,0,7,4,03,0,1,C,,,,,,2100,2,D,C,A,"RT 13","SHATTUCK AV",0,,Y,2006-07-27,103,2006-02-26,1938,43,39,5,6,0,0,,0,010,-,Y,ALA,4,13,-,-,12.058,I,5,S,N,2,A,-,22350,,M,B,H,-,D,A,0,Y,A,01,0,0,1,0,0,0,0,0,0,-,-,BERKELEY,ALAMEDA,CA,0,0
2549168,-122.269915005,37.8814086914,2006,0103,0,1,2,06,0,1,B,Y,,,,,1200,2,D,B,C,"SHATTUCK CRESCENT","ROSE ST",245,S,N,2006-06-08,103,2006-02-27,921,143,17,5,6,0,0,,0,001,-,N,,0,0,,,0,,,,N,2,A,-,21951,,N,B,H,-,A,D,0,Y,D,22,1,0,0,0,1,0,0,0,0,-,-,BERKELEY,ALAMEDA,CA,0,0
2549172,-122.294276127,37.875255732,2006,0103,0,1,4,09,0,1,C,,,,,,1800,2,A,C,A,"RT 123","CEDAR ST",0,,Y,2006-06-15,103,2006-02-27,1541,77,21,5,6,0,0,,0,017,-,Y,ALA,4,123,-,-,3.6,I,5,S,Y,2,A,-,21801,A,N,B,H,-,A,A,0,Y,A,01,0,0,1,0,0,0,0,0,0,-,-,BERKELEY,ALAMEDA,CA,0,0
2549175,-122.267162899,37.8604164124,2006,0103,0,4,4,03,0,1,A,,,,,,2100,2,C,C,A,"SHATTUCK AV","DERBY ST",30,N,N,2006-06-08,103,2006-02-23,1832,141,35,5,6,0,0,,0,005,-,N,,0,0,,,0,,,,N,3,A,-,22350,,F,A,H,-,B,A,0,Y,A,01,0,0,1,0,0,0,0,0,0,-,-,BERKELEY,ALAMEDA,CA,0,0
2549179,-122.28655817,37.8792266846,2006,0103,0,4,3,01,0,1,A,,,,,Y,300,2,-,E,A,"HOPKINS ST","ORDWAY ST",308,E,N,2006-06-08,103,2006-02-23,207,107,19,5,6,0,0,,0,018,-,N,,0,0,,,0,,,,Y,3,A,-,23152,,N,A,H,-,C,D,0,Y,A,01,0,1,0,0,0,0,0,0,0,-,-,BERKELEY,ALAMEDA,CA,0,0
2549180,-122.25864315,37.8660163879,2006,0103,0,1,4,12,0,1,C,,,,,,2400,2,D,C,A,"TELEGRAPH AV","HASTE ST",0,,Y,2006-06-08,103,2006-02-27,2142,86,28,5,6,0,0,,0,006,-,N,,0,0,,,0,,,,Y,2,A,-,21453,A,N,B,H,-,D,A,0,Y,A,01,0,0,1,0,0,0,0,0,0,-,-,BERKELEY,ALAMEDA,CA,0,0
2549195,-122.269193153,37.8784065247,2006,0103,0,5,3,09,0,1,B,,,Y,,,2100,2,-,C,A,"SHATTUCK AV","CEDAR ST",0,,Y,2006-06-08,103,2006-02-24,1811,126,24,5,6,0,0,,0,003,-,N,,0,0,,,0,,,,Y,2,A,-,21801,A,N,A,H,-,B,A,0,Y,A,,0,1,0,0,0,0,0,0,1,-,-,BERKELEY,ALAMEDA,CA,0,0
2549200,-122.27183315,37.8474960327,2006,0103,0,2,4,07,0,1,B,,,,,,1200,2,B,C,A,"ADELINE ST","MARTIN LUTHER KING JR WY",0,,Y,2006-06-09,103,2006-02-28,934,92,39,5,6,0,0,,0,010,-,N,,0,0,,,0,,,,N,2,A,-,21658,A,N,B,H,-,A,A,0,Y,-,-,0,0,1,0,0,0,0,0,0,-,-,BERKELEY,ALAMEDA,CA,0,0
2549209,-122.251343149,37.8659248352,2006,0103,0,3,3,09,0,1,A,,,Y,,,1200,3,D,D,A,"WARRING ST","DWIGHT WY",0,,Y,2006-06-22,103,2006-03-01,904,143,27,5,6,0,0,,0,007,-,N,,0,0,,,0,,,,N,2,A,-,21802,A,N,-,H,-,A,A,0,Y,A,01,0,1,0,0,0,0,0,0,1,-,-,BERKELEY,ALAMEDA,CA,0,0
2549213,-122.271993152,37.8624649048,2006,0103,0,3,4,09,0,3,A,,,,,,2100,3,D,C,A,"MARTIN LUTHER KING JR WY","BLAKE ST",0,,Y,2006-06-22,103,2006-03-01,1827,80,34,5,6,0,0,,0,005,-,N,,0,0,,,0,,,,Y,2,A,-,21802,A,N,A,H,-,C,A,0,Y,A,01,0,0,3,0,0,0,0,0,0,-,-,BERKELEY,ALAMEDA,CA,0,0
2559203,-122.274853155,37.8893165588,2006,0103,0,1,4,03,0,1,C,,,,,,1500,3,C,C,A,"MARIN AV","LASSEN ST",0,,Y,2006-07-18,103,2006-03-06,1430,12,14,5,6,0,0,,0,001,-,N,,0,0,,,0,,,,N,2,A,-,22350,,F,B,H,-,A,D,0,Y,D,,0,0,1,0,0,0,0,0,0,-,-,BERKELEY,ALAMEDA,CA,0,0
2559207,-122.25695315,37.8690032959,2006,0103,0,2,4,21,0,1,A,,,,,,1500,3,C,C,A,"BANCROFT WY","BOWDITCH ST",0,,Y,2006-06-30,103,2006-03-07,1420,38,28,5,6,0,0,,0,007,-,N,,0,0,,,0,,,,N,2,A,-,22106,,N,A,H,-,A,D,0,Y,A,01,0,0,1,0,0,0,0,0,0,-,-,BERKELEY,ALAMEDA,CA,0,0
2559210,-122.270452791,37.8688812256,2006,0103,0,4,3,17,0,1,B,,Y,,,,1800,3,B,G,A,"MILVIA ST","ALLSTON WY",71,S,N,2006-06-24,103,2006-03-02,1600,126,29,5,6,0,0,,0,004,-,N,,0,0,,,0,,,,N,2,A,-,22517,,N,A,H,-,A,A,0,Y,A,,0,1,0,0,0,0,1,0,0,-,-,BERKELEY,ALAMEDA,CA,0,0
2559250,-122.26829315,37.8574333191,2006,0103,0,6,4,10,0,1,A,Y,,,,,1800,3,A,B,B,"OREGON ST","ADELINE ST",0,,Y,2006-06-30,103,2006-03-04,1636,8,35,5,6,0,0,,0,010,-,N,,0,0,,,0,,,,N,2,A,-,21950,A,N,A,H,-,A,A,0,Y,A,07,0,0,1,0,1,0,0,0,0,-,-,BERKELEY,ALAMEDA,CA,0,0
2559254,-122.265939121,37.8702888489,2006,0103,0,7,3,09,0,1,A,Y,,,,,1800,3,B,B,-,"OXFORD ST","CENTER ST",102,S,N,2006-07-18,103,2006-03-05,1500,75,29,5,6,0,0,,0,004,-,N,,0,0,,,0,,,,N,2,A,-,21804,,N,B,H,-,A,D,0,Y,A,01,0,1,0,0,1,0,0,0,0,-,-,BERKELEY,ALAMEDA,CA,0,0
2559258,-122.300564407,37.8776550293,2006,0103,0,1,4,09,0,1,B,,,,,,1800,3,B,C,A,"CAMELIA ST","6TH ST",77,E,N,2006-06-30,103,2006-03-06,1730,72,20,5,6,0,0,,0,017,-,N,,0,0,,,0,,,,Y,2,A,-,21804,A,N,B,H,-,B,D,0,Y,A,01,0,0,1,0,0,0,0,0,0,-,-,BERKELEY,ALAMEDA,CA,0,0
2559270,-122.301383158,37.8793754578,2006,0103,0,2,4,12,0,1,B,,,,,,1200,3,A,C,A,"GILMAN ST","6TH ST",0,,Y,2006-06-30,103,2006-03-07,1011,143,20,5,6,0,0,,0,017,-,N,,0,0,,,0,,,,Y,3,A,-,21453,A,N,A,H,-,A,A,0,Y,-,-,0,0,1,0,0,0,0,0,0,-,-,BERKELEY,ALAMEDA,CA,0,0
2559278,-122.266578554,37.8695716858,2006,0103,0,2,3,17,0,1,A,,Y,,,,1500,3,H,G,A,"ALLSTON WY","OXFORD ST",223,W,N,2006-06-30,103,2006-03-07,1204,92,29,5,6,0,0,,0,004,-,N,,0,0,,,0,,,,N,2,A,-,22517,,N,A,H,-,A,A,0,Y,-,-,0,1,0,0,0,0,1,0,0,-,-,BERKELEY,ALAMEDA,CA,0,0
2567623,-122.307556879,37.879430162,2006,0103,1,1,3,03,0,2,C,Y,,,,,600,2,C,C,E,"RT 80","GILMAN ST",130,E,N,2006-06-20,9370,2006-02-27,511,01769,,3,6,0,1,,2,081,-,Y,ALA,4,80,-,-,6.7,H,-,E,Y,3,A,-,22350,,N,B,H,-,C,D,6,Y,A,07,0,1,1,0,1,0,0,0,0,-,-,BERKELEY,ALAMEDA,CA,0,0