CASEID,POINT_X,POINT_Y,YEAR_,LOCATION,CHPTYPE,DAYWEEK,CRASHSEV,VIOLCAT,KILLED,INJURED,WEATHER1,PEDCOL,BICCOL,MCCOL,TRUCKCOL,ETOH,TIMECAT,MONTH_,CRASHTYP,INVOLVE,PED,PRIMARYRD,SECONDRD,DISTANCE,DIRECT,INTERSECT_,PROCDATE,JURIS,DATE_,TIME_,BADGE,JURIDIST,SHIFT,POP,SPECIAL,BEATTYPE,LAPDDIV,BEATCLAS,BEATNUMB,WEATHER2,STATEHW,CALTRANC,CALTRAND,STROUTE,ROUTESUF,POSTPRE,POSTMILE,LOCATYPE,RAMP,SIDEHW,TOWAWAY,PARTIES,PCF,VIOLCODE,VIOL,VIOLSUB,HITRUN,ROADSURF,RDCOND1,RDCOND2,LIGHTING,RIGHTWAY,CHPRDTYP,NOTPRIV,STFAULT,CHPFAULT,SEVINJ,OTHERINJ,COP,PEDKILL,PEDINJ,BICKILL,BICINJ,MCKILL,MCINJURE,RAMP1,RAMP2,CITY,COUNTY,STATE,X_CHP,Y_CHP
2803868,-122.279373771,37.853257629,2006,0103,0,2,4,09,0,3,A,,,,,,900,8,A,C,A,"SACRAMENTO ST","RT 13",0,,Y,2006-12-22,103,2006-08-22,805,131,C40,5,6,0,0,,0,B12,-,Y,ALA,4,13,-,-,12.76,I,5,S,Y,2,A,-,21801,A,N,A,H,-,A,A,0,Y,D,22,0,0,3,0,0,0,0,0,0,-,-,BERKELEY,ALAMEDA,CA,0,0
2803872,-122.25656342,37.856595892,2006,0103,0,2,4,10,0,1,A,Y,,,,,1200,8,G,B,B,"RT 13","REGENT ST",5,E,N,2006-12-22,103,2006-08-22,1012,102,36,5,6,0,0,,0,009,-,Y,ALA,4,13,-,-,11.45,I,5,S,N,2,A,-,21950,A,N,A,H,-,A,A,0,Y,A,01,0,0,1,0,1,0,0,0,0,-,-,BERKELEY,ALAMEDA,CA,0,0
2803876,-122.303771992,37.8684,2006,0103,0,2,4,09,0,1,A,,,,,,1200,8,D,C,A,"EASTSHORE HWY","HEARST AV",15,N,N,2007-01-08,103,2006-08-22,1159,107,20,5,6,0,0,,0,016,-,Y,ALA,4,80,-,-,5.81,R,4,E,Y,2,A,-,21801,A,N,A,H,-,A,A,0,Y,-,-,0,0,1,0,0,0,0,0,0,-,-,BERKELEY,ALAMEDA,CA,0,0
2803880,-122.287583155,37.8697433472,2006,0103,0,2,4,00,0,1,A,,,,Y,,1500,8,B,C,A,"UNIVERSITY AV","BONAR ST",0,,Y,2006-12-14,103,2006-08-22,1427,131,C31,5,6,0,0,,0,B14,-,N,,0,0,,,0,,,,N,2,D,-,0,,N,A,E,-,A,A,0,Y,-,-,0,0,1,0,0,0,0,0,0,-,-,BERKELEY,ALAMEDA,CA,0,0
2803884,-122.269414081,37.8596954346,2006,0103,0,2,3,03,0,1,A,,Y,,,,2100,8,H,-,A,"MILVIA ST","DERBY ST",120,S,N,2006-12-14,103,2006-08-22,1923,149,C35,5,6,0,0,,0,010,-,N,,0,0,,,0,,,,N,1,A,-,22350,,N,A,H,-,A,D,0,Y,L,,0,1,0,0,0,0,1,0,0,-,-,BERKELEY,ALAMEDA,CA,0,0
2803900,-122.266993374,37.9017944336,2006,0103,0,3,3,09,0,1,A,,Y,,,,1200,8,A,G,A,"GRIZZLY PEAK BL","EUCLID AV",66,S,N,2006-12-14,103,2006-08-23,1051,32,11,5,6,0,0,,0,001,-,N,,0,0,,,0,,,,N,2,A,-,21801,A,N,A,H,-,A,D,0,Y,A,01,0,1,0,0,0,0,1,0,0,-,-,BERKELEY,ALAMEDA,CA,0,0
2803904,-122.26673315,37.8567352295,2006,0103,0,3,4,08,0,1,A,,Y,,,,1500,8,D,G,A,"SHATTUCK AV","RUSSELL ST",0,,Y,2006-12-14,103,2006-08-23,1304,140,32,5,6,0,0,,0,010,-,N,,0,0,,,0,,,,N,2,A,-,22107,,N,A,H,-,A,D,0,Y,D,22,0,0,1,0,0,0,1,0,0,-,-,BERKELEY,ALAMEDA,CA,0,0
2803911,-122.271703151,37.8597640991,2006,0103,0,4,3,12,0,1,A,,Y,,,,1200,8,D,G,A,"DERBY ST","MARTIN LUTHER KING JR WY",0,,Y,2006-12-14,103,2006-08-31,911,7,35,5,6,0,0,,0,010,-,N,,0,0,,,0,,,,N,2,A,-,21453,A,N,A,H,-,A,A,0,Y,L,04,0,1,0,0,0,0,1,0,0,-,-,BERKELEY,ALAMEDA,CA,0,0
2803912,-122.265200378,37.8642578125,2006,0103,0,3,4,08,0,1,A,,Y,,,,2100,8,B,G,A,"DWIGHT WY","FULTON ST",30,E,N,2006-12-14,103,2006-08-23,1817,131,C29,5,6,0,0,,0,0B5,-,N,,0,0,,,0,,,,N,2,A,-,22107,,N,A,H,-,A,A,0,Y,A,01,0,0,1,0,0,0,1,0,0,-,-,BERKELEY,ALAMEDA,CA,0,0
2803916,-122.251902473,37.857289956,2006,0103,0,3,4,09,0,1,A,,,,,,2400,8,D,C,A,"ASHBY AV","COLLEGE AV",0,,Y,2006-12-22,103,2006-08-23,2150,135,39,5,6,0,0,,0,009,-,Y,ALA,4,13,-,-,11.23,I,5,N,Y,2,A,-,21801,,N,A,H,-,C,-,0,Y,A,01,0,0,1,0,0,0,0,0,0,-,-,BERKELEY,ALAMEDA,CA,0,0
2803919,-122.303502734,37.866212531,2006,0103,0,4,4,09,0,2,A,,,,,,1800,8,D,C,A,"HEARST AV","RT 80",9,N,-,2006-12-26,103,2006-08-31,1515,155,20,5,6,0,0,,0,016,-,Y,ALA,4,80,-,-,5.818,R,4,E,Y,2,A,-,21802,A,N,A,H,-,A,D,0,Y,A,01,0,0,2,0,0,0,0,0,0,-,N,BERKELEY,ALAMEDA,CA,0,0
2803925,-122.287344077,37.853770403,2006,0103,0,5,3,10,0,1,A,Y,,,,,1800,8,G,B,-,"RT 123","RUSSELL ST",22,N,N,2006-12-22,103,2006-08-25,1544,108,20,5,6,0,0,,0,015,-,Y,ALA,4,123,-,-,2.03,H,-,S,N,2,A,-,21950,A,N,A,H,-,A,D,0,Y,A,01,0,1,0,0,1,0,0,0,0,-,-,BERKELEY,ALAMEDA,CA,0,0
2803928,-122.253913149,37.8657264709,2006,0103,0,5,3,09,0,1,A,,Y,,,,1500,8,D,G,A,"COLLEGE AV","DWIGHT WY",0,,Y,2006-12-14,103,2006-08-11,1427,126,27,5,6,0,0,,0,007,-,N,,0,0,,,0,,,,N,2,A,-,21804,A,N,A,A,H,A,A,0,Y,L,,0,1,0,0,0,0,1,0,0,-,-,BERKELEY,ALAMEDA,CA,0,0
2803929,-122.277209555,37.853513132,2006,0103,0,5,4,03,0,1,A,,,,,,1800,8,C,C,A,"RT 13","CALIFORNIA ST",15,W,N,2006-12-26,103,2006-08-25,1622,114,34,5,6,0,0,,0,012,-,Y,ALA,4,13,-,-,12.65,H,-,N,N,3,A,-,22350,,N,A,H,-,A,D,0,Y,A,01,0,0,1,0,0,0,0,0,0,-,-,BERKELEY,ALAMEDA,CA,0,0
2803936,-122.280932656,37.8613891602,2006,0103,0,5,3,01,0,1,B,,,,,Y,2400,8,E,I,A,"SACRAMENTO ST","BLAKE ST",26,N,N,2006-12-14,103,2006-08-11,2219,50,34,5,6,0,0,,0,005,-,N,,0,0,,,0,,,,N,1,A,-,23152,A,N,A,E,-,C,A,0,Y,A,01,0,1,0,0,0,0,0,0,0,-,-,BERKELEY,ALAMEDA,CA,0,0
2803940,-122.292260157,37.869556013,2006,0103,0,6,4,03,0,3,A,,,,,,1800,8,C,C,A,"SAN PABLO AV","UNIVERSITY AV",138,S,-,2006-12-26,103,2006-08-12,1504,10,0103,5,6,0,0,,0,014,-,Y,ALA,4,123,-,-,3.18,H,-,N,N,3,A,-,22350,,N,A,H,-,A,A,0,Y,A,07,0,0,3,0,0,0,0,0,0,-,-,BERKELEY,ALAMEDA,CA,0,0
2803942,-122.281991461,37.86951828,2006,0103,0,3,4,00,0,1,A,,Y,,,,900,8,B,G,A,"SACRAMENTO ST","ADDISON ST",30,N,N,2007-01-02,103,2006-08-30,750,159,31,5,6,0,0,,0,014,-,N,,0,0,,,0,,,,N,2,D,-,0,,F,A,H,-,A,D,0,Y,-,-,0,0,1,0,0,0,1,0,0,-,-,BERKELEY,ALAMEDA,CA,0,0
2803943,-122.25245962,37.8509712219,2006,0103,0,5,4,17,0,1,B,,Y,,,,1200,8,G,E,A,"COLLEGE AV","ALCATRAZ AV",103,S,N,2007-01-02,103,2006-08-18,906,20,38,5,6,0,0,,0,008,-,N,,0,0,,,0,,,,N,2,A,-,22517,,N,A,H,-,A,D,0,Y,A,01,0,0,1,0,0,0,1,0,0,-,-,BERKELEY,ALAMEDA,CA,0,0
2803947,-122.270830452,37.8719100952,2006,0103,0,5,4,10,0,1,A,Y,,,,,1500,8,G,B,B,"UNIVERSITY AV","MILVIA ST",8,W,N,2006-12-15,103,2006-08-18,1310,33,24,5,6,0,0,,0,003,-,N,,0,0,,,0,,,,N,2,A,-,21950,A,N,A,H,-,A,A,0,Y,A,01,0,0,1,0,1,0,0,0,0,-,-,BERKELEY,ALAMEDA,CA,0,0
2803950,-122.286394334,37.85128721,2006,0103,0,3,4,09,0,1,A,,,,,,1800,8,D,C,A,"RT 123","FOLGER ST",0,,Y,2006-12-22,103,2006-08-30,1611,6,20,5,6,0,0,,0,013,-,Y,ALA,4,123,-,-,1.85,I,5,N,N,2,A,-,21801,A,N,A,H,-,A,D,0,Y,A,01,0,0,1,0,0,0,0,0,0,-,-,BERKELEY,ALAMEDA,CA,0,0
2803952,-122.293524496,37.873397022,2006,0103,0,1,4,03,0,2,A,,,,,,1500,8,C,C,A,"RT 123","VIRGINIA ST",77,S,N,2007-01-04,103,2006-08-14,1220,159,22,5,6,0,0,,0,018,-,Y,ALA,4,123,-,-,3.46,H,-,N,N,2,A,-,22350,,N,A,H,-,A,D,0,Y,D,22,0,0,2,0,0,0,0,0,0,-,-,BERKELEY,ALAMEDA,CA,0,0
2803955,-122.267803151,37.8666763306,2006,0103,0,5,3,08,0,1,A,,Y,,,,2100,8,H,G,A,"SHATTUCK AV","DURANT AV",0,,Y,2006-12-15,103,2006-08-18,1839,77,30,5,6,0,0,,0,005,-,N,,0,0,,,0,,,,N,2,A,-,22107,,N,A,H,-,A,A,0,Y,A,01,0,1,0,0,0,0,1,0,0,-,-,BERKELEY,ALAMEDA,CA,0,0
2803957,-122.28167696,37.853142538,2006,0103,0,6,3,09,0,4,A,,,,,Y,1500,8,D,C,A,"RT 13","ACTON ST",0,,Y,2006-12-26,103,2006-08-26,1358,126,33,5,6,0,0,,0,013,-,Y,ALA,4,13,-,-,12.89,I,5,S,Y,2,A,-,21802,A,N,A,H,-,A,A,0,Y,A,,0,1,3,0,0,0,0,0,0,-,-,BERKELEY,ALAMEDA,CA,0,0
2803958,-122.250747646,37.8864440918,2006,0103,0,3,3,08,0,1,A,,,,,,1800,8,F,I,A,"GRIZZLY PEAK BL","ARCADE AV",299,S,N,2006-12-15,103,2006-08-30,1654,4,16,5,6,0,0,,0,002,-,N,,0,0,,,0,,,,Y,1,A,-,22107,,N,A,H,-,A,A,0,Y,A,01,0,1,0,0,0,0,0,0,0,-,-,BERKELEY,ALAMEDA,CA,0,0
2803960,0,0,2006,0103,0,1,4,09,0,2,A,,,,,,1500,8,B,C,A,"OREGON ST","MATTHEW ST",0,,Y,2006-12-14,103,2006-08-14,1306,10,33,5,6,0,0,,0,013,-,N,,0,0,,,0,,,,N,2,A,-,21802,A,N,-,H,-,A,D,0,Y,A,,0,0,2,0,0,0,0,0,0,-,-,BERKELEY,ALAMEDA,CA,0,0
2803965,-122.277435861,37.85348386,2006,0103,0,6,3,08,0,2,A,,,Y,,,2100,8,D,C,A,"RT 13","CALIFORNIA ST",76,W,N,2006-12-26,103,2006-08-26,1803,160,34,5,6,0,0,,0,011,-,Y,ALA,4,13,-,-,12.65,H,-,S,Y,3,A,-,22103,,N,A,H,-,A,D,0,Y,A,01,0,2,0,0,0,0,0,0,2,-,-,BERKELEY,ALAMEDA,CA,0,0
2803966,-122.280639679,37.8604011536,2006,0103,0,2,4,03,0,1,F,,,,,Y,1200,8,C,C,A,"SACRAMENTO ST","PARKER ST",20,S,N,2006-12-15,103,2006-08-15,1135,131,C33,5,6,0,0,,0,0B5,-,N,,0,0,,,0,,,,N,2,A,-,22350,,F,-,-,-,A,D,0,Y,A,01,0,0,1,0,0,0,0,0,0,-,-,BERKELEY,ALAMEDA,CA,0,0
2803967,-122.251623149,37.8659057617,2006,0103,0,6,4,-,0,4,A,,,,,,2400,8,C,C,A,"PIEDMONT AV","DWIGHT WY",0,,Y,2006-12-15,103,2006-08-19,2347,143,27,5,6,0,0,,0,007,-,N,,0,0,,,0,,,,N,2,A,-,0,,N,A,H,-,C,A,0,Y,A,01,0,0,4,0,0,0,0,0,0,-,-,BERKELEY,ALAMEDA,CA,0,0
2803968,-122.271264861,37.854267616,2006,0103,0,1,3,09,0,1,A,,,Y,,,2100,8,D,C,A,"ASHBY AV","MARTIN LUTHER KING JR WY",0,,N,2006-12-27,103,2006-08-14,1904,4,35,5,6,0,0,,0,010,-,Y,ALA,4,13,-,-,12.32,I,5,N,Y,2,A,-,21801,A,N,A,H,-,A,A,0,Y,A,01,0,1,0,0,0,0,0,0,1,-,-,BERKELEY,ALAMEDA,CA,0,0
2803971,-122.25903315,37.8678665161,2006,0103,0,3,4,10,0,1,A,Y,,,,,1800,8,G,B,B,"TELEGRAPH AV","DURANT AV",0,,Y,2006-12-15,103,2006-08-09,1637,92,28,5,6,0,0,,0,007,-,N,,0,0,,,0,,,,N,2,A,-,21950,A,N,A,H,-,A,A,0,Y,-,-,0,0,1,0,1,0,0,0,0,-,-,BERKELEY,ALAMEDA,CA,0,0
2803972,-122.26093315,37.8657264709,2006,0103,0,1,4,08,0,1,A,,,,,,2100,8,D,C,A,"HASTE ST","DANA ST",0,,Y,2006-12-14,103,2006-08-14,1940,22,28,5,6,0,0,,0,006,-,N,,0,0,,,0,,,,N,2,A,-,22100,B,N,A,H,-,A,D,0,Y,-,,0,0,1,0,0,0,0,0,0,-,-,BERKELEY,ALAMEDA,CA,0,0
2803975,-122.27296765,37.871131897,2006,0103,0,3,4,09,0,1,A,,Y,,,,1800,8,B,G,A,"MARTIN LUTHER KING JR WY","ADDISON ST",193,N,N,2006-12-15,103,2006-08-09,1702,22,24,5,6,0,0,,0,004,-,N,,0,0,,,0,,,,N,2,A,-,21804,A,N,A,H,-,A,D,0,Y,L,,0,0,1,0,0,0,1,0,0,-,-,BERKELEY,ALAMEDA,CA,0,0
2803978,-122.254375475,37.856861908,2006,0103,0,2,4,03,0,1,B,,,,,,1800,8,C,C,A,"RT 13","HILLEGASS ST",0,,Y,2006-12-26,103,2006-08-15,1626,50,39,5,6,0,0,,0,009,-,Y,ALA,4,13,-,-,11.37,I,5,N,N,4,A,-,22350,,N,A,H,-,A,A,0,Y,A,08,0,0,1,0,0,0,0,0,0,-,-,BERKELEY,ALAMEDA,CA,0,0
2803980,-122.272423155,37.8888931274,2006,0103,0,5,4,03,0,1,A,,,,,,2100,8,C,C,A,SUTTER,"EL DORADO",18,N,N,2006-12-14,103,2006-08-04,1838,157,14,5,6,0,0,,0,001,-,N,,0,0,,,0,,,,Y,2,A,-,22350,,N,A,H,-,A,A,0,Y,A,01,0,0,1,0,0,0,0,0,0,-,-,BERKELEY,ALAMEDA,CA,0,0
2803982,-122.301433539,37.8793640137,2006,0103,0,2,4,06,0,1,A,,,,Y,,1800,8,B,C,A,"GILMAN ST","6TH ST",15,W,N,2007-01-02,103,2006-08-15,1626,107,20,5,6,0,0,,0,017,-,N,,0,0,,,0,,,,N,2,A,-,21755,,N,A,H,-,A,A,0,Y,A,01,0,0,1,0,0,0,0,0,0,-,-,BERKELEY,ALAMEDA,CA,0,0
2803983,-122.27085315,37.8506546021,2006,0103,0,4,4,03,0,1,A,Y,,,,,1200,8,D,C,B,"ADELINE ST","FAIRVIEW ST",0,,Y,2006-12-18,103,2006-08-10,925,104,39,5,6,0,0,,0,011,-,N,,0,0,,,0,,,,N,2,A,-,22350,,N,A,H,-,A,A,0,Y,A,01,0,0,1,0,1,0,0,0,0,-,-,BERKELEY,ALAMEDA,CA,0,0
2803984,-122.293702608,37.87394612,2006,0103,0,6,3,17,0,1,A,,Y,,,,1200,8,D,G,A,"RT 123",VIRGINIA,133,N,N,2006-12-22,103,2006-08-05,1158,145,22,5,6,0,0,,0,018,-,Y,ALA,4,123,-,-,3.5,H,-,N,N,2,A,-,22517,,N,A,H,-,A,D,0,Y,A,01,0,1,0,0,0,0,1,0,0,-,-,BERKELEY,ALAMEDA,CA,0,0
2803990,-122.281971831,37.8692550659,2006,0103,0,3,4,00,0,2,A,,,,,,1800,8,C,C,A,"SACRAMENTO ST","ADDISON ST",65,S,N,2006-12-15,103,2006-08-16,1623,127,31,5,6,0,0,,0,004,-,N,,0,0,,,0,,,,Y,2,D,-,0,,N,A,H,-,A,D,0,Y,-,-,0,0,2,0,0,0,0,0,0,-,-,BERKELEY,ALAMEDA,CA,0,0
2803995,-122.267792124,37.8665847778,2006,0103,0,4,4,03,0,1,A,,,,,,2400,8,C,C,A,"SHATTUCK AV","DURANT AV",33,S,N,2006-12-14,103,2006-08-10,2138,147,29,5,6,0,0,,0,005,-,N,,0,0,,,0,,,,N,2,A,-,22350,,N,A,H,-,C,A,0,Y,A,01,0,0,1,0,0,0,0,0,0,-,-,BERKELEY,ALAMEDA,CA,0,0
2803996,-122.287583155,37.8697433472,2006,0103,0,1,4,-,0,4,A,,,,,,2400,8,C,C,A,"UNIVERSITY AV","BONAR ST",0,,Y,2006-12-14,103,2006-08-07,2242,139,31,5,6,0,0,,0,014,-,N,,0,0,,,0,,,,Y,4,A,-,0,,N,A,H,-,C,A,0,Y,-,-,0,0,4,0,0,0,0,0,0,-,-,BERKELEY,ALAMEDA,CA,0,0
2803997,-122.260914163,37.8639068604,2006,0103,0,1,3,03,0,1,A,,Y,,,,1200,8,E,-,A,"BLAKE ST","DANA ST",100,W,N,2006-12-15,103,2006-08-28,926,9,36,5,6,0,0,,0,006,-,N,,0,0,,,0,,,,N,1,A,-,22350,,N,A,H,-,A,D,0,Y,L,04,0,1,0,0,0,0,1,0,0,-,-,BERKELEY,ALAMEDA,CA,0,0
2803998,-122.268878977,37.8757209778,2006,0103,0,3,3,17,0,1,A,,Y,,,,2100,8,B,G,A,"SHATTUCK AV","FRANCISCO ST",20,N,N,2006-12-15,103,2006-08-16,2030,72,24,5,6,0,0,,0,003,-,N,,0,0,,,0,,,,N,2,A,-,22517,,N,A,H,-,C,D,0,Y,A,01,0,1,0,0,0,0,1,0,0,-,-,BERKELEY,ALAMEDA,CA,0,0
2804000,-122.251376867,37.867855072,2006,0103,0,2,4,21,0,1,A,,,,,,1500,8,D,C,A,"CHANNING WY",PIEDMONT,282,W,N,2006-12-14,103,2006-08-08,1300,112,27,5,6,0,0,,0,007,-,N,,0,0,,,0,,,,Y,2,A,-,22106,,N,A,H,-,A,D,0,Y,A,01,0,0,1,0,0,0,0,0,0,-,-,BERKELEY,ALAMEDA,CA,0,0
2804009,-122.277868809,37.8478012085,2006,0103,0,2,4,08,0,1,A,,,,,,1800,8,B,C,A,"SACRAMENTO ST","ALCATRAZ AV",23,S,N,2006-12-14,103,2006-08-08,1633,119,46,5,6,0,0,,0,013,-,N,,0,0,,,0,,,,N,2,A,-,22107,,N,A,H,-,A,D,0,Y,D,22,0,0,1,0,0,0,0,0,0,-,-,BERKELEY,ALAMEDA,CA,0,0
2804021,-122.259585247,37.8570823669,2006,0103,0,3,3,09,0,1,A,,Y,,,,1200,8,D,G,A,"TELEGRAPH AV","HOWE ST",5,S,N,2006-12-14,103,2006-08-09,1130,6,36,5,6,0,0,,0,010,-,N,,0,0,,,0,,,,N,2,A,-,21802,A,N,A,H,-,A,D,0,Y,L,04,0,1,0,0,0,0,1,0,0,-,-,BERKELEY,ALAMEDA,CA,0,0
2804027,-122.308144363,37.882673124,2006,0103,1,3,4,03,0,1,A,,,,,,1500,8,C,C,A,"RT 80","GILMAN ST",1056,E,N,2006-12-22,9370,2006-08-02,1410,01353,,2,6,0,1,,2,081,-,Y,ALA,4,80,-,-,6.88,H,-,E,Y,2,A,-,22350,,N,A,H,-,A,D,6,Y,A,01,0,0,1,0,0,0,0,0,0,-,-,BERKELEY,ALAMEDA,CA,0,0
2804037,-122.26616315,37.8523750305,2006,0103,0,2,3,09,0,1,A,,Y,,,,2100,8,D,G,A,"SHATTUCK AV","WOOLSEY ST",0,,Y,2006-12-14,103,2006-08-01,1840,43,35,5,6,0,0,,0,010,-,N,,0,0,,,0,,,,N,2,A,-,21801,B,N,A,H,-,A,D,0,Y,A,01,0,1,0,0,0,0,1,0,0,-,-,BERKELEY,ALAMEDA,CA,0,0
2804061,-122.266337772,37.8537025452,2006,0103,0,5,4,10,0,1,A,Y,,,,,300,8,G,B,B,SHATTUCK,ESSEX,45,S,N,2006-12-21,103,2006-08-04,0,2,39,5,6,0,0,,0,010,-,N,,0,0,,,0,,,,N,2,A,-,21950,A,N,A,H,-,C,A,0,Y,A,01,0,0,1,0,1,0,0,0,0,-,-,BERKELEY,ALAMEDA,CA,0,0
2804065,-122.250053148,37.8586845398,2006,0103,0,5,3,21,0,1,A,,Y,,,,1200,8,H,A,A,"RUSSELL ST","KELSEY ST",0,,Y,2006-12-14,103,2006-08-04,1001,20,37,5,6,0,0,,0,008,-,N,,0,0,,,0,,,,N,2,A,-,22106,,N,A,H,-,A,D,0,Y,A,01,0,1,0,0,0,0,1,0,0,-,-,BERKELEY,ALAMEDA,CA,0,0
2804075,-122.299047254,37.84885069,2006,0103,1,6,4,08,0,1,A,,,,,,900,8,E,I,A,"RT 80","ASHBY AV",20,E,N,2006-12-19,9370,2006-08-12,845,01419,,1,6,0,1,,2,081,-,Y,ALA,4,80,-,-,4.59,H,-,W,Y,2,A,-,22107,,N,A,-,-,A,D,6,Y,D,22,0,0,1,0,0,0,0,0,0,-,-,BERKELEY,ALAMEDA,CA,0,0
2808980,-122.303814327,37.866330227,2006,0103,5,2,3,08,0,1,B,,,,,,900,8,E,I,A,"RT 80","UNIVERSITY AV",45,E,N,2006-12-20,9370,2006-08-29,600,01052,1,1,6,0,3,,2,001,-,Y,ALA,4,80,-,-,5.85,H,-,W,N,1,A,-,22107,,N,A,H,-,B,D,6,Y,A,07,0,1,0,0,0,0,0,0,0,-,-,BERKELEY,ALAMEDA,CA,0,0
2809004,-122.303730994,37.866074414,2006,0103,1,1,4,03,0,3,A,,,,,,1500,8,C,C,A,"RT 80","UNIVERSITY AV",50,W,N,2006-12-26,9370,2006-08-07,1240,01419,,1,6,0,1,,2,081,-,Y,ALA,4,80,-,-,5.83,H,-,W,N,3,A,-,22350,,N,A,H,-,A,D,6,Y,A,01,0,0,3,0,0,0,0,0,0,-,-,BERKELEY,ALAMEDA,CA,0,0
2856725,-122.307717089,37.879136175,2006,0103,1,3,4,07,0,1,A,,,,,,1200,10,C,C,A,"RT 80","GILMAN ST",25,E,N,2007-02-06,9370,2006-10-04,945,01097,,1,6,0,1,,2,081,-,Y,ALA,4,80,-,-,6.69,H,-,W,N,2,A,-,21658,A,N,A,H,-,A,D,6,Y,A,07,0,0,1,0,0,0,0,0,0,-,-,BERKELEY,ALAMEDA,CA,0,0
2856765,-122.303306306,37.864662865,2006,0103,1,1,4,03,0,1,A,,,Y,,,1200,10,F,A,A,"RT 80","UNIVERSITY AV",628,W,N,2007-02-01,9370,2006-10-09,950,01097,,1,6,0,1,,2,081,-,Y,ALA,4,80,-,-,5.72,H,-,W,Y,1,A,-,22350,,N,A,H,-,A,D,6,Y,C,02,0,0,1,0,0,0,0,0,1,F,-,BERKELEY,ALAMEDA,CA,0,0
2858856,-122.304732516,37.870268179,2006,0103,1,7,3,01,0,1,B,,,,Y,Y,300,9,C,C,A,"RT 80","UNIVERSITY AV",1056,E,N,2007-01-23,9370,2006-09-03,220,01777,,3,6,0,1,,2,081,-,Y,ALA,4,80,-,-,6.04,H,-,E,Y,2,A,-,23152,A,N,A,H,-,C,D,6,Y,A,01,0,1,0,0,0,0,0,0,0,-,-,BERKELEY,ALAMEDA,CA,0,0
2858883,-122.278986814,37.8534,2006,0103,S,3,4,03,0,2,A,,,,,,1500,8,C,C,A,"SACRAMENTO ST","ASHBY AV",51,N,N,2006-12-27,9370,2006-08-30,1400,14853,,2,6,1,4,,2,901,-,Y,ALA,4,13,-,-,12.76,I,6,N,Y,3,A,-,22350,,N,A,H,-,A,A,0,Y,A,07,0,0,2,0,0,0,0,0,0,-,-,BERKELEY,ALAMEDA,CA,0,0
2858942,-122.303038439,37.863643902,2006,0103,1,5,4,-,0,2,A,,,,,,1500,6,C,C,A,"RT 80","UNIVERSITY AV",1056,W,N,2006-11-03,9370,2006-06-16,1425,01782,,2,6,0,1,,2,081,-,Y,ALA,4,80,-,-,5.64,H,-,W,N,2,-,-,0,,N,A,H,-,A,D,6,Y,-,-,0,0,2,0,0,0,0,0,0,-,-,BERKELEY,ALAMEDA,CA,0,0
2859017,-122.303378051,37.864919325,2006,0103,1,7,4,08,0,1,A,,,,,,1200,7,E,J,A,"RT 80",UNIVERSITY,529,W,N,2006-12-01,9370,2006-07-30,1007,17045,,1,6,0,1,,2,081,-,Y,ALA,4,80,-,-,5.74,H,-,W,Y,1,A,-,22107,,N,A,-,-,A,D,6,Y,-,-,0,0,1,0,0,0,0,0,0,-,-,BERKELEY,ALAMEDA,CA,0,0
2860192,-122.303647661,37.8658186,2006,0103,1,5,4,03,0,1,A,,,,,,900,10,C,C,A,"RT 80","UNIVERSITY AV",150,W,N,2007-02-01,9370,2006-10-20,850,01721,,1,6,0,1,,2,081,-,Y,ALA,4,80,-,-,5.81,H,-,W,Y,4,A,-,22350,,N,A,H,-,A,D,6,Y,D,22,0,0,1,0,0,0,0,0,0,-,-,BERKELEY,ALAMEDA,CA,0,0
2860317,-122.307123661,37.876922628,2006,0103,1,5,4,03,0,1,A,,,,,,1800,9,C,C,A,"RT 80","GILMAN ST",200,W,N,2007-01-18,9370,2006-09-01,1505,01396,,2,6,0,1,,2,081,-,Y,ALA,4,80,-,-,6.58,H,-,W,Y,2,A,-,22350,,N,A,H,-,A,D,6,Y,A,01,0,0,1,0,0,0,0,0,0,-,-,BERKELEY,ALAMEDA,CA,0,0
2900855,-122.305341294,37.871064506,2006,0103,1,1,3,08,0,1,A,,,,,,300,9,F,A,A,"RT 80","GILMAN ST",2112,W,N,2007-01-23,9370,2006-09-25,245,01790,,3,6,0,1,,2,081,-,Y,ALA,4,80,-,-,6.22,H,-,W,Y,1,A,-,22107,,N,A,H,-,C,D,6,Y,A,07,0,1,0,0,0,0,0,0,0,-,-,BERKELEY,ALAMEDA,CA,0,0
2900938,-122.304954368,37.870842029,2006,0103,1,5,4,03,0,1,A,,,,,,2100,11,C,C,A,"RT 80","UNIVERSITY AV",1384,E,N,2007-03-27,9370,2006-11-03,1835,01396,,2,6,0,1,,2,081,-,Y,ALA,4,80,-,-,6.1,H,-,E,Y,2,A,-,22350,,N,A,H,-,D,D,6,Y,A,01,0,0,1,0,0,0,0,0,0,-,-,BERKELEY,ALAMEDA,CA,0,0
2900972,-122.302938949,37.864567903,2006,0103,1,4,4,04,0,1,A,,,,,,1200,10,C,C,A,"RT 80","UNIVERSITY AV",528,W,N,2007-03-28,9370,2006-10-19,1130,01052,,1,6,0,1,,2,081,-,Y,ALA,4,80,-,-,5.74,H,-,E,N,2,A,-,21703,,N,A,H,-,A,D,6,Y,A,01,0,0,1,0,0,0,0,0,0,-,-,BERKELEY,ALAMEDA,CA,0,0