CASEID,POINT_X,POINT_Y,YEAR_,LOCATION,CHPTYPE,DAYWEEK,CRASHSEV,VIOLCAT,KILLED,INJURED,WEATHER1,PEDCOL,BICCOL,MCCOL,TRUCKCOL,ETOH,TIMECAT,MONTH_,CRASHTYP,INVOLVE,PED,PRIMARYRD,SECONDRD,DISTANCE,DIRECT,INTERSECT_,PROCDATE,JURIS,DATE_,TIME_,BADGE,JURIDIST,SHIFT,POP,SPECIAL,BEATTYPE,LAPDDIV,BEATCLAS,BEATNUMB,WEATHER2,STATEHW,CALTRANC,CALTRAND,STROUTE,ROUTESUF,POSTPRE,POSTMILE,LOCATYPE,RAMP,SIDEHW,TOWAWAY,PARTIES,PCF,VIOLCODE,VIOL,VIOLSUB,HITRUN,ROADSURF,RDCOND1,RDCOND2,LIGHTING,RIGHTWAY,CHPRDTYP,NOTPRIV,STFAULT,CHPFAULT,SEVINJ,OTHERINJ,COP,PEDKILL,PEDINJ,BICKILL,BICINJ,MCKILL,MCINJURE,RAMP1,RAMP2,CITY,COUNTY,STATE,X_CHP,Y_CHP
3725229,-122.274333154,37.8832359314,2008,0103,0,1,2,10,0,1,A,Y,,,,,1800,4,G,B,B,"MARTIN LUTHER KING JR WY","BERRYMAN ST",0,,Y,2008-10-17,103,2008-04-28,1657,75,18,5,6,0,0,,0,003,-,N,,0,0,,,0,,,,N,2,A,-,21950,A,N,A,H,-,A,D,0,Y,A,01,1,0,0,0,1,0,0,0,0,-,-,BERKELEY,ALAMEDA,CA,0,0
3725233,-122.259602111,37.85620065,2008,0103,0,1,3,09,0,1,A,,Y,,,,1800,4,D,G,A,"RT 13","TELEGRAPH AV",279,W,N,2008-12-02,103,2008-04-28,1534,147,30,5,6,0,0,,0,009,-,Y,ALA,4,13,-,-,11.66,H,-,N,N,2,A,-,21804,A,N,A,H,-,A,A,0,Y,A,01,0,1,0,0,0,0,0,0,0,-,-,BERKELEY,ALAMEDA,CA,0,0
3725241,-122.267189266,37.8601913452,2008,0103,0,1,4,08,0,1,A,,Y,,,,900,4,B,G,A,"SHATTUCK AV","DERBY ST",53,S,N,2008-10-21,103,2008-04-28,643,143,35,5,6,0,0,,0,005,-,N,,0,0,,,0,,,,N,2,A,-,22107,,N,A,H,-,A,D,0,Y,L,04,0,0,1,0,0,0,1,0,0,-,-,BERKELEY,ALAMEDA,CA,0,0
3725269,-122.292713157,37.8792648315,2008,0103,0,3,4,09,0,1,A,,Y,,,,1800,4,D,G,A,"CAMELIA ST","CORNELL AV",0,,Y,2008-10-16,103,2008-04-30,1709,78,17,5,6,0,0,,0,018,-,N,,0,0,,,0,,,,N,2,A,-,21802,A,N,A,H,-,A,-,0,Y,L,04,0,0,1,0,0,0,1,0,0,-,-,BERKELEY,ALAMEDA,CA,0,0
3729946,-122.308056068,37.880761333,2008,0103,1,5,4,03,0,1,A,,,,,,900,4,C,C,A,"RT 80","GILMAN ST",500,E,N,2008-12-03,9370,2008-04-25,835,18782,,1,6,0,1,,2,081,-,Y,ALA,4,80,-,-,6.77,H,-,W,N,2,A,-,22350,,M,A,H,-,A,D,6,Y,A,08,0,0,1,0,0,0,0,0,0,-,-,BERKELEY,ALAMEDA,CA,0,0
3729950,-122.299037514,37.849761308,2008,0103,1,6,4,03,0,1,A,,,,,,1800,4,C,C,A,"RT 80","ASHBY AV",100,E,N,2008-12-03,9370,2008-04-26,1510,18317,,2,6,0,1,,2,081,-,Y,ALA,4,80,-,-,4.6,H,-,E,N,2,A,-,22350,,N,A,H,-,A,D,6,Y,A,01,0,0,1,0,0,0,0,0,0,-,-,BERKELEY,ALAMEDA,CA,0,0
3729993,-122.307185609,37.877122633,2008,0103,1,5,2,07,0,1,A,,,Y,,,1800,4,C,C,A,"RT 80","GILMAN ST",150,W,N,2009-01-05,9370,2008-04-25,1610,18476,,2,6,0,1,,2,081,-,Y,ALA,4,80,-,-,6.59,H,-,W,Y,2,A,-,21658,A,N,A,H,-,A,D,6,Y,C,02,1,0,0,0,0,0,0,0,1,-,-,BERKELEY,ALAMEDA,CA,0,0
3730045,-122.306997611,37.876522987,2008,0103,1,4,4,03,0,1,A,,,,,,1800,5,C,C,A,"RT 80","GILMAN ST",300,W,N,2008-12-30,9370,2008-05-01,1505,01793,,2,6,0,1,,2,081,-,Y,ALA,4,80,-,-,6.56,H,-,W,N,2,A,-,22350,,N,A,H,-,A,D,6,Y,A,07,0,0,1,0,0,0,0,0,0,-,-,BERKELEY,ALAMEDA,CA,0,0
3740179,-122.27028315,37.8518638611,2008,0103,0,1,4,03,0,1,A,,,,,,1800,4,C,C,A,"ADELINE ST","WOOLSEY ST",0,S,N,2008-11-08,103,2008-04-14,1500,81,39,5,6,0,0,,0,010,-,N,,0,0,,,0,,,,N,2,A,-,22350,,N,A,H,-,A,A,0,Y,D,22,0,0,1,0,0,0,0,0,0,-,-,BERKELEY,ALAMEDA,CA,0,0
3754860,-122.307203158,37.877875004,2008,0103,1,6,4,07,0,1,A,,,,Y,,900,5,B,C,A,"RT 80","GILMAN ST",250,W,N,2008-12-30,9370,2008-05-03,818,18092,,1,6,0,1,,2,081,-,Y,ALA,4,80,-,-,6.63,H,-,E,Y,3,A,-,21658,A,N,A,H,-,A,D,6,Y,G,25,0,0,1,0,0,0,0,0,0,-,-,BERKELEY,ALAMEDA,CA,0,0
3764665,-122.307880681,37.881237018,2008,0103,1,6,4,03,0,2,B,,,,,,1200,5,C,C,A,"RT 80","GILMAN ST",528,E,N,2008-12-30,9370,2008-05-24,1125,01857,,1,6,0,1,,2,081,-,Y,ALA,4,80,-,-,6.78,H,-,E,N,2,A,-,22350,,N,A,H,-,A,D,6,Y,A,01,0,0,2,0,0,0,0,0,0,-,-,BERKELEY,ALAMEDA,CA,0,0
3764701,-122.299493155,37.850745002,2008,0103,1,7,4,08,0,1,A,,,,,,1200,5,E,I,A,"RT 80","EAST ASHBY AV",528,E,N,2008-12-30,9370,2008-05-25,1115,01857,,1,6,0,1,,2,081,-,Y,ALA,4,80,-,-,4.68,H,-,W,Y,1,A,-,22107,,N,A,H,-,A,D,6,Y,A,01,0,0,1,0,0,0,0,0,0,-,-,BERKELEY,ALAMEDA,CA,0,0
3769826,-122.30689089,37.87697847,2008,0103,1,3,4,03,0,1,A,,,,,,1200,6,C,C,A,"RT 80","UNIVERSITY AV",3960,E,N,2009-02-03,9370,2008-06-04,1120,18092,,1,6,0,1,,2,081,-,Y,ALA,4,80,-,-,6.59,H,-,E,N,2,A,-,22350,,N,A,H,-,A,D,6,Y,A,08,0,0,1,0,0,0,0,0,0,-,-,BERKELEY,ALAMEDA,CA,0,0
3771255,-122.28167696,37.853142538,2008,0103,0,7,2,03,0,1,A,,Y,Y,,,2400,5,D,G,A,"RT 13","ACTON ST",0,,Y,2008-12-05,103,2008-05-18,2320,,,5,6,0,0,,0,,-,Y,ALA,4,13,-,-,12.89,I,5,S,N,2,A,-,22350,,F,A,H,-,C,A,0,Y,C,02,1,0,0,0,0,0,1,0,0,-,-,BERKELEY,ALAMEDA,CA,0,0
3771333,-122.299933155,37.852475002,2008,0103,1,1,4,22,0,1,B,,,,,,900,6,B,C,A,"RT 80","ASHBY AV",528,E,N,2009-01-28,9370,2008-06-02,750,01847,,1,6,0,1,,2,081,-,Y,ALA,4,80,-,-,4.761,R,2,W,N,2,B,-,0,,N,A,H,-,A,D,6,Y,A,01,0,0,1,0,0,0,0,0,0,T,-,BERKELEY,ALAMEDA,CA,0,0
3771513,-122.278263156,37.8914146423,2007,0103,0,3,1,10,1,0,A,Y,,,,,1800,12,G,B,B,"SOLANO AV","FRESNO AV",0,,Y,2008-07-07,103,2007-12-12,1620,112,13,5,6,0,0,,0,001,-,N,,0,0,,,0,,,,N,2,A,-,21950,A,N,A,H,-,A,A,0,Y,A,01,0,0,0,1,0,0,0,0,0,-,-,BERKELEY,ALAMEDA,CA,0,0
3775597,-122.30783581,37.880781891,2008,0103,1,2,4,03,0,2,A,,,,,,1800,6,C,C,A,"RT 80","GILMAN ST",400,E,N,2009-02-03,9370,2008-06-03,1709,18837,,2,6,0,1,,2,081,-,Y,ALA,4,80,-,-,6.76,H,-,E,Y,4,A,-,22350,,F,-,A,H,A,D,6,Y,D,23,0,0,2,0,0,0,0,0,0,-,-,BERKELEY,ALAMEDA,CA,0,0
3779283,-122.260294392,37.8685722351,2008,0103,0,1,3,11,0,1,A,Y,,,,Y,1500,5,B,B,E,"BANCROFT WY","TELEGRAPH AV",310,W,N,2008-12-09,103,2008-05-12,1226,143,28,5,6,0,0,,0,006,-,N,,0,0,,,0,,,,N,2,A,-,21954,A,N,A,H,-,A,D,0,Y,N,60,0,1,0,0,1,0,0,0,0,-,-,BERKELEY,ALAMEDA,CA,0,0
3779342,-122.284080309,37.8805465698,2008,0103,0,5,3,00,0,1,B,,Y,,Y,,1200,5,B,G,A,"HOPKINS ST","ALBINA ST",85,E,N,2008-12-09,103,2008-05-30,1120,64,19,5,6,0,0,,0,018,-,N,,0,0,,,0,,,,N,2,D,-,0,,N,A,H,-,A,D,0,Y,-,-,0,1,0,0,0,0,1,0,0,-,-,BERKELEY,ALAMEDA,CA,0,0
3781075,-122.30565071,37.873282597,2008,0103,1,2,4,08,0,1,A,,,,,,1200,5,E,I,A,"RT 80","GILMAN ST",1437,W,N,2008-12-30,9370,2008-05-13,1041,18954,,1,6,0,1,,2,081,-,Y,ALA,4,80,-,-,6.35,H,-,E,Y,1,A,-,22107,,N,A,H,-,A,D,6,Y,A,07,0,0,1,0,0,0,0,0,0,-,-,BERKELEY,ALAMEDA,CA,0,0
3781090,-122.299999777,37.852716356,2008,0103,1,2,4,03,0,1,A,,,,,,1800,5,C,C,A,"RT 80","ASHBY AV",1056,E,N,2008-12-06,9370,2008-05-27,1709,01884,,2,6,0,1,,2,081,-,Y,ALA,4,80,-,-,4.78,H,-,W,N,2,A,-,22350,,M,A,H,-,A,D,6,Y,A,01,0,0,1,0,0,0,0,0,0,-,-,BERKELEY,ALAMEDA,CA,0,0
3781101,-122.303592986,37.8664649,2008,0103,1,1,3,01,0,1,A,,,,,Y,600,5,E,I,A,"RT 80","UNIVERSITY AV",40,W,N,2008-12-30,9370,2008-05-12,530,01871,,3,6,0,1,,2,081,-,Y,ALA,4,80,-,-,5.83,H,-,E,Y,1,A,-,23152,A,N,A,H,-,B,D,6,Y,A,01,0,1,0,0,0,0,0,0,0,-,-,BERKELEY,ALAMEDA,CA,0,0
3781106,-122.303340581,37.864790523,2008,0103,1,4,4,03,0,1,A,,,,,,1500,5,C,C,A,"RT 80","UNIVERSITY AV",600,W,N,2008-12-30,9370,2008-05-15,1450,18812,,2,6,0,1,,2,081,-,Y,ALA,4,80,-,-,5.73,H,-,W,Y,2,A,-,22350,,N,A,H,-,A,D,6,Y,D,22,0,0,1,0,0,0,0,0,0,-,-,BERKELEY,ALAMEDA,CA,0,0
3785640,-122.308056068,37.880761333,2008,0103,1,2,4,08,0,1,A,,,,,,1800,6,B,C,A,"RT 80","GILMAN ST",500,E,N,2009-01-19,9370,2008-06-10,1720,18876,,2,6,0,1,,2,081,-,Y,ALA,4,80,-,-,6.77,H,-,W,Y,2,A,-,22107,,N,A,H,-,A,D,6,Y,A,07,0,0,1,0,0,0,0,0,0,-,-,BERKELEY,ALAMEDA,CA,0,0
3797761,-122.297743776,37.8800926208,2008,0103,0,3,4,08,0,1,A,,,,,,600,5,C,C,A,"GILMAN ST","9TH ST",116,E,N,2008-11-21,103,2008-05-07,346,156,20,5,6,0,0,,0,017,-,N,,0,0,,,0,,,,Y,2,A,-,22107,,N,A,H,-,C,D,0,Y,A,01,0,0,1,0,0,0,0,0,0,-,-,BERKELEY,ALAMEDA,CA,0,0
3797763,-122.29372457,37.873552496,2008,0103,0,2,3,03,0,3,A,,,,,,1500,5,C,C,A,"RT 123","VIRGINIA ST",0,,Y,2008-12-29,103,2008-05-20,1353,61,22,5,6,0,0,,0,016,-,Y,ALA,4,123,-,-,3.48,H,-,S,N,2,A,-,22350,,N,A,H,-,A,D,0,Y,A,01,0,1,2,0,0,0,0,0,0,-,-,BERKELEY,ALAMEDA,CA,0,0
3797767,-122.264413153,37.8863639832,2008,0103,0,2,3,14,0,1,A,,Y,,,,2100,5,D,G,A,"EUNICE ST","GLEN AV",0,,Y,2008-11-25,103,2008-05-20,2052,42,15,5,6,0,0,,0,002,-,N,,0,0,,,0,,,,N,2,A,-,21201,D,N,A,H,-,C,A,0,Y,L,04,0,1,0,0,0,0,1,0,0,-,-,BERKELEY,ALAMEDA,CA,0,0
3797771,-122.269703554,37.8814697266,2008,0103,0,3,3,-,0,1,A,,Y,,,,900,5,C,G,A,"SHATTUCK PL","SHATTUCK AV",67,W,N,2008-11-25,103,2008-05-21,738,143,17,5,6,0,0,,0,001,-,N,,0,0,,,0,,,,N,2,A,-,0,,N,A,H,-,A,D,0,Y,L,04,0,1,0,0,0,0,1,0,0,-,-,BERKELEY,ALAMEDA,CA,0,0
3797772,-122.283325641,37.852815774,2008,0103,0,2,3,03,0,2,A,,,,,,1200,5,C,C,A,"RT 13","MABEL ST",145,E,N,2008-12-24,103,2008-05-27,1000,98,33,5,6,0,0,,0,013,-,Y,ALA,4,13,-,-,12.99,H,-,N,N,2,A,-,22350,,N,A,H,-,A,A,0,Y,A,01,0,1,1,0,0,0,0,0,0,-,-,BERKELEY,ALAMEDA,CA,0,0
3797773,-122.282763155,37.8767051697,2008,0103,0,4,3,12,0,1,B,,,,,,900,5,D,C,A,"SACRAMENTO ST","CEDAR ST",0,,Y,2008-11-21,103,2008-05-08,640,3,19,5,6,0,0,,0,018,-,N,,0,0,,,0,,,,,2,A,-,21453,A,N,A,A,H,A,A,0,Y,A,01,0,1,0,0,0,0,0,0,0,-,-,BERKELEY,ALAMEDA,CA,0,0
3797774,-122.260174531,37.8612480164,2008,0103,0,3,3,21,0,1,A,,,,,,1800,5,D,C,A,"DERBY ST","DANA ST",56,W,-,2008-11-25,103,2008-05-14,1555,34,36,5,6,0,0,,0,006,-,N,,0,0,,,0,,,,Y,2,A,-,22106,,N,A,H,-,A,D,0,Y,A,01,0,1,0,0,0,0,0,0,0,-,-,BERKELEY,ALAMEDA,CA,0,0
3797775,-122.268031714,37.8703422546,2008,0103,0,4,4,12,0,1,A,Y,,,,,900,5,G,-,B,"CENTER ST","SHATTUCK ST",15,E,N,2008-11-25,103,2008-05-15,846,6,29,5,6,0,0,,0,004,-,N,,0,0,,,0,,,,N,2,A,-,21453,A,N,A,H,-,A,A,0,Y,A,01,0,0,1,0,1,0,0,0,0,-,-,BERKELEY,ALAMEDA,CA,0,0
3797780,-122.291055201,37.8823661804,2008,0103,0,2,4,03,0,1,A,Y,,,,,1500,5,B,B,E,"MASONIC AV","SANTA FE AV",175,N,N,2008-11-25,103,2008-05-27,1455,57,19,5,6,0,0,,0,017,-,N,,0,0,,,0,,,,N,2,A,-,22350,,F,A,E,-,A,D,0,Y,-,99,0,0,1,0,1,0,0,0,0,-,-,BERKELEY,ALAMEDA,CA,0,0
3797781,-122.259373149,37.8586044312,2008,0103,0,4,4,09,0,2,A,,,,,,1800,5,A,C,A,"TELEGRAPH AV","OREGON ST",0,,Y,2008-11-21,103,2008-05-08,1617,77,36,5,6,0,0,,0,009,-,N,,0,0,,,0,,,,Y,2,A,-,21802,A,N,A,H,-,A,D,0,Y,A,01,0,0,2,0,0,0,0,0,0,-,-,BERKELEY,ALAMEDA,CA,0,0
3797782,-122.265663152,37.8769836426,2008,0103,0,4,3,00,0,1,A,,Y,,,,900,5,H,I,A,"VIRGINIA AV","SPRUCE ST",0,,-,2008-11-25,103,2008-05-15,810,6,25,5,6,0,0,,0,002,-,N,,0,0,,,0,,,,N,1,D,-,0,,N,A,H,-,A,A,0,Y,-,-,0,1,0,0,0,0,1,0,0,-,-,BERKELEY,ALAMEDA,CA,0,0
3797789,-122.259789375,37.8677520752,2008,0103,0,4,4,10,0,1,A,Y,,,,,2100,5,G,B,C,"DURANT AV","TELEGRAPH AV",222,W,N,2008-11-21,103,2008-05-08,1835,151,28,5,6,0,0,,0,006,-,N,,0,0,,,0,,,,N,2,A,-,21950,A,N,A,H,-,A,D,0,Y,-,-,0,0,1,0,1,0,0,0,0,-,-,BERKELEY,ALAMEDA,CA,0,0
3797790,-122.25318075,37.8582000732,2008,0103,0,4,3,08,0,1,A,,Y,,,,1800,5,B,G,A,"COLLEGE AV","RUSSELL ST",100,S,N,2008-11-25,103,2008-05-15,1543,23,36,5,6,0,0,,0,009,-,N,,0,0,,,0,,,,N,2,A,-,22107,,N,A,H,-,A,A,0,Y,A,01,0,1,0,0,0,0,1,0,0,-,-,BERKELEY,ALAMEDA,CA,0,0
3797791,-122.252496735,37.8513908386,2008,0103,0,6,4,09,0,1,A,,Y,,,,1500,5,D,G,A,"COLLEGE AV","ALCATRAZ AV",50,N,-,2008-11-25,103,2008-05-10,1435,31,39,5,6,0,0,,0,009,-,N,,0,0,,,0,,,,N,2,A,-,21801,A,N,A,H,-,A,D,0,Y,A,01,0,0,1,0,0,0,1,0,0,-,-,BERKELEY,ALAMEDA,CA,0,0
3797792,-122.252243363,37.8898620605,2008,0103,0,6,3,03,0,1,A,,Y,,,,2100,5,F,A,A,"GRIZZLY PEAK BL","SHASTA RD",194,S,N,2008-11-25,103,2008-05-31,1836,007,16,5,6,0,0,,0,002,-,N,,0,0,,,0,,,,N,1,A,-,22350,,N,A,H,-,A,D,0,Y,L,04,0,1,0,0,0,0,1,0,0,-,-,BERKELEY,ALAMEDA,CA,0,0
3797793,-122.261215704,37.8666114807,2008,0103,0,4,3,03,0,1,A,,,Y,,,2400,5,E,I,A,"CHANNING WY","DANA ST",30,W,N,2008-11-21,103,2008-05-08,2209,146,26,5,6,0,0,,0,006,-,N,,0,0,,,0,,,,N,2,A,-,22350,,N,A,H,-,C,D,0,Y,C,02,0,1,0,0,0,0,0,0,1,-,-,BERKELEY,ALAMEDA,CA,0,0
3797796,-122.274301405,37.8829307556,2008,0103,0,4,3,08,0,1,A,,,,,,1200,5,C,E,A,"MARTIN LUTHER KING JR WY","BERRYMAN ST",111,S,N,2008-11-25,103,2008-05-29,1115,151,18,5,6,0,0,,0,003,-,N,,0,0,,,0,,,,N,2,A,-,22107,,N,A,H,-,A,D,0,Y,A,01,0,1,0,0,0,0,0,0,0,-,-,BERKELEY,ALAMEDA,CA,0,0
3797800,-122.279937349,37.8569374084,2008,0103,0,4,4,09,0,2,A,,,,,,1500,5,D,C,A,"SACRAMENTO ST","STUART ST",8,N,N,2008-11-25,103,2008-05-29,1316,110,33,5,6,0,0,,0,013,-,N,,0,0,,,0,,,,Y,2,A,-,21801,,N,A,H,-,A,D,0,Y,A,01,0,0,2,0,0,0,0,0,0,-,-,BERKELEY,ALAMEDA,CA,0,0
3797801,-122.25427315,37.8674964905,2008,0103,0,5,3,09,0,1,A,,Y,,,,1500,5,-,G,A,"COLLEGE AV","CHANNING WY",0,,Y,2008-11-21,103,2008-05-09,1327,6,28,5,6,0,0,,0,007,-,N,,0,0,,,0,,,,N,2,A,-,21801,A,N,A,H,-,A,A,0,Y,A,01,0,1,0,0,0,0,1,0,0,-,-,BERKELEY,ALAMEDA,CA,0,0
3797802,-122.290439542,37.863896552,2008,0103,0,5,4,08,0,1,A,Y,,,,,900,5,B,E,C,"RT 123","CHAUCER ST",107,N,N,2008-12-29,103,2008-05-16,736,100,31,5,6,0,0,,0,014,-,Y,ALA,4,123,-,-,2.77,H,-,N,Y,3,A,-,22107,,N,A,H,-,A,D,0,Y,A,01,0,0,1,0,1,0,0,0,0,-,-,BERKELEY,ALAMEDA,CA,0,0
3797806,-122.26695315,37.8585166931,2008,0103,0,5,4,09,0,1,A,,,,,,1200,5,D,C,A,"SHATTUCK AV","STUART ST",0,,-,2008-11-25,103,2008-05-16,900,147,35,5,6,0,0,,0,010,-,N,,0,0,,,0,,,,,2,A,-,21802,A,N,A,H,-,A,A,0,Y,A,01,0,0,1,0,0,0,0,0,0,-,-,BERKELEY,ALAMEDA,CA,0,0
3797807,-122.271993152,37.8624649048,2008,0103,0,4,4,05,0,1,A,,Y,,,,1800,5,E,I,A,"BLAKE ST","MARTIN LUTHER KING JR WY",0,,Y,2008-11-25,103,2008-05-22,1736,31,34,5,6,0,0,,0,005,-,N,,0,0,,,0,,,,N,1,A,-,21650,1,N,A,H,-,A,A,0,Y,L,04,0,0,1,0,0,0,1,0,0,-,-,BERKELEY,ALAMEDA,CA,0,0
3797814,-122.251183527,37.8613929749,2008,0103,0,5,2,11,0,1,A,Y,,,,,2100,5,D,B,E,"PIEDMONT AV","FOREST ST",59,S,-,2008-12-11,103,2008-05-16,1922,34,37,5,6,0,0,,0,008,-,N,,0,0,,,0,,,,N,2,A,-,21956,,N,A,H,-,A,D,0,Y,N,60,1,0,0,0,1,0,0,0,0,-,-,BERKELEY,ALAMEDA,CA,0,0
3797815,-122.292494633,37.869795548,2008,0103,0,5,4,03,0,3,A,,,Y,,,1800,5,C,C,A,"RT 123","UNIVERSITY AV",246,N,N,2008-12-29,103,2008-05-23,1500,6,29,5,6,0,0,,0,005,B,Y,ALA,4,123,-,-,3.2,H,-,S,Y,6,A,-,22350,,N,A,H,-,A,A,0,Y,A,07,0,0,3,0,0,0,0,0,1,-,-,BERKELEY,ALAMEDA,CA,0,0
3797825,-122.263393151,37.8663253784,2008,0103,0,1,3,12,0,1,A,,Y,,,,900,5,-,G,A,"CHANNING WY","ELLSWORTH ST",0,,Y,2008-11-21,103,2008-05-12,812,3,28,5,6,0,0,,0,006,-,N,,0,0,,,0,,,,N,2,A,-,22450,,N,A,H,-,A,A,0,Y,L,04,0,1,0,0,0,0,1,0,0,-,-,BERKELEY,ALAMEDA,CA,0,0
3797826,-122.271433151,37.85704422,2008,0103,0,1,3,-,0,1,A,Y,,,,,1500,5,G,B,B,"MARTIN LUTHER KING JR WY","OREGON ST",0,,Y,2008-11-25,103,2008-05-19,1330,117,35,5,6,0,0,,0,012,-,N,,0,0,,,0,,,,N,2,A,-,0,,N,A,H,-,A,A,0,Y,A,01,0,1,0,0,1,0,0,0,0,-,-,BERKELEY,ALAMEDA,CA,0,0
3797830,-122.284323154,37.8701667786,2008,0103,0,1,4,12,0,1,A,,,,,,1200,5,A,C,A,"UNIVERSITY AV","ACTON ST",0,,Y,2008-11-25,103,2008-05-19,1111,83,22,5,6,0,0,,0,018,-,N,,0,0,,,0,,,,Y,2,A,-,21453,A,N,A,H,-,A,A,0,Y,-,-,0,0,1,0,0,0,0,0,0,-,-,BERKELEY,ALAMEDA,CA,0,0
3797834,-122.270952859,37.8522834778,2008,0103,0,1,3,08,0,1,A,,Y,,,,1500,5,B,G,A,"MARTIN LUTHER KING JR WY","PRINCE ST",66,S,N,2008-11-25,103,2008-05-19,1434,98,34,5,6,0,0,,0,011,-,N,,0,0,,,0,,,,N,2,A,-,22107,,N,A,H,-,A,D,0,Y,E,22,0,1,0,0,0,0,1,0,0,-,-,BERKELEY,ALAMEDA,CA,0,0
3798174,-122.266193153,37.8824653625,2008,0103,0,4,3,03,0,1,A,,,,,,1800,5,E,I,A,"SPRUCE ST","ROSE ST",0,,-,2008-11-21,103,2008-05-01,1605,7,17,5,6,0,0,,0,001,-,N,,0,0,,,0,,,,Y,1,A,-,22350,,N,A,H,-,A,D,0,Y,A,01,0,1,0,0,0,0,0,0,0,-,-,BERKELEY,ALAMEDA,CA,0,0
3798804,-122.269553154,37.8820152283,2008,0103,0,4,3,12,0,1,-,,Y,,,,2100,5,-,G,A,"ROSE ST","SHATTUCK AV",0,,Y,2008-11-21,103,2008-05-01,1822,17,17,5,6,0,0,,0,001,-,N,,0,0,,,0,,,,Y,2,A,-,22450,A,N,A,H,-,A,D,0,Y,L,04,0,1,0,0,0,0,1,0,0,-,-,BERKELEY,ALAMEDA,CA,0,0
3798816,0,0,2008,0103,0,5,3,11,0,1,A,Y,,,,,2100,5,G,B,E,"ALLSTON WY","20TH ST",63,E,N,2008-11-21,103,2008-05-02,1842,145,32,5,6,0,0,,0,016,-,N,,0,0,,,0,,,,N,2,A,-,21956,A,N,A,H,-,A,A,0,Y,N,60,0,1,0,0,1,0,0,0,0,-,-,BERKELEY,ALAMEDA,CA,0,0
3798828,-122.271326548,37.8487243652,2008,0103,0,6,3,09,0,1,A,,,Y,,,1500,5,D,C,A,"ALCATRAZ AV","ADELINE ST",72,E,N,2008-11-21,103,2008-05-03,1453,147,39,5,6,0,0,,0,010,-,N,,0,0,,,0,,,,N,2,A,-,21804,A,N,A,H,-,A,A,0,Y,A,01,0,1,0,0,0,0,0,0,0,-,-,BERKELEY,ALAMEDA,CA,0,0
3798848,-122.297133156,37.8695449829,2008,0103,0,7,4,10,0,1,A,Y,,,,,1800,5,-,B,D,"HEARST AV","7TH ST",0,,Y,2008-11-21,103,2008-05-04,1751,10,21,5,6,0,0,,0,016,-,N,,0,0,,,0,,,,N,2,A,-,21950,A,F,A,H,-,A,D,0,Y,A,08,0,0,1,0,0,0,0,0,0,-,-,BERKELEY,ALAMEDA,CA,0,0
3798852,-122.252512769,37.8515548706,2008,0103,0,1,4,09,0,1,A,,Y,,,,1200,5,-,G,A,"COLLEGE AV","ALCATRAZ AV",109,N,N,2008-11-21,103,2008-05-05,927,107,39,5,6,0,0,,0,009,-,N,,0,0,,,0,,,,N,2,A,-,21801,B,N,A,H,-,A,D,0,Y,-,-,0,0,1,0,0,0,1,0,0,-,-,BERKELEY,ALAMEDA,CA,0,0
3798856,-122.271123154,37.8836555481,2008,0103,0,1,3,11,0,1,A,Y,,,,,1800,5,-,B,B,"HENRY ST","BERRYMAN ST",0,,Y,2008-11-21,103,2008-05-05,1515,57,17,5,6,0,0,,0,002,-,N,,0,0,,,0,,,,N,2,A,-,21950,B,N,A,H,-,A,D,0,Y,N,60,0,1,0,0,1,0,0,0,0,-,-,BERKELEY,ALAMEDA,CA,0,0
3798864,-122.296313193,37.882194017,2008,0103,0,1,4,09,0,1,B,,,,,,2100,5,B,C,A,"RT 123","HARRISON ST",10,S,N,2008-12-29,103,2008-05-05,1833,64,20,5,6,0,0,,0,017,-,Y,ALA,4,123,-,-,4.1,H,-,N,N,3,A,-,21802,A,F,A,H,-,A,A,0,Y,A,01,0,0,1,0,0,0,0,0,0,-,-,BERKELEY,ALAMEDA,CA,0,0
3798868,-122.283262293,37.8808937073,2008,0103,0,1,4,09,0,1,B,,,,,,2400,5,D,C,A,"SACRAMENTO ST/ADDISON ST","SACRAMENTO ST",32,E,N,2008-11-21,103,2008-05-05,2108,110,31,5,6,0,0,,0,014,-,N,,0,0,,,0,,,,N,2,A,-,21802,,N,A,H,-,C,D,0,Y,A,07,0,0,1,0,0,0,0,0,0,-,-,BERKELEY,ALAMEDA,CA,0,0
3799083,-122.265453152,37.8742637634,2008,0103,0,1,3,10,0,1,A,Y,,,,,1200,4,G,B,B,"HEARST AV","SPRUCE ST",0,,Y,2008-10-31,103,2008-04-28,920,16,24,5,6,0,0,,0,002,-,N,,0,0,,,0,,,,N,2,A,-,21950,A,N,A,H,-,A,A,0,Y,A,01,0,1,0,0,1,0,0,0,0,-,-,BERKELEY,ALAMEDA,CA,0,0
3811557,-122.303522663,37.865434883,2008,0103,1,3,4,03,0,1,A,,,,,,1800,6,C,C,A,"RT 80","UNIVERSITY AV",300,W,N,2009-01-02,9370,2008-06-18,1720,17934,,2,6,0,1,,2,081,-,Y,ALA,4,80,-,-,5.78,H,-,W,N,4,A,-,22350,,N,A,H,-,A,D,6,Y,A,01,0,0,1,0,0,0,0,0,0,-,-,BERKELEY,ALAMEDA,CA,0,0