CASEID,POINT_X,POINT_Y,YEAR_,LOCATION,CHPTYPE,DAYWEEK,CRASHSEV,VIOLCAT,KILLED,INJURED,WEATHER1,PEDCOL,BICCOL,MCCOL,TRUCKCOL,ETOH,TIMECAT,MONTH_,CRASHTYP,INVOLVE,PED,PRIMARYRD,SECONDRD,DISTANCE,DIRECT,INTERSECT_,PROCDATE,JURIS,DATE_,TIME_,BADGE,JURIDIST,SHIFT,POP,SPECIAL,BEATTYPE,LAPDDIV,BEATCLAS,BEATNUMB,WEATHER2,STATEHW,CALTRANC,CALTRAND,STROUTE,ROUTESUF,POSTPRE,POSTMILE,LOCATYPE,RAMP,SIDEHW,TOWAWAY,PARTIES,PCF,VIOLCODE,VIOL,VIOLSUB,HITRUN,ROADSURF,RDCOND1,RDCOND2,LIGHTING,RIGHTWAY,CHPRDTYP,NOTPRIV,STFAULT,CHPFAULT,SEVINJ,OTHERINJ,COP,PEDKILL,PEDINJ,BICKILL,BICINJ,MCKILL,MCINJURE,RAMP1,RAMP2,CITY,COUNTY,STATE,X_CHP,Y_CHP
3933819,-122.283303154,37.8637542725,2008,0103,0,3,3,09,0,1,A,,Y,,,,1200,9,D,G,A,"CHANNING WY","ACTON ST",0,,Y,2009-05-06,103,2008-09-10,1130,143,31,5,6,0,0,,0,014,-,N,,0,0,,,0,,,,N,2,A,-,21802,A,N,A,H,-,A,A,0,Y,A,01,0,1,0,0,0,0,1,0,0,-,-,BERKELEY,ALAMEDA,CA,0,0
3933820,-122.286801961,37.852177668,2008,0103,0,6,3,08,0,1,A,,,,,,1800,9,D,C,A,"RT 123","RT 13",10,S,N,2009-05-28,103,2008-09-06,1748,53,40,5,6,0,0,,0,013,-,Y,ALA,4,123,-,-,1.91,H,-,S,Y,3,A,-,22100,A,N,A,H,-,A,A,0,Y,A,01,0,1,0,0,0,0,0,0,0,-,-,BERKELEY,ALAMEDA,CA,0,0
3933822,-122.268734366,37.8721847534,2008,0103,0,5,3,08,0,1,B,,,Y,,,2100,9,B,C,A,"UNIVERSITY AV","SHATTUCK AV",79,W,N,2009-04-30,103,2008-09-12,2033,39,29,5,6,0,0,,0,004,-,N,,0,0,,,0,,,,N,2,A,-,22107,,N,A,H,-,C,D,0,Y,A,01,0,1,0,0,0,0,0,0,0,-,-,BERKELEY,ALAMEDA,CA,0,0
3933823,-122.252323149,37.8694648743,2008,0103,0,1,4,17,0,1,A,,Y,,,,900,9,C,G,A,"PIEDMONT AV",BANCROFT,50,S,N,2009-05-04,103,2008-09-08,805,9,,5,6,0,0,,0,001,-,N,,0,0,,,0,,,,N,2,A,-,22517,,N,A,H,-,A,D,0,Y,A,01,0,0,1,0,0,0,1,0,0,-,-,BERKELEY,ALAMEDA,CA,0,0
3933824,-122.306520123,37.8783187866,2008,0103,0,6,3,09,0,2,A,,,,,,1500,9,D,C,A,"GILMAN ST","EASTSHORE HWY",11,W,N,2009-05-01,103,2008-09-06,1220,33,20,5,6,0,0,,0,017,-,N,,0,0,,,0,,,,N,2,A,-,21802,A,N,A,H,-,A,D,0,Y,A,01,0,2,0,0,0,0,0,0,0,-,-,BERKELEY,ALAMEDA,CA,0,0
3933831,-122.27097315,37.8524665833,2008,0103,0,7,2,03,0,1,A,Y,,,,,1800,9,G,B,B,"MARTIN LUTHER KING JR WY","PRINCE ST",0,,Y,2009-05-01,103,2008-09-07,1635,31,40,5,6,0,0,,0,011,-,N,,0,0,,,0,,,,N,2,A,-,22350,,N,A,H,-,A,D,0,Y,N,60,1,0,0,0,1,0,0,0,0,-,-,BERKELEY,ALAMEDA,CA,0,0
3933832,-122.281823154,37.8673858643,2008,0103,0,2,4,-,0,1,A,,,,,,1800,9,B,C,A,"SACRAMENTO ST","ALLSTON WY",0,,Y,2009-05-01,103,2008-09-02,1601,57,31,5,6,0,0,,0,004,-,N,,0,0,,,0,,,,Y,2,A,-,0,,N,A,H,-,A,A,0,Y,-,-,0,0,1,0,0,0,0,0,0,-,-,BERKELEY,ALAMEDA,CA,0,0
3933836,-122.274433152,37.8630561829,2008,0103,0,3,3,12,0,1,A,,Y,,,,2400,9,D,G,A,"DWIGHT WY","GRANT ST",0,,Y,2009-05-01,103,2008-09-03,2100,124,30,5,6,0,0,,0,005,-,N,,0,0,,,0,,,,N,2,A,-,22450,,N,A,H,-,C,A,0,Y,L,04,0,1,0,0,0,0,1,0,0,-,-,BERKELEY,ALAMEDA,CA,0,0
3933840,-122.284993153,37.8589859009,2008,0103,0,2,3,12,0,1,A,,Y,,,,2100,9,H,G,A,"CARLETON ST","MABEL AV",0,,Y,2009-05-01,103,2008-09-02,2049,29,36,5,6,0,0,,0,014,-,N,,0,0,,,0,,,,N,2,A,-,22450,,N,A,H,-,C,A,0,Y,L,04,0,1,0,0,0,0,1,0,0,-,-,BERKELEY,ALAMEDA,CA,0,0
3945056,-122.252383149,37.869594574,2008,0103,0,3,4,03,0,1,A,,Y,,,,2100,10,H,G,A,"BANCROFT WY","PIEDMONT AV",0,,Y,2009-05-16,103,2008-10-01,1948,50,26,5,6,0,0,,0,007,-,N,,0,0,,,0,,,,N,2,A,-,22350,,N,A,H,-,C,A,0,Y,L,04,0,0,1,0,0,0,0,0,0,-,-,BERKELEY,ALAMEDA,CA,0,0
3945076,-122.254073318,37.8664588928,2008,0103,0,2,4,03,0,1,A,,,,,,1500,9,C,C,A,"COLLEGE AV","HASTE ST",54,S,N,2009-04-17,103,2008-09-30,1245,21,277,5,6,0,0,,0,007,-,N,,0,0,,,0,,,,N,2,A,-,22350,,N,A,H,-,A,D,0,Y,D,22,0,0,1,0,0,0,0,0,0,-,-,BERKELEY,ALAMEDA,CA,0,0
3953776,-122.307556879,37.879430162,2008,0103,1,1,4,04,0,2,A,,,,,,1800,10,C,C,A,"RT 80","GILLMAN ST",100,E,N,2009-06-09,9370,2008-10-20,1740,12091,,2,6,0,1,,2,081,-,Y,ALA,4,80,-,-,6.7,H,-,E,N,2,A,-,21703,,N,A,H,-,A,D,6,Y,A,01,0,0,2,0,0,0,0,0,0,-,-,BERKELEY,ALAMEDA,CA,0,0
3972720,-122.307247554,37.877322628,2008,0103,1,7,3,08,0,2,A,,,,,,1500,10,E,I,A,"RT 80","GILMAN ST",109,W,N,2009-06-08,9370,2008-10-26,1355,18812,,1,6,0,1,,2,081,-,Y,ALA,4,80,-,-,6.6,H,-,W,Y,1,A,-,22107,,N,A,H,-,A,D,6,Y,A,01,0,1,1,0,0,0,0,0,0,-,-,BERKELEY,ALAMEDA,CA,0,0
3972794,-122.307309503,37.877522632,2008,0103,1,6,3,01,0,1,C,,,,,Y,600,11,E,I,A,"RT 80","GILMAN ST",50,W,N,2009-08-12,9370,2008-11-01,403,01871,,3,6,0,1,,2,081,-,Y,ALA,4,80,-,-,6.61,H,-,W,Y,1,A,-,23152,A,N,B,H,-,D,D,6,Y,A,01,0,1,0,0,0,0,0,0,0,-,-,BERKELEY,ALAMEDA,CA,0,0
3972882,-122.29841557,37.847079642,2008,0103,1,5,4,07,0,4,A,,,,Y,,2400,11,B,C,A,"RT 80","EAST ASHBY AV",617,W,N,2009-06-22,9370,2008-11-28,2345,19066,,3,6,0,1,,2,081,-,Y,ALA,4,80,-,-,4.46,H,-,E,Y,3,A,-,21658,A,N,A,H,-,C,D,6,Y,A,01,0,0,4,0,0,0,0,0,0,-,-,BERKELEY,ALAMEDA,CA,0,0
3972921,-122.29777904,37.844308063,2008,0103,1,1,4,22,0,1,B,,,,Y,,1800,12,B,C,A,"RT 80","ASHBY AV WEST",741,W,N,2009-08-05,9370,2008-12-01,1710,13534,,2,6,0,1,,2,080,-,Y,ALA,4,80,-,-,4.31,H,-,E,N,2,B,-,0,,M,A,H,-,B,D,6,Y,G,25,0,0,1,0,0,0,0,0,0,-,-,BERKELEY,ALAMEDA,CA,0,0
3977322,-122.299205139,37.850529243,2008,0103,1,6,4,07,0,1,B,,,,,,2400,12,B,C,A,"RT 80","ASHBY AV",300,E,N,2009-07-31,9370,2008-12-13,2310,18864,,3,6,0,1,,2,081,-,Y,ALA,4,80,-,-,4.64,H,-,E,Y,2,A,-,21658,A,N,B,H,-,E,D,6,Y,A,01,0,0,1,0,0,0,0,0,0,-,-,BERKELEY,ALAMEDA,CA,0,0
3984854,-122.308530779,37.882774676,2008,0103,1,3,4,07,0,1,E,,,,Y,,900,12,B,C,A,"RT 80","BUCHANAN ST",100,W,N,2009-08-11,9370,2008-12-03,645,01905,,1,6,0,1,,2,081,-,Y,ALA,4,80,-,R,7.06,H,-,W,N,2,A,-,21658,A,N,A,H,-,A,D,6,Y,G,27,0,0,1,0,0,0,0,0,0,-,-,BERKELEY,ALAMEDA,CA,0,0
3986373,-122.253466863,37.8611488342,2008,0103,0,1,3,05,0,1,A,,,,,,1200,11,B,C,A,"COLLEGE AV","FOREST ST",90,S,N,2009-09-10,103,2008-11-17,1044,6,38,5,6,0,0,,0,008,-,N,,0,0,,,0,,,,N,2,A,-,21650,,N,A,H,-,A,D,0,Y,D,22,0,1,0,0,0,0,0,0,0,-,-,BERKELEY,ALAMEDA,CA,0,0
4003375,-122.29523493,37.8607215881,2008,0103,0,1,2,01,0,1,A,,,,,Y,2100,12,B,E,A,"DWIGHT CRES","6TH ST",102,,N,2009-07-21,103,2008-12-01,1900,112,20,5,6,0,0,,0,015,-,N,,0,0,,,0,,,,Y,2,A,-,23152,A,F,A,H,-,C,D,0,Y,A,,1,0,0,0,0,0,0,0,0,-,-,BERKELEY,ALAMEDA,CA,0,0
4003398,-122.268082542,37.8691596985,2008,0103,0,4,3,00,0,1,A,,Y,,,,1800,12,B,C,A,"SHATTUCK AV","ALLSTON WY",79,S,N,2009-07-21,103,2008-12-18,1530,37,29,5,6,0,0,,0,004,-,N,,0,0,,,0,,,,N,2,D,-,0,,N,A,H,-,A,A,0,Y,-,-,0,1,0,0,0,0,1,0,0,-,-,BERKELEY,ALAMEDA,CA,0,0
4003693,-122.288000912,37.8613090515,2008,0103,0,4,4,10,0,1,A,Y,,,,,2100,11,G,B,B,"DWIGHT WY","CURTIS ST",14,W,N,2009-06-27,103,2008-11-27,1915,152,33,5,6,0,0,,0,014,-,N,,0,0,,,0,,,,N,2,A,-,21950,C,N,A,H,-,C,D,0,Y,A,01,0,0,1,0,1,0,0,0,0,-,-,BERKELEY,ALAMEDA,CA,0,0
4003697,-122.245353147,37.8589439392,2008,0103,0,6,4,08,0,1,A,,,Y,,,1800,11,D,-,A,"CLAREMONT BL","RUSSELL ST",0,,Y,2009-06-27,103,2008-11-29,1716,106,37,5,6,0,0,,0,008,-,N,,0,0,,,0,,,,Y,2,A,-,22107,,N,A,H,-,C,D,0,Y,A,01,0,0,1,0,0,0,0,0,1,-,-,BERKELEY,ALAMEDA,CA,0,0
4003761,-122.267595055,37.8745536804,2008,0103,0,5,3,08,0,1,A,,Y,,,,1200,11,H,I,A,"WALNUT ST","HEARST AV",200,N,N,2009-06-25,103,2008-11-14,1118,145,25,5,6,0,0,,0,003,-,N,,0,0,,,0,,,,N,1,A,-,22107,,N,A,H,-,C,D,0,Y,L,04,0,1,0,0,0,0,1,0,0,-,-,BERKELEY,ALAMEDA,CA,0,0
4003762,-122.279373771,37.853257629,2008,0103,0,5,3,09,0,1,B,Y,,,,,900,11,G,B,B,"SACRAMENTO ST","RT 13",0,,Y,2009-08-05,103,2008-11-07,755,6,33,5,6,0,0,,0,013,-,Y,ALA,4,13,-,-,12.76,I,6,S,N,2,A,-,21453,B,N,A,H,-,A,A,0,Y,D,22,0,1,0,0,1,0,0,0,0,-,-,BERKELEY,ALAMEDA,CA,0,0
4003763,-122.252690263,37.857060532,2008,0103,0,6,4,10,0,1,C,Y,,,,,1800,11,G,B,B,"RT 13","COLLEGE AV",0,,Y,2009-07-15,103,2008-11-01,1755,106,39,5,6,0,0,,0,008,-,Y,ALA,4,13,-,-,11.23,I,6,S,N,2,A,-,21950,A,N,B,H,-,B,A,0,Y,A,01,0,0,1,0,1,0,0,0,0,-,-,BERKELEY,ALAMEDA,CA,0,0
4003765,-122.298473156,37.8664550781,2008,0103,0,5,3,12,0,1,A,,Y,,,Y,2100,11,D,G,A,"ADDISON ST","5TH ST",0,,Y,2009-06-25,103,2008-11-14,1911,1,20,5,6,0,0,,0,016,-,N,,0,0,,,0,,,,N,2,A,-,22450,A,N,A,H,-,D,D,0,Y,L,04,0,1,0,0,0,0,1,0,0,-,-,BERKELEY,ALAMEDA,CA,0,0
4003766,-122.260073115,37.8750801086,2008,0103,0,5,4,03,0,1,A,,,,,,1200,11,C,C,A,"HEARST AV","EUCLID AV",35,E,N,2009-06-25,103,2008-11-07,931,151,25,5,6,0,0,,0,002,-,N,,0,0,,,0,,,,Y,2,A,-,22350,,N,A,H,-,A,A,0,Y,A,01,0,0,1,0,0,0,0,0,0,-,-,BERKELEY,ALAMEDA,CA,0,0
4003769,-122.252867782,37.857048697,2008,0103,0,5,3,10,0,1,A,Y,,,,,1500,11,G,B,B,RT13,"COLLEGE AV",0,,Y,2009-07-15,103,2008-11-14,1325,151,39,5,6,0,0,,0,008,-,Y,ALA,4,13,-,-,11.24,H,-,S,N,2,A,-,21950,A,N,A,H,-,A,A,0,Y,A,01,0,1,0,0,1,0,0,0,0,-,-,BERKELEY,ALAMEDA,CA,0,0
4003770,-122.280102819,37.853245003,2008,0103,0,6,3,01,0,1,A,,,,,Y,300,11,E,I,A,"RT 13","STANTON ST",10,W,N,2009-07-15,103,2008-11-08,3,119,33,5,6,0,0,,0,013,-,Y,ALA,4,13,-,-,12.81,H,-,N,Y,1,A,-,23152,,N,A,H,-,C,D,0,Y,-,-,0,1,0,0,0,0,0,0,0,-,-,BERKELEY,ALAMEDA,CA,0,0
4003777,-122.270849779,37.8508033752,2008,0103,0,6,4,03,0,1,A,,,,,,1500,11,C,C,A,"MARTIN LUTHER KING JR WY","FAIRVIEW ST",54,N,N,2009-06-25,103,2008-11-15,1400,99,39,5,6,0,0,,0,010,-,N,,0,0,,,0,,,,N,2,A,-,22350,,N,A,H,-,A,A,0,Y,A,07,0,0,1,0,0,0,0,0,0,-,-,BERKELEY,ALAMEDA,CA,0,0
4003778,-122.252513619,37.857078556,2008,0103,0,5,4,10,0,1,A,Y,,,,,1500,11,G,B,B,"RT 13","COLLEGE AV",0,,Y,2009-07-15,103,2008-11-07,1222,6,39,5,6,0,0,,0,009,-,Y,ALA,4,13,-,-,11.22,H,-,S,N,2,A,-,21950,A,N,A,H,-,A,A,0,Y,A,01,0,0,1,0,1,0,0,0,0,-,-,BERKELEY,ALAMEDA,CA,0,0
4003781,-122.246024059,37.8572120667,2008,0103,0,6,3,09,0,1,A,,Y,,,,1800,11,D,G,A,"CLAREMONT AV","CLAREMONT CRES",6,S,N,2009-08-04,103,2008-11-15,1630,106,38,5,6,0,0,,0,008,-,N,,0,0,,,0,,,,N,2,A,-,21801,A,N,A,H,-,B,D,0,Y,A,07,0,1,0,0,0,0,1,0,0,-,-,BERKELEY,ALAMEDA,CA,0,0
4003785,-122.299303157,37.8691062927,2008,0103,0,7,4,12,0,1,A,,,,,,1800,11,D,D,A,"HEARST AV","5TH ST",0,,Y,2009-08-21,103,2008-11-16,1503,94,20,5,6,0,0,,0,016,-,N,,0,0,,,0,,,,Y,2,A,-,22450,,N,A,H,-,A,A,0,Y,A,01,0,0,1,0,0,0,0,0,0,-,-,BERKELEY,ALAMEDA,CA,0,0
4003789,-122.292189559,37.868845665,2008,0103,0,6,3,08,0,1,A,Y,,,,Y,2400,11,C,E,C,"RT 123","UNIVERSITY AV",129,S,N,2009-07-09,103,2008-11-15,2215,77,32,5,6,0,0,,0,016,-,Y,ALA,4,123,-,-,3.13,H,-,S,Y,3,A,-,22107,,F,A,H,-,C,D,0,Y,D,22,0,1,0,0,1,0,0,0,0,-,-,BERKELEY,ALAMEDA,CA,0,0
4003790,-122.271634863,37.854231684,2008,0103,0,6,3,09,0,3,B,,,,,,2400,11,A,C,A,"M L KING JR WY","RT 13",0,,Y,2009-07-15,103,2008-11-08,2354,155,34,5,6,0,0,,0,011,-,Y,ALA,4,13,-,-,12.32,I,5,S,Y,2,A,-,21801,A,N,A,H,-,C,A,0,Y,A,07,0,1,2,0,0,0,0,0,0,-,-,BERKELEY,ALAMEDA,CA,0,0
4003791,-122.291660662,37.8525772095,2008,0103,0,7,3,03,0,5,B,,,,,Y,1800,11,C,C,A,7TH,"ANTHONY ST",135,N,N,2009-07-21,103,2008-11-02,1607,137,20,5,6,0,0,,0,015,-,N,,0,0,,,0,,,,Y,3,A,-,22350,,F,A,H,-,A,D,0,Y,A,01,0,3,2,0,0,0,0,0,0,-,-,BERKELEY,ALAMEDA,CA,0,0
4003794,-122.249959885,37.867641449,2008,0103,0,6,2,00,0,1,C,Y,,,,Y,2100,11,G,B,D,"PROSPECT ST","HILLSIDE AV",45,S,N,2009-06-25,103,2008-11-08,2036,93,27,5,6,0,0,,0,007,-,N,,0,0,,,0,,,,N,2,D,-,0,,N,B,H,-,C,A,0,Y,-,-,1,0,0,0,1,0,0,0,0,-,-,BERKELEY,ALAMEDA,CA,0,0
4003797,-122.278541417,37.8833732605,2008,0103,0,6,4,06,0,1,A,,,,,,1200,11,C,E,A,"HOPKINS ST","COLUSA AV",298,E,N,2009-06-25,103,2008-11-15,1015,103,13,5,6,0,0,,0,001,-,N,,0,0,,,0,,,,Y,3,A,-,21750,,N,A,H,-,A,D,0,Y,A,01,0,0,1,0,0,0,0,0,0,-,-,BERKELEY,ALAMEDA,CA,0,0
4003799,-122.271274797,37.8854598999,2008,0103,0,6,2,10,0,1,C,Y,,,,,1800,11,G,B,B,"HENRY ST","EUNICE ST",6,S,N,2009-06-29,103,2008-11-01,1756,007,17,5,6,0,0,,0,001,-,N,,0,0,,,0,,,,N,2,A,-,21950,A,N,B,H,-,C,A,0,Y,A,01,1,0,0,0,1,0,0,0,0,-,-,BERKELEY,ALAMEDA,CA,0,0
4003801,-122.286812259,37.852119098,2008,0103,0,2,4,03,0,1,A,,,,,,1500,11,C,C,A,"RT 13","RT 123",0,W,N,2009-07-15,103,2008-11-18,1225,6,20,5,6,0,0,,0,015,-,Y,ALA,4,13,-,-,13.19,H,-,N,Y,2,A,-,22350,,N,A,H,-,A,A,0,Y,A,01,0,0,1,0,0,0,0,0,0,-,-,BERKELEY,ALAMEDA,CA,0,0
4003802,-122.27157315,37.8486938477,2008,0103,0,3,3,-,0,1,B,,Y,,,,900,11,D,G,A,"ADELINE  ST","ALCATRAZ AV",0,,Y,2009-06-25,103,2008-11-12,651,143,40,5,6,0,0,,0,011,-,N,,0,0,,,0,,,,N,2,A,-,0,,N,A,H,-,A,A,0,Y,L,04,0,1,0,0,0,0,1,0,0,-,-,BERKELEY,ALAMEDA,CA,0,0
4003803,-122.282081555,37.870426178,2008,0103,0,6,4,10,0,1,B,Y,,,,,2400,11,G,B,B,"SACRAMENTO ST","UNIVERSITY AV",7,S,N,2009-06-25,103,2008-11-01,2303,141,32,5,6,0,0,,0,014,C,N,,0,0,,,0,,,,N,2,A,-,21950,A,N,B,H,-,C,A,0,Y,A,01,0,0,1,0,1,0,0,0,0,-,-,BERKELEY,ALAMEDA,CA,0,0
4003814,-122.253176035,37.8581466675,2008,0103,0,1,3,17,0,1,A,,Y,,,,2100,11,H,G,A,"COLLEGE AV","RUSSELL ST",120,S,N,2009-06-25,103,2008-11-10,1919,100,37,5,6,0,0,,0,009,-,N,,0,0,,,0,,,,N,2,A,-,22517,,N,A,H,-,C,D,0,Y,A,01,0,1,0,0,0,0,1,0,0,-,-,BERKELEY,ALAMEDA,CA,0,0
4003819,-122.27119315,37.8496856689,2008,0103,0,2,4,10,0,1,A,Y,,,,,2400,11,G,B,B,"ADELINE ST","HARMON ST",0,,Y,2009-06-25,103,2008-11-04,2141,155,39,5,6,0,0,,0,011,-,N,,0,0,,,0,,,,N,2,A,-,21950,A,N,A,H,-,C,D,0,Y,A,01,0,0,1,0,1,0,0,0,0,-,-,BERKELEY,ALAMEDA,CA,0,0
4003821,-122.277883151,37.8478660583,2008,0103,0,6,2,09,0,2,A,,,,,,1200,11,A,C,A,"ALCATRAZ AV","SACRAMENTO ST",0,,Y,2009-06-25,103,2008-11-22,951,51,40,5,6,0,0,,0,013,-,N,,0,0,,,0,,,,Y,2,A,-,21801,A,N,A,H,-,A,A,0,Y,A,07,1,0,1,0,0,0,0,0,0,-,-,BERKELEY,ALAMEDA,CA,0,0
4003825,-122.280003155,37.8800239563,2008,0103,0,6,4,08,0,1,A,,,,,,1500,11,A,I,A,"MCGEE AV","ROSE ST",0,S,N,2009-06-25,103,2008-11-22,1219,38,18,5,6,0,0,,0,003,-,N,,0,0,,,0,,,,N,1,A,-,22107,,N,A,H,-,A,A,0,Y,A,08,0,0,1,0,0,0,0,0,0,-,-,BERKELEY,ALAMEDA,CA,0,0
4003829,-122.298174601,37.8693084717,2008,0103,0,3,2,03,0,1,A,,,,,,2100,11,C,C,A,"6TH ST","HEARST ST",10,S,N,2009-06-25,103,2008-11-19,1930,51,21,5,6,0,0,,0,016,-,N,,0,0,,,0,,,,N,2,A,-,22350,,F,A,H,-,C,A,0,Y,-,-,1,0,0,0,0,0,0,0,0,-,-,BERKELEY,ALAMEDA,CA,0,0
4003830,-122.26073315,37.8648338318,2008,0103,0,4,4,10,0,1,A,Y,,,,,1800,11,G,B,B,"DANA ST","DWIGHT WY",0,,Y,2009-06-24,103,2008-11-13,1759,93,28,5,6,0,0,,0,006,-,N,,0,0,,,0,,,,N,2,A,-,21950,A,N,A,H,-,C,A,0,Y,A,01,0,0,1,0,1,0,0,0,0,-,-,BERKELEY,ALAMEDA,CA,0,0
4003833,-122.298082807,37.8800239563,2008,0103,0,6,4,17,0,1,A,,Y,,,,2400,11,D,G,A,"GILMAN ST",9TH,15,E,N,2009-06-29,103,2008-11-22,2139,156,20,5,6,0,0,,0,017,-,N,,0,0,,,0,,,,N,2,A,-,21208,B,N,A,H,-,C,D,0,Y,L,04,0,0,1,0,0,0,1,0,0,-,-,BERKELEY,ALAMEDA,CA,0,0
4003834,-122.269143571,37.8779945374,2008,0103,0,4,4,17,0,1,A,,Y,,,,900,11,H,G,A,"SHATTUCK AV","S CEDAR ST",150,S,N,2009-06-25,103,2008-11-13,759,84,24,5,6,0,0,,0,003,-,N,,0,0,,,0,,,,N,2,A,-,22517,,N,A,H,-,A,D,0,Y,A,07,0,0,1,0,0,0,1,0,0,-,-,BERKELEY,ALAMEDA,CA,0,0
4003835,-122.291923155,37.8643951416,2008,0103,0,4,3,10,0,1,A,Y,,,,,1800,11,-,B,B,"10TH ST","BANCROFT WY",0,,Y,2009-06-25,103,2008-11-06,1545,77,32,5,6,0,0,,0,016,-,N,,0,0,,,0,,,,N,2,A,-,21950,A,N,A,H,-,A,A,0,Y,D,22,0,1,0,0,1,0,0,0,0,-,-,BERKELEY,ALAMEDA,CA,0,0
4003852,-122.278055006,37.8478469849,2008,0103,0,1,4,03,0,2,A,,,,,,1200,11,C,C,A,"ALCATRAZ AV","SACRAMENTO ST",50,W,N,2009-06-25,103,2008-11-24,1135,19,40,5,6,0,0,,0,013,-,N,,0,0,,,0,,,,N,3,A,-,22350,,F,A,H,-,A,A,0,Y,-,99,0,0,2,0,0,0,0,0,0,-,-,BERKELEY,ALAMEDA,CA,0,0
4003856,-122.280209475,37.8706855774,2008,0103,0,2,4,-,0,1,A,,Y,,,,2100,11,D,G,A,"UNIVERSITY AV","CALIFORNIA ST",110,W,N,2009-06-25,103,2008-11-25,2053,114,30,5,6,0,0,,0,005,-,N,,0,0,,,0,,,,N,2,A,-,0,,N,A,H,-,C,D,0,Y,L,04,0,0,1,0,0,0,1,0,0,-,-,BERKELEY,ALAMEDA,CA,0,0
4003860,-122.271634863,37.854231684,2008,0103,0,2,4,09,0,1,B,,Y,,,,1800,11,D,G,A,"MARTIN LUTHER KING JR WY","RT 13",0,,Y,2009-07-15,103,2008-11-25,1600,146,34,5,6,0,0,,0,011,-,Y,ALA,4,13,-,-,12.32,I,5,S,N,2,A,-,21801,A,N,A,H,-,A,A,0,Y,A,01,0,0,1,0,0,0,1,0,0,-,-,BERKELEY,ALAMEDA,CA,0,0
4003864,-122.292825472,37.8562011719,2008,0103,0,2,4,03,0,1,A,,Y,,,,2100,11,A,G,A,"7TH ST","PARDEE ST",51,N,N,2009-06-25,103,2008-11-25,1800,37,33,5,6,0,0,,0,015,-,N,,0,0,,,0,,,,N,2,A,-,22350,,N,A,H,-,C,A,0,Y,L,04,0,0,1,0,0,0,1,0,0,-,-,BERKELEY,ALAMEDA,CA,0,0
4003872,-122.27022432,37.85438722,2008,0103,0,3,4,03,0,1,C,,,,,,1500,11,C,C,A,ADELINE,"RT 13",0,,Y,2009-08-28,103,2008-11-26,1451,37,39,5,6,0,0,,0,010,-,Y,ALA,4,13,-,-,12.24,I,6,S,N,2,A,-,22350,,N,B,H,-,A,A,0,Y,D,22,0,0,1,0,0,0,0,0,0,-,-,BERKELEY,ALAMEDA,CA,0,0
4003876,-122.27924476,37.8544120789,2008,0103,0,3,4,03,0,1,B,,,,,,1200,11,C,C,A,"SACRAMENTO ST","JULIA ST",87,N,N,2009-06-25,103,2008-11-26,1123,6,34,5,6,0,0,,0,013,C,N,,0,0,,,0,,,,N,2,A,-,22350,,N,B,H,-,A,D,0,Y,A,01,0,0,1,0,0,0,0,0,0,-,-,BERKELEY,ALAMEDA,CA,0,0
4003880,-122.267459849,37.855170835,2008,0103,0,3,4,11,0,1,B,Y,,,,,2100,11,G,B,D,"RT 13","SHATTUCK AV",70,W,N,2009-07-15,103,2008-11-26,1949,114,39,5,6,0,0,,0,010,-,Y,ALA,4,13,-,-,12.07,H,-,S,N,2,A,-,21955,,N,B,H,-,C,A,0,Y,N,60,0,0,1,0,1,0,0,0,0,-,-,BERKELEY,ALAMEDA,CA,0,0
4011786,-122.302234878,37.86058701,2008,0103,1,4,4,03,0,1,A,,,,,,2100,12,C,C,A,"RT 80","UNIVERSITY AV",2341,W,N,2009-08-19,9370,2008-12-04,1800,13964,,2,6,0,1,,2,081,-,Y,ALA,4,80,-,-,5.4,H,-,W,N,2,A,-,22350,,N,A,H,-,D,D,6,Y,A,01,0,0,1,0,0,0,0,0,0,-,-,BERKELEY,ALAMEDA,CA,0,0
4014600,-122.270979784,37.8535232544,2008,0103,0,3,3,09,0,1,A,,Y,,,,2100,10,D,G,A,"MARTIN LUTHER KING JR WY","RT 13",290,S,N,2009-06-23,103,2008-10-08,1929,114,39,5,6,0,0,,0,010,-,N,,0,0,,,0,,,,N,2,A,-,21804,A,F,A,H,-,C,A,0,Y,-,-,0,1,0,0,0,0,1,0,0,-,-,BERKELEY,ALAMEDA,CA,0,0
4020324,-122.258686339,37.8669319153,2008,0103,0,4,4,03,0,1,A,,,,,,1500,12,C,C,A,"CHANNING WY","TELEGRAPH AV",40,E,N,2009-08-12,103,2008-12-04,1246,23,28,5,6,0,0,,0,007,-,N,,0,0,,,0,,,,N,2,A,-,22350,,N,A,H,-,A,A,0,Y,A,01,0,0,1,0,0,0,0,0,0,-,-,BERKELEY,ALAMEDA,CA,0,0
4020328,-122.275273154,37.881275177,2008,0103,0,3,3,09,0,1,A,,Y,,,,1500,12,D,G,A,"ROSE ST","JOSEPHINE ST",0,,Y,2009-08-12,103,2008-12-03,1400,151,18,5,6,0,0,,0,003,-,N,,0,0,,,0,,,,N,2,A,-,21802,A,N,A,H,-,A,A,0,Y,L,04,0,1,0,0,0,0,1,0,0,-,-,BERKELEY,ALAMEDA,CA,0,0