CASEID,POINT_X,POINT_Y,YEAR_,LOCATION,CHPTYPE,DAYWEEK,CRASHSEV,VIOLCAT,KILLED,INJURED,WEATHER1,PEDCOL,BICCOL,MCCOL,TRUCKCOL,ETOH,TIMECAT,MONTH_,CRASHTYP,INVOLVE,PED,PRIMARYRD,SECONDRD,DISTANCE,DIRECT,INTERSECT_,PROCDATE,JURIS,DATE_,TIME_,BADGE,JURIDIST,SHIFT,POP,SPECIAL,BEATTYPE,LAPDDIV,BEATCLAS,BEATNUMB,WEATHER2,STATEHW,CALTRANC,CALTRAND,STROUTE,ROUTESUF,POSTPRE,POSTMILE,LOCATYPE,RAMP,SIDEHW,TOWAWAY,PARTIES,PCF,VIOLCODE,VIOL,VIOLSUB,HITRUN,ROADSURF,RDCOND1,RDCOND2,LIGHTING,RIGHTWAY,CHPRDTYP,NOTPRIV,STFAULT,CHPFAULT,SEVINJ,OTHERINJ,COP,PEDKILL,PEDINJ,BICKILL,BICINJ,MCKILL,MCINJURE,RAMP1,RAMP2,CITY,COUNTY,STATE,X_CHP,Y_CHP
4384678,-122.261758685,37.855905857,2009,0103,0,5,4,03,0,2,A,,,,,,1800,7,C,C,A,"RT 13","DEAKIN ST",17,W,N,2010-09-23,103,2009-07-31,1600,1,36,5,6,0,0,,0,009,-,Y,ALA,4,13,-,-,11.78,H,-,N,N,2,A,-,22350,,N,A,H,-,A,A,0,Y,A,01,0,0,2,0,0,0,0,0,0,-,-,BERKELEY,ALAMEDA,CA,0,0
4384680,-122.289363651,37.860001701,2009,0103,0,4,4,03,0,2,A,,,,,,1500,7,C,C,A,"RT 123","SAN PABLO AV",15,N,N,2010-09-10,103,2009-07-09,1249,131,C33,5,6,0,0,,0,B15,-,Y,ALA,4,123,-,-,2.5,H,-,S,N,2,A,-,22350,,N,A,H,-,A,D,0,Y,A,01,0,0,2,0,0,0,0,0,0,-,-,BERKELEY,ALAMEDA,CA,0,0
4384683,-122.2730326,37.87337432,2009,0103,0,4,3,03,0,1,A,,,,,,1200,7,E,E,A,"HEARST AV","MARTIN LUTHER KING JR WY",56,N,-,2010-04-09,103,2009-07-02,912,66,23,5,6,0,0,,0,003,-,N,,0,0,,,0,,,,Y,3,A,-,22350,,N,A,H,-,A,D,0,Y,A,01,0,1,0,0,0,0,0,0,0,-,-,BERKELEY,ALAMEDA,CA,0,0
4384684,-122.26014,37.85295,2009,0103,0,4,4,09,0,1,A,,,,,,1500,7,D,C,A,"TELEGRAPH AV","WOOLSEY ST",0,,Y,2010-04-09,103,2009-07-09,1215,98,39,5,6,0,0,,0,009,-,N,,0,0,,,0,,,,Y,2,A,-,21801,A,N,A,H,-,A,A,0,Y,D,22,0,0,1,0,0,0,0,0,0,-,-,BERKELEY,ALAMEDA,CA,0,0
4384686,-122.2847557,37.87382172,2009,0103,0,5,4,11,0,1,B,Y,,,,,2100,7,G,C,D,"ACTON ST","VIRGINIA ST",279,S,N,2010-04-12,103,2009-07-31,1837,78,CEN20,5,6,0,0,,0,018,-,N,,0,0,,,0,,,,N,2,A,-,21954,A,N,A,H,-,A,D,0,Y,N,60,0,0,1,0,1,0,0,0,0,-,-,BERKELEY,ALAMEDA,CA,0,0
4384688,-122.26789,37.86757,2009,0103,0,4,4,06,0,1,A,,Y,,,,1800,7,B,G,A,"SHATTUCK AV","BANCROFT WY",10,,N,2010-04-09,103,2009-07-09,1646,82,29,5,6,0,0,,0,005,-,N,,0,0,,,0,,,,N,2,A,-,21750,,N,A,H,-,A,D,0,Y,A,01,0,0,1,0,0,0,1,0,0,-,-,BERKELEY,ALAMEDA,CA,0,0
4384690,0,0,2009,0103,0,5,3,09,0,1,A,,Y,,,,2100,7,D,G,A,"EUNICE ST","HILLGUARD ST",0,,Y,2010-04-12,103,2009-07-31,1936,KEENE,25,5,6,0,0,,0,002,-,N,,0,0,,,0,,,,N,2,A,-,21803,A,N,A,H,-,A,A,0,Y,L,,0,1,0,0,0,0,1,0,0,-,-,BERKELEY,ALAMEDA,CA,0,0
4384691,-122.25319,37.85847,2009,0103,0,4,4,00,0,1,A,,Y,,,,2100,7,H,-,A,"COLLEGE AV","RUSSELL ST",0,,Y,2010-04-09,103,2009-07-02,2037,151,36,5,6,0,0,,0,009,-,N,,0,0,,,0,,,,N,1,D,-,0,,N,A,H,-,B,D,0,Y,-,-,0,0,1,0,0,0,1,0,0,-,-,BERKELEY,ALAMEDA,CA,0,0
4384692,-122.29294,37.86759,2009,0103,0,4,3,03,0,1,A,,Y,,,Y,2400,7,H,I,A,"10TH ST","ADDISON ST",0,,Y,2010-04-09,103,2009-07-09,2111,87,32,5,6,0,0,,0,015,-,N,,0,0,,,0,,,,N,1,A,-,22350,,N,A,H,-,C,D,0,Y,L,04,0,1,0,0,0,0,1,0,0,-,-,BERKELEY,ALAMEDA,CA,0,0
4384693,-122.27875,37.86249,2009,0103,0,2,3,-,0,1,A,,Y,,,,1500,7,E,-,A,"DWIGHT WY","CALIFORNIA ST",0,,Y,2010-04-09,103,2009-07-28,1248,147,30,5,6,0,0,,0,005,-,N,,0,0,,,0,,,,N,1,A,-,0,,N,A,H,-,A,A,0,Y,-,-,0,1,0,0,0,0,1,0,0,-,-,BERKELEY,ALAMEDA,CA,0,0
4384699,-122.287294354,37.854061869,2009,0103,0,5,4,01,0,2,A,,,,,Y,600,7,B,E,A,"RT 123","HEINZ ST",180,S,N,2010-09-10,103,2009-07-03,414,137,33,5,6,0,0,,0,013,-,Y,ALA,4,123,-,-,2.05,H,-,N,Y,2,A,-,23152,A,N,A,H,-,C,D,0,Y,A,01,0,0,2,0,0,0,0,0,0,-,-,BERKELEY,ALAMEDA,CA,0,0
4384707,-122.3036,37.87892,2009,0103,0,5,3,08,0,1,A,,Y,,,Y,1800,7,D,G,A,"GILMAN ST","4TH ST",0,,Y,2010-04-09,103,2009-07-03,1535,38,20,5,6,0,0,,0,017,-,N,,0,0,,,0,,,,N,2,A,-,22107,,N,A,H,-,A,A,0,Y,A,,0,1,0,0,0,0,1,0,0,-,-,BERKELEY,ALAMEDA,CA,0,0
4384709,-122.2842889,37.87016928,2009,0103,0,2,4,03,0,1,B,,,,,,2400,7,C,C,A,"UNIVERSITY AV","ACTON ST",10,E,N,2010-04-09,103,2009-07-28,2217,109,22,5,6,0,0,,0,018,-,N,,0,0,,,0,,,,N,2,A,-,22350,,F,A,H,-,C,A,0,Y,-,-,0,0,1,0,0,0,0,0,0,-,-,BERKELEY,ALAMEDA,CA,0,0
4384711,-122.26779,37.86667,2009,0103,0,5,4,12,0,3,A,,,,,,1800,7,D,C,A,"SHATTUCK AV","DURANT AV",0,,Y,2010-04-09,103,2009-07-03,1754,93,29,5,6,0,0,,0,005,-,N,,0,0,,,0,,,,,2,A,-,21453,A,N,A,H,-,A,A,0,Y,A,07,0,0,3,0,0,0,0,0,0,-,-,BERKELEY,ALAMEDA,CA,0,0
4384715,-122.2766896,37.89763145,2009,0103,0,5,3,03,0,1,A,,,Y,,,2100,7,F,J,A,"ARLINGTON AV","THOUSAND OAKS AV",200,N,N,2010-04-09,103,2009-07-03,1913,007,11,5,6,0,0,,0,001,-,N,,0,0,,,0,,,,N,1,A,-,22350,,N,A,H,-,A,D,0,Y,C,02,0,1,0,0,0,0,0,0,1,-,-,BERKELEY,ALAMEDA,CA,0,0
4384719,-122.27208,37.86336,2009,0103,0,5,4,09,0,1,A,,Y,,,,2100,7,D,G,A,"MARTIN LUTHER KING JR WY","DWIGHT WY",0,,Y,2010-04-09,103,2009-07-03,1854,82,29,5,6,0,0,,0,005,-,N,,0,0,,,0,,,,N,2,A,-,21801,A,F,A,H,-,A,A,0,Y,-,99,0,0,1,0,0,0,1,0,0,-,-,BERKELEY,ALAMEDA,CA,0,0
4384721,-122.26913,37.84903,2009,0103,0,5,4,21,0,1,A,,,,,,1800,7,B,C,A,"ALCATRAZ AV","DOVER ST",0,W,N,2010-04-12,103,2009-07-10,1525,151,40,5,6,0,0,,0,010,-,N,,0,0,,,0,,,,Y,3,A,-,22106,,N,A,H,-,A,D,0,Y,A,01,0,0,1,0,0,0,0,0,0,-,-,BERKELEY,ALAMEDA,CA,0,0
4384726,-122.28503,37.8764,2009,0103,0,7,2,03,0,3,A,,,,,,1500,7,C,C,A,"CEDAR ST","ACTON ST",0,,Y,2010-04-12,103,2009-07-19,1411,64,19,5,6,0,0,,0,018,-,N,,0,0,,,0,,,,Y,2,A,-,22350,,N,A,H,-,A,A,0,Y,A,01,1,1,1,0,0,0,0,0,0,-,-,BERKELEY,ALAMEDA,CA,0,0
4384733,-122.2496814,37.85267779,2009,0103,0,6,4,08,0,1,A,,,,,,2400,7,-,E,A,"CLAREMONT AV","BROOKSIDE DR",146,S,N,2010-04-12,103,2009-07-11,2234,93,38,5,6,0,0,,0,008,-,N,,0,0,,,0,,,,Y,2,A,-,22107,,N,A,H,-,C,A,0,Y,A,01,0,0,1,0,0,0,0,0,0,-,-,BERKELEY,ALAMEDA,CA,0,0
4384746,-122.2659275,37.8672156,2009,0103,0,4,4,17,0,1,A,,Y,,,,1500,7,B,G,A,"FULTON ST","DURANT AV",99,N,N,2010-04-12,103,2009-07-23,1415,47,29,5,6,0,0,,0,006,-,N,,0,0,,,0,,,,N,2,A,-,22517,,N,A,H,-,A,D,0,Y,-,-,0,0,1,0,0,0,1,0,0,-,-,BERKELEY,ALAMEDA,CA,0,0
4384750,-122.25922,37.85954,2009,0103,0,4,4,03,0,1,A,,Y,,,,2400,7,C,G,A,"TELEGRAPH AV","STUART ST",0,,Y,2010-04-12,103,2009-07-23,2113,107,36,5,6,0,0,,0,009,-,N,,0,0,,,0,,,,N,2,A,-,22350,,N,A,H,-,C,A,0,Y,A,01,0,0,1,0,0,0,1,0,0,-,-,BERKELEY,ALAMEDA,CA,0,0
4384753,-122.2722975,37.865133,2009,0103,0,2,4,03,0,2,A,,,,,,1500,7,C,C,A,"MARTIN LUTHER KING JR WY","CHANNING WY",19,S,N,2010-04-10,103,2009-07-14,1300,143,30,5,6,0,0,,0,005,-,N,,0,0,,,0,,,,Y,2,A,-,22350,,N,A,H,-,A,A,0,Y,A,01,0,0,2,0,0,0,0,0,0,-,-,BERKELEY,ALAMEDA,CA,0,0
4384754,-122.3066109,37.87829947,2009,0103,0,4,4,09,0,1,A,,,Y,,,2400,7,H,C,A,"GILMAN ST","EASTSHORE HWY",38,W,N,2010-04-12,103,2009-07-23,2119,10,20,5,6,0,0,,0,017,-,N,,0,0,,,0,,,,N,2,A,-,21802,A,N,A,H,-,C,D,0,Y,A,01,0,0,1,0,0,0,0,0,1,-,-,BERKELEY,ALAMEDA,CA,0,0
4384761,-122.287881264,37.855923651,2009,0103,0,1,4,07,0,1,A,,,,,,2100,7,B,C,A,"RT 123","GRAYSON ST",149,S,N,2010-09-10,103,2009-07-13,1811,53,33,5,6,0,0,,0,013,-,Y,ALA,4,123,-,-,2.19,H,-,N,N,2,A,-,21658,A,N,A,H,-,A,D,0,Y,A,01,0,0,1,0,0,0,0,0,0,-,-,BERKELEY,ALAMEDA,CA,0,0
4384769,-122.27301,37.87162,2009,0103,0,2,4,-,0,1,A,,Y,,,,1200,7,D,G,A,"MARTIN LUTHER KING JR WY","UNIVERSITY AV",0,,Y,2010-04-10,103,2009-07-14,1125,151,29,5,6,0,0,,0,004,-,N,,0,0,,,0,,,,N,2,-,-,0,,N,A,H,-,A,A,0,Y,-,-,0,0,1,0,0,0,1,0,0,-,-,BERKELEY,ALAMEDA,CA,0,0
4384773,-122.287693891,37.854836085,2009,0103,0,2,4,05,0,1,A,,Y,,,,2100,7,D,G,A,"RT 123","OREGON ST",0,,Y,2010-09-10,103,2009-07-14,1850,137,20,5,6,0,0,,0,015,-,Y,ALA,4,123,-,-,2.11,H,-,S,N,2,A,-,21650,1,N,A,H,-,A,D,0,Y,L,04,0,0,1,0,0,0,1,0,0,-,-,BERKELEY,ALAMEDA,CA,0,0
4384781,-122.292793721,37.870734063,2009,0103,0,4,3,03,0,1,A,,Y,,,,1800,7,B,G,A,"RT 123","HEARST AV",133,S,N,2010-09-10,103,2009-07-16,1612,57,22,5,6,0,0,,0,016,-,Y,ALA,4,123,-,-,3.27,H,-,S,N,2,A,-,22350,,N,A,A,H,A,D,0,Y,L,04,0,1,0,0,0,0,1,0,0,-,-,BERKELEY,ALAMEDA,CA,0,0
4384785,-122.26669,37.87687,2009,0103,0,6,4,09,0,1,A,,,,,,900,7,D,D,A,"OXFORD ST","VIRGINIA ST",0,,Y,2010-04-12,103,2009-07-11,848,51,24,5,6,0,0,,0,002,-,N,,0,0,,,0,,,,Y,2,A,-,21802,A,N,A,H,-,A,D,0,Y,A,01,0,0,1,0,0,0,0,0,0,-,-,BERKELEY,ALAMEDA,CA,0,0
4384793,-122.2993354,37.86627922,2009,0103,0,5,3,03,0,1,A,,Y,,,,2100,7,F,I,A,"ADDISON ST","4TH ST",50,E,N,2010-04-12,103,2009-07-17,1818,09-39082,32,5,6,0,0,,0,015,-,N,,0,0,,,0,,,,N,1,A,-,22350,,N,A,H,-,A,D,0,Y,L,04,0,1,0,0,0,0,1,0,0,-,-,BERKELEY,ALAMEDA,CA,0,0
4389869,-122.302803157,37.864145003,2009,0103,1,6,4,04,0,1,A,,,,,,1800,7,C,C,A,"RT 80","UNIVERSITY AV",0,,Y,2010-07-30,9370,2009-07-11,1720,12484,,2,6,0,1,,2,081,-,Y,ALA,4,80,-,-,5.72,R,2,E,Y,2,A,-,21703,,N,A,H,-,A,D,6,Y,A,01,0,0,1,0,0,0,0,0,0,EF,-,BERKELEY,ALAMEDA,CA,0,0
4389959,-122.2871145,37.86980509,2009,0103,0,4,3,08,0,1,A,,,,,,1800,5,E,I,A,"UNIVERSITY AV","BONAR ST",137,E,N,2010-01-06,103,2009-05-07,1638,151,31,5,6,0,0,,0,014,-,N,,0,0,,,0,,,,Y,1,A,-,22107,,N,A,H,-,A,D,0,Y,A,01,0,1,0,0,0,0,0,0,0,-,-,BERKELEY,ALAMEDA,CA,0,0
4389978,-122.26598,37.87056,2009,0103,0,3,3,07,0,1,A,,Y,,,,1200,4,-,G,A,"OXFORD ST","CENTER ST",0,,Y,2009-12-19,103,2009-04-15,956,84,29,5,6,0,0,,0,004,-,N,,0,0,,,0,,,,N,2,A,-,21658,A,N,A,H,-,A,A,0,Y,L,04,0,1,0,0,0,0,1,0,0,-,-,BERKELEY,ALAMEDA,CA,0,0
4391851,-122.27118,37.84968,2009,0103,0,3,1,-,1,0,A,Y,,,,,2400,4,G,B,B,"ADELINE ST","HARMON ST",0,,Y,2010-09-22,103,2009-04-29,2121,37,34/10,5,6,0,0,,0,,-,N,,0,0,,,0,,,,N,2,A,-,0,,F,A,H,-,C,A,0,Y,A,01,0,0,0,1,0,0,0,0,0,-,-,BERKELEY,ALAMEDA,CA,0,0
4400484,-122.2666995,37.85648922,2009,0103,0,1,3,17,0,1,A,,Y,,,,1500,8,H,G,A,"SHATTUCK AV","RUSSELL ST",90,S,N,2010-05-14,103,2009-08-10,1313,102,35,5,6,0,0,,0,010,-,N,,0,0,,,0,,,,N,2,A,-,22517,,N,A,H,-,A,D,0,Y,D,22,0,1,0,0,0,0,1,0,0,-,-,BERKELEY,ALAMEDA,CA,0,0
4400486,-122.3000289,37.86894753,2009,0103,0,1,3,09,0,1,A,,Y,,,,1800,8,D,G,A,"HEARST AV","4TH ST",100,E,N,2010-05-14,103,2009-08-03,1701,56,20,5,6,0,0,,0,016,-,N,,0,0,,,0,,,,N,2,A,-,21801,A,N,A,H,-,A,D,0,Y,D,,0,1,0,0,0,0,1,0,0,-,-,BERKELEY,ALAMEDA,CA,0,0
4400488,-122.28839788,37.857544481,2009,0103,0,1,4,17,0,1,A,,Y,,,,1500,8,H,G,A,"RT 123","DERBY ST",50,S,N,2010-09-10,103,2009-08-10,1320,19,24,5,6,0,0,,0,003,-,Y,ALA,4,123,-,-,2.31,H,-,N,N,2,A,-,22517,,N,A,H,-,A,D,0,Y,-,-,0,0,1,0,0,0,1,0,0,-,-,BERKELEY,ALAMEDA,CA,0,0
4400490,-122.257723593,37.856446281,2009,0103,0,1,2,09,0,2,A,,,Y,,,2400,8,D,C,A,"RT 13","COLBY ST",0,,Y,2010-09-23,103,2009-08-03,2216,54,39,5,6,0,0,,0,009,-,Y,ALA,4,13,-,-,11.516,I,5,S,Y,2,A,-,21801,A,N,A,H,-,C,A,0,Y,A,01,1,0,1,0,0,0,0,0,1,-,-,BERKELEY,ALAMEDA,CA,0,0
4400494,-122.2753321,37.87131405,2009,0103,0,2,3,05,0,1,A,,Y,,,,1200,8,D,G,A,"GRANT ST","UNIVERSITY AV",4,S,N,2010-05-14,103,2009-08-04,1110,57,23,5,6,0,0,,0,004,-,N,,0,0,,,0,,,,N,2,A,-,21650,1,N,A,H,-,A,D,0,Y,L,04,0,1,0,0,0,0,1,0,0,-,-,BERKELEY,ALAMEDA,CA,0,0
4400496,-122.2941,37.86017,2009,0103,0,3,4,03,0,1,A,,Y,,,,1500,8,H,G,A,"7TH ST","DWIGHT WY",0,,Y,2010-05-14,103,2009-08-05,1250,87,32,5,6,0,0,,0,015,-,N,,0,0,,,0,,,,N,2,A,-,22350,,N,A,H,-,A,A,0,Y,A,01,0,0,1,0,0,0,1,0,0,-,-,BERKELEY,ALAMEDA,CA,0,0
4400498,-122.274326513,37.853883035,2009,0103,0,2,2,03,0,1,A,,,Y,,,1800,8,C,C,A,"RT 13","KING ST",0,,Y,2010-09-23,103,2009-08-04,1536,57,44,5,6,0,0,,0,012,-,Y,ALA,4,13,-,-,12.49,H,-,N,Y,3,A,-,22350,,N,A,H,-,A,D,0,Y,A,01,1,0,0,0,0,0,0,0,1,-,-,BERKELEY,ALAMEDA,CA,0,0
4400504,-122.30647,37.87832,2009,0103,0,4,4,03,0,1,A,,,,,,1500,8,C,C,A,"GILMAN ST","EASTSHORE HWY",0,,Y,2010-07-22,103,2009-08-06,1255,38,20,5,6,0,0,,0,017,-,N,,0,0,,,0,,,,N,2,A,-,22350,,N,A,H,-,A,D,0,Y,A,01,0,0,1,0,0,0,0,0,0,-,-,BERKELEY,ALAMEDA,CA,0,0
4400514,-122.289941721,37.862379701,2009,0103,0,6,4,03,0,4,B,,,,,,1800,8,C,C,A,"RT 123","CHANNING WY",188,S,N,2010-09-10,103,2009-08-01,1736,123,31,5,6,0,0,,0,014,-,Y,ALA,4,123,-,-,2.66,H,-,N,N,3,A,-,22350,,N,A,H,-,A,D,0,Y,A,01,0,0,4,0,0,0,0,0,0,-,-,BERKELEY,ALAMEDA,CA,0,0
4400520,-122.2716415,37.84868614,2009,0103,0,7,3,08,0,1,A,,Y,,,,1500,8,H,G,A,"ALCATRAZ AV","ADELINE ST",20,W,N,2010-05-17,103,2009-08-09,1258,51,40,5,6,0,0,,0,011,-,N,,0,0,,,0,,,,Y,2,A,-,22107,,N,A,H,-,A,D,0,Y,A,01,0,1,0,0,0,0,1,0,0,-,-,BERKELEY,ALAMEDA,CA,0,0
4400522,-122.233022674,37.851284931,2009,0103,0,7,3,07,0,1,A,,Y,,,,1800,8,G,G,A,"RT 13","ROBLE RD",1584,E,N,2010-09-23,103,2009-08-02,1709,149,C38,5,6,0,0,,0,008,-,Y,ALA,4,13,-,-,9.92,H,-,S,N,2,A,-,21658,A,N,A,H,-,A,D,0,Y,L,,0,1,0,0,0,0,1,0,0,-,-,BERKELEY,ALAMEDA,CA,0,0
4400524,-122.2598095,37.86679454,2009,0103,0,7,4,09,0,1,A,,,Y,,,1500,8,H,C,A,"CHANNING WY","TELEGRAPH AV",288,W,N,2010-05-14,103,2009-08-09,1447,103,28,5,6,0,0,,0,006,-,N,,0,0,,,0,,,,N,2,A,-,21801,A,N,A,H,-,A,D,0,Y,A,01,0,0,1,0,0,0,0,0,1,-,-,BERKELEY,ALAMEDA,CA,0,0
4400528,-122.2714319,37.84906293,2009,0103,0,1,3,17,0,1,A,,Y,,,,1200,8,H,G,A,"ADELINE ST","ALCATRAZ AV",140,N,N,2010-05-14,103,2009-08-10,1115,102,40,5,6,0,0,,0,010,-,N,,0,0,,,0,,,,N,2,A,-,21203,,N,A,H,-,A,D,0,Y,L,04,0,1,0,0,0,0,1,0,0,-,-,BERKELEY,ALAMEDA,CA,0,0
4400530,-122.2926805,37.86306459,2009,0103,0,1,4,17,0,1,B,,Y,,,,1200,8,B,G,A,"9TH ST","CHANNING WY",251,N,N,2010-05-14,103,2009-08-03,1052,57,32,5,6,0,0,,0,016,-,N,,0,0,,,0,,,,N,2,A,-,22517,,N,A,H,-,A,D,0,Y,A,01,0,0,1,0,0,0,1,0,0,-,-,BERKELEY,ALAMEDA,CA,0,0
4400531,-122.29112,37.87678,2009,0103,0,6,4,09,0,1,A,,,,,,1800,8,D,C,A,"HOPKINS ST","CURTIS ST",0,,Y,2010-05-14,103,2009-08-08,1502,64,19,5,6,0,0,,0,018,-,N,,0,0,,,0,,,,Y,2,A,-,21802,A,N,A,H,-,A,A,0,Y,A,01,0,0,1,0,0,0,0,0,0,-,-,BERKELEY,ALAMEDA,CA,0,0
4400541,-122.2715399,37.84878173,2009,0103,0,2,3,09,0,1,A,,Y,,,,2400,8,C,G,A,"ADELINE ST","ALCATRAZ AV",33,N,N,2010-05-14,103,2009-08-04,2343,10,40,5,6,0,0,,0,010,-,N,,0,0,,,0,,,,N,2,A,-,21801,A,N,A,H,-,C,A,0,Y,A,01,0,1,0,0,0,0,1,0,0,-,-,BERKELEY,ALAMEDA,CA,0,0
4400545,-122.29773,37.86803,2009,0103,0,2,4,07,0,1,A,,,Y,,,1800,8,B,C,A,"UNIVERSITY AV","6TH ST",0,,N,2010-05-14,103,2009-08-04,1730,61,21,5,6,0,0,,0,016,-,N,,0,0,,,0,,,,N,2,A,-,21658,A,N,A,H,-,B,D,0,Y,A,01,0,0,1,0,0,0,0,0,1,-,-,BERKELEY,ALAMEDA,CA,0,0
4400552,-122.29773,37.86803,2009,0103,0,7,3,01,0,1,A,,,,,Y,1200,8,A,C,A,"6TH ST","UNIVERSITY AV",0,,Y,2010-05-17,103,2009-08-16,1152,94,20,5,6,0,0,,0,016,-,N,,0,0,,,0,,,,N,2,A,-,23152,A,F,A,H,-,A,A,0,Y,A,01,0,1,0,0,0,0,0,0,0,-,-,BERKELEY,ALAMEDA,CA,0,0
4400555,-122.26715,37.86124,2009,0103,0,4,4,07,0,1,A,,Y,,,,2100,8,H,G,A,"SHATTUCK AV","CARLETON ST",0,,Y,2010-05-14,103,2009-08-06,1822,82,35,5,6,0,0,,0,005,-,N,,0,0,,,0,,,,N,2,A,-,21658,A,N,A,H,-,A,D,0,Y,L,04,0,0,1,0,0,0,1,0,0,-,-,BERKELEY,ALAMEDA,CA,0,0
4400558,-122.2693436,37.85429108,2009,0103,0,6,3,11,0,1,A,Y,,,,,1500,8,G,B,D,"ADELINE ST","EMERSON ST",36,N,N,2010-05-14,103,2009-08-01,1427,99,39,5,6,0,0,,0,010,-,N,,0,0,,,0,,,,N,2,A,-,21954,A,N,A,H,-,A,A,0,Y,N,60,0,1,0,0,1,0,0,0,0,-,-,BERKELEY,ALAMEDA,CA,0,0
4400644,-122.287210075,37.853796067,2009,0103,0,4,3,00,0,1,A,,Y,,,,1800,8,D,G,A,"RT 123","RUSSELL ST",45,N,N,2010-09-10,103,2009-08-20,1520,001,33,5,6,0,0,,0,013,-,Y,ALA,4,123,-,-,2.03,H,-,N,N,2,D,-,0,,N,A,H,-,A,D,0,Y,-,-,0,1,0,0,0,0,1,0,0,-,-,BERKELEY,ALAMEDA,CA,0,0
4400651,-122.28181,37.86738,2009,0103,0,5,3,12,0,1,A,,Y,,,,1200,8,D,G,A,"SACRAMENTO ST","ALLSTON WY",0,,Y,2010-05-11,103,2009-08-14,940,S-31,30,5,6,0,0,,0,014,-,N,,0,0,,,0,,,,N,2,A,-,21453,A,N,A,H,-,A,A,0,Y,D,22,0,1,0,0,0,0,1,0,0,-,-,BERKELEY,ALAMEDA,CA,0,0
4400664,-122.27777,37.87269,2009,0103,0,6,3,10,0,1,A,Y,,,,,1200,8,H,B,B,"HEARST AV","MCGEE AV",0,,Y,2010-05-11,103,2009-08-22,932,100,23,5,6,0,0,,0,003,-,N,,0,0,,,0,,,,N,2,A,-,21950,A,N,A,H,-,A,-,0,Y,A,01,0,1,0,0,1,0,0,0,0,-,-,BERKELEY,ALAMEDA,CA,0,0
4400668,-122.2739062,37.87943318,2009,0103,0,6,3,03,0,2,A,,,,,,1200,8,C,C,A,"MARTIN LUTHER KING JR WY","VINE ST",70,S,N,2010-05-11,103,2009-08-22,1046,55,17,5,6,0,0,,0,001,-,N,,0,0,,,0,,,,N,3,A,-,22350,,N,A,H,-,A,D,0,Y,A,01,0,1,1,0,0,0,0,0,0,-,-,BERKELEY,ALAMEDA,CA,0,0
4400675,-122.26672,37.85673,2009,0103,0,2,4,03,0,1,A,,,,,,1800,8,D,C,A,"SHATTUCK AV","RUSSELL ST",0,,Y,2010-05-11,103,2009-08-11,1744,43,36,5,6,0,0,,0,010,-,N,,0,0,,,0,,,,N,2,A,-,22350,,N,A,H,-,A,D,0,Y,A,01,0,0,1,0,0,0,0,0,0,-,-,BERKELEY,ALAMEDA,CA,0,0
4400676,-122.25618,37.86541,2009,0103,0,6,3,08,0,1,A,,Y,,,,1500,8,B,G,A,"DWIGHT WY","BOWDITCH ST",0,,Y,2010-05-11,103,2009-08-29,1311,103,28,5,6,0,0,,0,007,-,N,,0,0,,,0,,,,N,2,A,-,22100,B,N,A,H,-,A,D,0,Y,L,04,0,1,0,0,0,0,1,0,0,-,-,BERKELEY,ALAMEDA,CA,0,0
4400679,-122.2981746,37.86930838,2009,0103,0,2,4,08,0,1,A,,,,,,1800,8,B,C,A,"6TH ST","HEARST ST",10,S,N,2010-05-11,103,2009-08-11,1715,131,C21,5,6,0,0,,0,B16,-,N,,0,0,,,0,,,,N,2,A,-,22107,,N,A,H,-,A,A,0,Y,D,72,0,0,1,0,0,0,0,0,0,-,-,BERKELEY,ALAMEDA,CA,0,0
4400683,-122.27229,37.86518,2009,0103,0,2,3,03,0,1,A,,,,,,1800,8,E,I,A,"M L KING JR WY","CHANNING WY",0,,Y,2010-05-11,103,2009-08-11,1755,146,30,5,6,0,0,,0,005,-,N,,0,0,,,0,,,,Y,1,A,-,22350,,N,A,H,-,A,A,0,Y,A,01,0,1,0,0,0,0,0,0,0,-,-,BERKELEY,ALAMEDA,CA,0,0
4400684,-122.27726,37.87917,2009,0103,0,3,4,03,0,1,-,,Y,,,,2100,8,-,-,A,"EDITH ST","VINE ST",0,,Y,2010-05-11,103,2009-08-19,1839,128,18,5,6,0,0,,0,003,-,N,,0,0,,,0,,,,N,1,A,-,22350,,N,-,-,-,-,-,0,Y,L,04,0,0,1,0,0,0,1,0,0,-,-,BERKELEY,ALAMEDA,CA,0,0
4400687,-122.2879607,37.87708869,2009,0103,0,2,2,09,0,1,A,,Y,,,,1800,8,D,G,A,"ROSE ST","ORDWAY ST",312,W,N,2010-05-11,103,2009-08-11,1720,83,19,5,6,0,0,,0,018,-,N,,0,0,,,0,,,,N,2,A,-,21804,A,N,A,H,-,A,D,0,Y,L,04,1,0,0,0,0,0,1,0,0,-,-,BERKELEY,ALAMEDA,CA,0,0
4400691,-122.286679439,37.852148937,2009,0103,0,2,4,01,0,1,B,,,,,Y,2100,8,D,C,A,"ASHBY AV","SAN PABLO AV",0,,Y,2010-07-23,103,2009-08-11,1958,114,20,5,6,0,0,,0,015,-,Y,ALA,4,13,-,-,13.18,I,5,N,Y,3,A,-,23153,,N,A,H,-,B,A,0,Y,A,08,0,0,1,0,0,0,0,0,0,-,-,BERKELEY,ALAMEDA,CA,0,0
4400692,-122.255636637,37.856702011,2009,0103,0,4,4,03,0,1,A,,,,,,1500,8,C,C,A,"RT 13",REGENT,0,,Y,2010-09-23,103,2009-08-20,1315,37,37,5,6,0,0,,0,009,-,Y,ALA,4,13,-,-,11.44,H,-,N,N,4,A,-,22350,,N,A,H,-,A,A,0,Y,A,08,0,0,1,0,0,0,0,0,0,-,-,BERKELEY,ALAMEDA,CA,0,0