CASEID,POINT_X,POINT_Y,YEAR_,LOCATION,CHPTYPE,DAYWEEK,CRASHSEV,VIOLCAT,KILLED,INJURED,WEATHER1,PEDCOL,BICCOL,MCCOL,TRUCKCOL,ETOH,TIMECAT,MONTH_,CRASHTYP,INVOLVE,PED,PRIMARYRD,SECONDRD,DISTANCE,DIRECT,INTERSECT_,PROCDATE,JURIS,DATE_,TIME_,BADGE,JURIDIST,SHIFT,POP,SPECIAL,BEATTYPE,LAPDDIV,BEATCLAS,BEATNUMB,WEATHER2,STATEHW,CALTRANC,CALTRAND,STROUTE,ROUTESUF,POSTPRE,POSTMILE,LOCATYPE,RAMP,SIDEHW,TOWAWAY,PARTIES,PCF,VIOLCODE,VIOL,VIOLSUB,HITRUN,ROADSURF,RDCOND1,RDCOND2,LIGHTING,RIGHTWAY,CHPRDTYP,NOTPRIV,STFAULT,CHPFAULT,SEVINJ,OTHERINJ,COP,PEDKILL,PEDINJ,BICKILL,BICINJ,MCKILL,MCINJURE,RAMP1,RAMP2,CITY,COUNTY,STATE,X_CHP,Y_CHP
5360366,-122.26861,37.87387,2011,0103,0,7,3,-,0,2,A,,,,,,300,9,D,C,A,"SHATTUCK AV","HEARST AV",0,,Y,2012-12-17,103,2011-09-11,33,21,24,5,6,0,0,,0,002,-,N,,0,0,,,0,,,,Y,2,A,-,0,,N,A,H,-,C,A,0,Y,A,01,0,1,1,0,0,0,0,0,0,-,-,BERKELEY,ALAMEDA,CA,0,0
5360369,-122.273743515,37.8491337639,2011,0103,0,7,3,09,0,1,A,,Y,,,,1500,9,B,G,A,"KING ST","N HARMON ST",88,S,N,2012-12-17,103,2011-09-04,1440,110,40,5,6,0,0,,0,011,-,N,,0,0,,,0,,,,N,2,A,-,21804,A,N,A,H,-,A,D,0,Y,A,01,0,1,0,0,0,0,1,0,0,-,-,BERKELEY,ALAMEDA,CA,0,0
5360370,-122.26789,37.86757,2011,0103,0,7,2,11,0,1,A,Y,,,,,2400,9,G,B,B,"SHATTUCK AV","BANCROFT WY",0,,Y,2012-12-17,103,2011-09-04,2305,21,29,5,6,0,0,,0,005,-,N,,0,0,,,0,,,,N,2,A,-,21456,B,N,A,H,-,C,A,0,Y,N,60,1,0,0,0,1,0,0,0,0,-,-,BERKELEY,ALAMEDA,CA,0,0
5360373,-122.27785,37.85811,2011,0103,0,7,4,11,0,1,A,Y,,,,,1800,9,G,B,E,"WARD ST","CALIFORNIA ST",0,,Y,2012-12-17,103,2011-09-04,1537,75,34,5,6,0,0,,0,012,-,N,,0,0,,,0,,,,N,3,A,-,21954,A,N,A,H,-,A,D,0,Y,N,60,0,0,1,0,1,0,0,0,0,-,-,BERKELEY,ALAMEDA,CA,0,0
5360377,-122.26598,37.86783,2011,0103,0,3,4,03,0,1,A,Y,,,,,2100,9,G,B,B,"FULTON ST","BANCROFT WY",0,,Y,2012-12-17,103,2011-09-28,1825,16,29,5,6,0,0,,0,005,-,N,,0,0,,,0,,,,N,2,A,-,22350,,N,A,H,-,A,A,0,Y,A,01,0,0,1,0,1,0,0,0,0,-,-,BERKELEY,ALAMEDA,CA,0,0
5360385,-122.297351877,37.8667955858,2011,0103,0,4,4,03,0,1,A,,,,,,900,9,C,C,A,"6TH ST","ADDISON ST",34,N,N,2012-12-17,103,2011-09-29,845,37,32,5,6,0,0,,0,016,-,N,,0,0,,,0,,,,N,3,A,-,22350,,N,A,H,-,A,A,0,Y,A,01,0,0,1,0,0,0,0,0,0,-,-,BERKELEY,ALAMEDA,CA,0,0
5360390,-122.29471,37.8657,2011,0103,0,2,3,21,0,1,A,Y,,,,,1200,9,G,B,E,"ALLSTON WY","8TH ST",0,,Y,2012-12-17,103,2011-09-06,912,37,32,5,6,0,0,,0,016,-,N,,0,0,,,0,,,,N,2,A,-,22106,,N,A,H,-,A,A,0,Y,A,01,0,1,0,0,1,0,0,0,0,-,-,BERKELEY,ALAMEDA,CA,0,0
5360393,-122.287360671,37.8538208011,2011,0103,0,5,4,03,0,1,A,,Y,,,,1500,9,C,C,A,"SAN PABLO AV","RUSSELL ST",100,N,N,2012-12-17,103,2011-09-30,1440,110,20,5,6,0,0,,0,015,-,N,,0,0,,,0,,,,N,3,A,-,22350,,N,A,H,-,A,A,0,Y,A,07,0,0,1,0,0,0,0,0,0,-,-,BERKELEY,ALAMEDA,CA,0,0
5360398,-122.28033945,37.88090645,2011,0103,0,3,4,03,0,1,A,,Y,,,,2400,9,H,A,A,"MCGEE ST","MCGEE ST 1345",0,,-,2012-12-17,103,2011-09-07,2323,28,18,5,6,0,0,,0,003,-,N,,0,0,,,0,,,,N,1,A,-,22350,,N,A,G,-,C,A,0,Y,L,04,0,0,1,0,0,0,1,0,0,-,-,BERKELEY,ALAMEDA,CA,0,0
5361314,-122.2539,37.86572,2011,0103,0,3,4,06,0,1,A,,,Y,,,2100,9,A,D,A,"COLLEGE AV","E DWIGHT WY",0,,Y,2013-01-17,103,2011-09-07,1936,144,37,5,6,0,0,,0,007,-,N,,0,0,,,0,,,,Y,2,A,-,21754,,N,A,H,-,C,A,0,Y,C,02,0,0,1,0,0,0,0,0,1,-,-,BERKELEY,ALAMEDA,CA,0,0
5361318,-122.292123156,37.8691450043,2011,0103,0,4,2,01,0,2,A,,,,,Y,300,9,D,C,A,"SAN PABLO AV","UNIVERSITY AV",0,,Y,2013-04-17,103,2011-09-08,7,38,31,5,6,0,0,,0,018,-,Y,ALA,4,123,-,-,3.15,I,5,N,Y,2,A,-,23152,A,N,A,H,-,C,A,0,Y,A,01,1,0,1,0,0,0,0,0,0,-,-,BERKELEY,ALAMEDA,CA,0,0
5361322,-122.29684,37.86527,2011,0103,0,4,3,08,0,1,A,,,Y,,,1500,9,H,I,A,"ALLSTON WY","6TH ST",0,,Y,2012-12-14,103,2011-09-08,1217,109,20,5,6,0,0,,0,016,-,N,,0,0,,,0,,,,N,2,A,-,22107,,N,A,H,-,A,A,0,Y,C,02,0,1,0,0,0,0,0,0,1,-,-,BERKELEY,ALAMEDA,CA,0,0
5361326,-122.252461447,37.8509946031,2011,0103,0,4,2,08,0,1,A,,Y,,,,1800,9,A,C,A,"COLLEGE AV","ALCATRAZ AV",95,S,N,2012-12-14,103,2011-09-08,1552,57,38,5,6,0,0,,0,008,-,N,,0,0,,,0,,,,N,3,A,-,22107,,N,A,H,-,A,A,0,Y,L,04,1,0,0,0,0,0,1,0,0,-,-,BERKELEY,ALAMEDA,CA,0,0
5361330,-122.280285015,37.8532428495,2011,0103,0,4,4,03,0,1,A,,,,,,2100,9,C,C,A,"ASHBY AV W","STANTON ST",0,,Y,2013-04-17,103,2011-09-08,1901,153,33,5,6,0,0,,0,013,-,Y,ALA,4,13,-,-,12.82,I,5,N,Y,3,A,-,22350,,N,A,H,-,B,D,0,Y,A,07,0,0,1,0,0,0,0,0,0,-,-,BERKELEY,ALAMEDA,CA,0,0
5369876,-122.307994936,37.8805025189,2011,0103,1,6,4,04,0,1,B,,,,,,1500,9,C,C,A,"RT 80","GILMAN ST",1300,E,N,2013-04-12,9370,2011-09-24,1440,20235,,2,6,0,1,,2,081,-,Y,ALA,4,80,-,R,6.93,H,-,W,Y,3,A,-,21703,,N,A,H,-,A,D,6,Y,A,01,0,0,1,0,0,0,0,0,0,-,-,BERKELEY,ALAMEDA,CA,-122.18293,37.52542
5370178,-122.302316473,37.8618955154,2011,0103,1,2,4,07,0,1,A,,,,Y,,1800,9,B,C,A,"RT 80","UNIVERSITY AV",1584,W,N,2013-02-27,9370,2011-09-27,1520,020286,,2,6,0,1,,2,081,-,Y,ALA,4,80,-,-,5.54,H,-,E,N,2,A,-,21658,A,N,A,H,-,A,D,6,Y,G,25,0,0,1,0,0,0,0,0,0,-,-,BERKELEY,ALAMEDA,CA,-122.30182,37.85944
5370743,-122.303522663,37.8654348823,2011,0103,1,5,4,03,0,1,A,,,,,,1500,9,C,C,A,"RT 80","UNIVERSITY AV",310,W,N,2013-04-03,9370,2011-09-16,1405,20146,,2,6,0,1,,2,081,-,Y,ALA,4,80,-,-,5.78,H,-,W,Y,2,A,-,22350,,N,A,H,-,A,D,6,Y,A,01,0,0,1,0,0,0,0,0,0,-,-,BERKELEY,ALAMEDA,CA,-122.18132,37.5157
5373908,-122.308715538,37.8836511227,2011,0103,1,3,4,03,0,1,A,,,,,,2100,10,C,C,A,"RT 80","BUCHANAN ST",500,W,N,2013-05-16,9370,2011-10-26,1940,018192,,2,6,0,1,,2,081,-,Y,ALA,4,80,-,R,7.11,H,-,W,Y,2,A,-,22350,,N,A,H,-,C,D,6,Y,D,22,0,0,1,0,0,0,0,0,0,-,-,BERKELEY,ALAMEDA,CA,-122.30842,37.8832
5376755,-122.305941122,37.8729875828,2011,0103,1,3,4,03,0,1,A,,,,,,1800,11,C,C,A,"RT 80","GILMAN ST",1297,W,N,2013-05-07,9370,2011-11-02,1555,18954,,2,6,0,1,,2,081,-,Y,ALA,4,80,-,-,6.37,H,-,W,Y,3,A,-,22350,,N,A,H,-,A,D,6,Y,D,22,0,0,1,0,0,0,0,0,0,-,-,BERKELEY,ALAMEDA,CA,-122.18226,37.52287
5377065,-122.30337805,37.8649193256,2011,0103,1,2,4,03,0,1,A,,,,,,1800,10,C,C,A,"RT 80","UNIVERSITY AV",528,W,N,2013-05-16,9370,2011-10-18,1515,18317,,2,6,0,1,,2,081,-,Y,ALA,4,80,-,-,5.74,H,-,W,Y,4,A,-,22350,,N,A,H,-,A,D,6,Y,D,22,0,0,1,0,0,0,0,0,0,-,-,BERKELEY,ALAMEDA,CA,-122.38957,37.95723
5377764,-122.305021399,37.8700388651,2011,0103,1,3,4,03,0,2,A,,,,,,1800,10,C,C,A,"RT 80","UNIVERSITY AV",1600,E,N,2013-05-16,9370,2011-10-19,1710,19572,,2,6,0,1,,2,081,-,Y,ALA,4,80,-,-,6.14,H,-,W,Y,3,A,-,22350,,N,A,H,-,A,D,6,Y,A,01,0,0,2,0,0,0,0,0,0,-,-,BERKELEY,ALAMEDA,CA,-122.18177,37.52125
5377796,-122.308044429,37.8821356074,2011,0103,1,6,4,03,0,2,A,,,,,,1800,10,C,C,A,"RT 80","BUCHANAN ST",1900,W,N,2013-05-16,9370,2011-10-22,1725,20107,,2,6,0,1,,2,081,-,Y,ALA,4,80,-,-,6.84,H,-,E,Y,2,A,-,22350,,N,A,H,-,A,D,6,Y,A,01,0,0,2,0,0,0,0,0,0,-,-,BERKELEY,ALAMEDA,CA,-122.30797,37.88198
5377819,-122.30337805,37.8649193256,2011,0103,1,2,4,03,0,1,A,,,,,,1800,10,C,C,A,"RT 80","UNIVERSITY AV",528,W,N,2013-05-16,9370,2011-10-25,1535,18317,,2,6,0,1,,2,081,-,Y,ALA,4,80,-,-,5.74,H,-,W,Y,4,A,-,22350,,N,A,H,-,A,D,6,Y,A,01,0,0,1,0,0,0,0,0,0,-,-,BERKELEY,ALAMEDA,CA,-122.39587,37.94723
5377916,-122.303452995,37.8651769425,2011,0103,1,4,4,04,0,1,A,,,,,,1800,10,C,C,A,"RT 80","UNIVERSITY AV",400,W,N,2013-05-16,9370,2011-10-27,1604,020146,,2,6,0,1,,2,081,-,Y,ALA,4,80,-,-,5.76,H,-,W,Y,2,A,-,21703,,N,A,H,-,A,D,6,Y,A,01,0,0,1,0,0,0,0,0,0,-,-,BERKELEY,ALAMEDA,CA,-122.18124,37.51561
5383988,-122.302625337,37.8631399356,2011,0103,1,4,4,03,0,1,A,,,,,,1800,8,C,C,A,"RT 80","UNIVERSITY AV",1056,W,N,2013-02-07,9370,2011-08-11,1730,014769,,2,6,0,1,,2,081,-,Y,ALA,4,80,-,-,5.64,H,-,E,Y,2,A,-,22350,,N,A,H,-,A,D,6,Y,A,01,0,0,1,0,0,0,0,0,0,-,-,BERKELEY,ALAMEDA,CA,-122.18103,37.51499
5384132,-122.304020202,37.866970008,2011,0103,1,6,4,08,0,1,A,,,,,,2400,8,E,I,A,"RT 80","UNIVERSITY AV",300,E,N,2013-04-03,9370,2011-08-27,2142,19059,,2,6,0,1,,2,081,-,Y,ALA,4,80,-,-,5.9,H,-,W,Y,1,A,-,22107,,N,A,H,-,D,D,6,Y,A,01,0,0,1,0,0,0,0,0,0,-,-,BERKELEY,ALAMEDA,CA,0,0
5386649,-122.29958684,37.8511878774,2011,0103,1,2,4,03,0,1,A,,,,,,2100,11,C,C,A,"RT 80","ASHBY AV",1320,E,N,2013-05-07,9370,2011-11-01,1850,18719,,2,6,0,1,,2,081,-,Y,ALA,4,80,-,-,4.7,H,-,W,Y,3,A,-,22350,,N,A,H,-,D,D,6,Y,A,01,0,0,1,0,0,0,0,0,0,-,-,BERKELEY,ALAMEDA,CA,0,0
5386743,-122.302703613,37.862370198,2011,0103,1,2,3,07,0,2,A,,,Y,,,2100,11,B,C,A,"RT 80","UNIVERSITY AV",1584,W,N,2013-04-24,9370,2011-11-08,1815,14769,,2,6,0,1,,2,081,-,Y,ALA,4,80,-,-,5.54,H,-,W,Y,3,A,-,21658,A,N,A,H,-,D,D,6,Y,A,01,0,1,1,0,0,0,0,0,1,-,-,BERKELEY,ALAMEDA,CA,-122.18094,37.5145
5386786,-122.29876927,37.8475735443,2011,0103,1,7,4,03,0,2,A,,,,,,2400,11,C,C,A,"RT 80","UNIVERSITY AV",400,E,N,2013-05-01,9370,2011-11-06,2245,19436,,3,6,0,1,,2,081,-,Y,ALA,4,80,-,-,4.53,H,-,W,Y,2,A,-,22350,,N,A,H,-,D,D,6,Y,A,01,0,0,2,0,0,0,0,0,0,-,-,BERKELEY,ALAMEDA,CA,-122.30384,37.86568
5387082,-122.303522663,37.8654348823,2011,0103,1,4,4,03,0,1,A,,,,,,1800,8,C,C,A,"RT 80","UNIVERSITY AV",325,W,N,2013-02-20,9370,2011-08-18,1630,19663,,2,6,0,1,,2,081,-,Y,ALA,4,80,-,-,5.78,H,-,W,N,2,A,-,22350,,N,A,H,-,A,D,6,Y,A,07,0,0,1,0,0,0,0,0,0,-,-,BERKELEY,ALAMEDA,CA,-122.30286,37.8627
5389818,-122.302234879,37.86058701,2011,0103,1,2,4,03,0,1,A,,,,,,1800,9,C,C,A,"RT 80","UNIVERSITY AV",2300,W,N,2013-02-27,9370,2011-09-27,1539,19783,,2,6,0,1,,2,081,-,Y,ALA,4,80,-,-,5.4,H,-,W,Y,3,A,-,22350,,M,A,H,-,A,D,6,Y,A,07,0,0,1,0,0,0,0,0,0,-,-,BERKELEY,ALAMEDA,CA,-122.18075,37.51379
5389819,-122.307709273,37.8801555733,2011,0103,1,2,4,03,0,2,A,,,,,,1800,8,C,C,A,"RT 80","BUCHANAN ST",1584,W,N,2013-02-07,9370,2011-08-23,1630,18317,,2,6,0,1,,2,081,-,Y,ALA,4,80,-,R,6.9,H,-,E,N,2,A,-,22350,,N,A,H,-,A,D,6,Y,D,22,0,0,2,0,0,0,0,0,0,-,-,BERKELEY,ALAMEDA,CA,-122.3083,37.88389
5390828,-122.307717089,37.8791361759,2011,0103,1,3,4,03,0,6,A,,,,,,1200,11,C,C,A,"RT 80","GILMAN ST",42,E,N,2013-05-07,9370,2011-11-16,1008,18954,,1,6,0,1,,2,081,-,Y,ALA,4,80,-,-,6.69,H,-,W,Y,5,A,-,22350,,N,A,H,-,A,D,6,Y,A,01,0,0,6,0,0,0,0,0,0,-,-,BERKELEY,ALAMEDA,CA,-122.30683,37.87562
5396410,-122.303071922,37.8637712759,2011,0103,1,4,4,03,0,1,A,,,,,,1800,10,C,C,A,"RT 80","UNIVERSITY AV",1000,W,N,2013-04-24,9370,2011-10-06,1605,19572,,2,6,0,1,,2,081,-,Y,ALA,4,80,-,-,5.65,H,-,W,N,3,A,-,22350,,N,B,H,-,A,D,6,Y,A,01,0,0,1,0,0,0,0,0,0,-,-,BERKELEY,ALAMEDA,CA,-122.30321,37.86384
5396450,-122.303340582,37.8647905226,2011,0103,1,7,4,04,0,1,A,,,,,,1200,10,C,C,A,"RT 80","UNIVERSITY AV",600,W,N,2013-04-24,9370,2011-10-09,1130,20235,,1,6,0,1,,2,081,-,Y,ALA,4,80,-,-,5.73,H,-,W,N,2,A,-,21703,,N,A,H,-,A,D,6,Y,A,01,0,0,1,0,0,0,0,0,0,-,-,BERKELEY,ALAMEDA,CA,-122.8034,37.86518
5396634,-122.299964678,37.8525892006,2011,0103,1,2,4,03,0,1,A,,,,,,2100,11,C,C,A,"RT 80","ASHBY AV",1700,E,N,2013-05-07,9370,2011-11-01,1855,018568,,2,6,0,1,,2,081,-,Y,ALA,4,80,-,-,4.77,H,-,W,N,3,A,-,22350,,N,A,H,-,D,D,6,Y,A,01,0,0,1,0,0,0,0,0,0,-,-,BERKELEY,ALAMEDA,CA,-122.18006,37.51131
5396848,-122.298075359,37.8679568382,2011,0103,0,1,4,08,0,1,A,,,,Y,,1200,10,B,C,A,"UNIVERSITY AV","6TH ST",100,W,N,2013-01-12,103,2011-10-31,1010,109,32,5,6,0,0,,0,016,-,N,,0,0,,,0,,,,N,2,A,-,22107,,N,A,H,-,A,D,0,Y,A,01,0,0,1,0,0,0,0,0,0,-,-,BERKELEY,ALAMEDA,CA,0,0
5396850,-122.3036,37.87892,2011,0103,0,6,4,01,0,2,A,,,,,,1500,10,C,C,A,"GILMAN ST","4TH ST",0,,Y,2013-01-12,103,2011-10-29,1244,116,20,5,6,0,0,,0,017,-,N,,0,0,,,0,,,,N,2,A,-,23152,A,N,A,H,-,A,D,0,Y,A,01,0,0,2,0,0,0,0,0,0,-,-,BERKELEY,ALAMEDA,CA,0,0
5396852,-122.2598461,37.8551874406,2011,0103,0,4,4,21,0,1,A,Y,,,,,1800,10,G,B,E,"WEBSTER ST","TELEGRAPH AV",5,E,N,2013-03-28,103,2011-10-27,1753,151,39,5,6,0,0,,0,009,-,N,,0,0,,,0,,,,N,2,A,-,22106,,N,A,H,-,B,D,0,Y,M,96,0,0,1,0,1,0,0,0,0,-,-,BERKELEY,ALAMEDA,CA,0,0
5396856,-122.290659682,37.8511883934,2011,0103,0,6,4,08,0,2,A,,,,,,1200,10,B,C,A,"ASHBY AV","7TH ST",637,W,N,2013-05-16,103,2011-10-22,907,18,20,5,6,0,0,,0,015,-,Y,ALA,4,13,-,-,13.44,I,5,S,Y,2,A,-,22107,,N,A,H,-,A,D,0,Y,A,01,0,0,2,0,0,0,0,0,0,-,-,BERKELEY,ALAMEDA,CA,0,0
5396857,-122.265960228,37.8742039135,2011,0103,0,5,3,00,0,1,A,,,,,,2100,10,E,I,A,"HEARST ST","SPRUCE ST",148,W,N,2013-01-14,103,2011-10-21,1800,153,24,5,6,0,0,,0,002,-,N,,0,0,,,0,,,,Y,1,A,-,12500,A,N,A,H,-,B,D,0,Y,I,10,0,1,0,0,0,0,0,0,0,-,-,BERKELEY,ALAMEDA,CA,0,0
5396859,0,0,2011,0103,0,6,4,01,0,1,A,,,,,Y,1200,10,F,I,A,"ASHBY AV","RT 80",448,E,N,2013-01-12,103,2011-10-15,1152,151,20,5,6,0,0,,0,015,-,N,,0,0,,,0,,,,Y,1,A,-,23152,A,N,A,H,-,C,D,0,Y,D,22,0,0,1,0,0,0,0,0,0,-,EO,BERKELEY,ALAMEDA,CA,0,0
5396861,-122.25863,37.86601,2011,0103,0,5,4,03,0,1,A,Y,,,,,1500,10,B,J,F,"TELEGRAPH AV","HASTE ST",0,,Y,2013-01-08,103,2011-10-14,1321,85,27,5,6,0,0,,0,007,-,N,,0,0,,,0,,,,N,2,A,-,22350,,N,A,B,-,A,A,0,Y,I,12,0,0,1,0,1,0,0,0,0,-,-,BERKELEY,ALAMEDA,CA,0,0
5396884,-122.28275,37.8767,2011,0103,0,4,4,12,0,1,A,,,,Y,,1200,10,D,C,A,"SACRAMENTO ST","CEDAR ST",0,,Y,2013-01-08,103,2011-10-13,1124,57,23,5,6,0,0,,0,003,-,N,,0,0,,,0,,,,N,2,A,-,21453,A,N,A,H,-,A,A,0,Y,F,26,0,0,1,0,0,0,0,0,0,-,-,BERKELEY,ALAMEDA,CA,0,0
5396885,-122.294737903,37.8767051603,2011,0103,0,3,4,03,0,1,A,,,,,,900,10,C,C,A,"SAN PABLO AV","JONES ST",131,N,N,2013-01-08,103,2011-10-12,831,37,21,5,6,0,0,,0,017,-,N,,0,0,,,0,,,,Y,2,A,-,22350,,N,A,H,-,A,A,0,Y,D,22,0,0,1,0,0,0,0,0,0,-,-,BERKELEY,ALAMEDA,CA,0,0
5396886,-122.270837074,37.850694189,2011,0103,0,2,4,03,0,1,A,,,,,Y,1800,10,C,C,A,"ADELINE ST","FAIRVIEW ST",15,N,N,2013-05-03,103,2011-10-11,1616,2,39,5,6,0,0,,0,011,-,N,,0,0,,,0,,,,N,2,A,-,22350,,N,A,H,-,A,A,0,Y,D,22,0,0,1,0,0,0,0,0,0,-,-,BERKELEY,ALAMEDA,CA,0,0
5396888,-122.233960633,37.852425239,2011,0103,0,1,3,08,0,1,C,,,,,Y,2400,10,E,I,A,"TUNNEL RD","N VICENTE ST",254,E,N,2013-05-16,103,2011-10-10,2201,73,11,5,6,0,0,,0,008,-,Y,ALA,4,13,-,-,10.09,H,-,N,Y,1,A,-,22107,,N,B,H,-,C,D,0,Y,D,22,0,1,0,0,0,0,0,0,0,-,-,BERKELEY,ALAMEDA,CA,0,0
5396889,-122.291957647,37.8534982681,2011,0103,0,1,4,10,0,1,A,Y,,,,,900,10,G,B,B,"7TH ST","HEINZ ST",5,N,N,2013-01-08,103,2011-10-10,842,S34,20,5,6,0,0,,0,015,-,N,,0,0,,,0,,,,N,2,A,-,21950,A,N,A,H,-,A,A,0,Y,D,22,0,0,1,0,1,0,0,0,0,-,-,BERKELEY,ALAMEDA,CA,0,0
5396891,-122.29731,37.8667,2011,0103,0,4,4,08,0,1,A,,,,,,300,10,D,C,A,"6TH ST","ADDISON ST",0,,Y,2013-01-08,103,2011-10-06,153,38,32,5,6,0,0,,0,016,-,N,,0,0,,,0,,,,N,2,A,-,22101,D,F,A,H,-,D,A,0,Y,D,22,0,0,1,0,0,0,0,0,0,-,-,BERKELEY,ALAMEDA,CA,0,0
5407051,-122.302301839,37.8608417513,2011,0103,1,4,4,03,0,1,A,,,,,,1800,11,C,C,A,"RT 80","UNIVERSITY AV",2220,W,N,2013-05-01,9370,2011-11-03,1705,13964,,2,6,0,1,,2,081,-,Y,ALA,4,80,-,-,5.42,H,-,W,N,2,A,-,22350,,N,A,H,-,A,D,6,Y,A,07,0,0,1,0,0,0,0,0,0,-,-,BERKELEY,ALAMEDA,CA,-122.3022,37.86067
5407648,-122.303730994,37.8660744136,2011,0103,1,1,4,03,0,1,A,,,,,,1200,10,C,C,A,"RT 80","UNIVERSITY AV",50,W,N,2013-05-01,9370,2011-10-31,925,13964,,1,6,0,1,,2,081,-,Y,ALA,4,80,-,-,5.83,H,-,W,Y,4,A,-,22350,,M,A,H,-,A,D,6,Y,A,01,0,0,1,0,0,0,0,0,0,-,-,BERKELEY,ALAMEDA,CA,-122.30378,37.8665
5408038,-122.303970426,37.8677395935,2011,0103,1,5,4,07,0,1,A,,,Y,,,2100,10,B,C,A,"RT 80","UNIVERSITY AV",788,E,N,2013-05-16,9370,2011-10-07,1815,20107,,2,6,0,1,,2,081,-,Y,ALA,4,80,-,-,5.89,H,-,E,N,2,A,-,21658,A,N,A,H,-,A,D,6,Y,A,07,0,0,1,0,0,0,0,0,1,-,-,BERKELEY,ALAMEDA,CA,-122.30435,37.86895
5408400,-122.308073654,37.8779110923,2011,0103,0,4,4,03,0,1,A,,,,,,1800,8,C,C,A,"FRONTAGE RD","GILMAN ST",40,W,N,2012-05-07,103,2011-08-25,1520,,,5,6,0,0,,0,,-,N,,0,0,,,0,,,,N,2,A,-,22350,,N,A,H,-,A,D,0,Y,J,48,0,0,1,0,0,0,0,0,0,-,-,BERKELEY,ALAMEDA,CA,-122.18283,37.52402
5414524,-122.260313144,37.8758169593,2011,0103,0,6,3,03,0,4,A,Y,,,,,1800,10,E,I,F,"EUCLID AV","RIDGE RD",69,S,N,2013-01-14,103,2011-10-08,1555,64,25,5,6,0,0,,0,002,-,N,,0,0,,,0,,,,Y,3,A,-,22350,,N,A,H,-,A,D,0,Y,A,01,0,2,2,0,2,0,0,0,0,-,-,BERKELEY,ALAMEDA,CA,0,0
5414525,0,0,2011,0103,0,6,4,05,0,1,A,,Y,,,,1800,10,C,G,A,"THE ALAMEDA","BERRYMAN ST",106,N,N,2013-01-14,103,2011-10-08,1654,104,17,5,6,0,0,,0,001,-,N,,0,0,,,0,,,,N,2,A,-,21460,A,N,A,H,-,A,D,0,Y,A,01,0,0,1,0,0,0,1,0,0,-,-,BERKELEY,ALAMEDA,CA,0,0
5414527,-122.291943635,37.8768843468,2011,0103,0,7,3,11,0,1,A,Y,,,,,1500,10,G,B,D,"CORNELL AV","HOPKINS AV",170,N,N,2013-01-14,103,2011-10-09,1218,42,17,5,6,0,0,,0,017,-,N,,0,0,,,0,,,,N,2,A,-,21954,A,N,A,H,-,A,D,0,Y,N,60,0,1,0,0,1,0,0,0,0,-,-,BERKELEY,ALAMEDA,CA,0,0
5414532,-122.27247,37.86699,2011,0103,0,2,2,05,0,1,A,,Y,,,,2100,10,D,G,A,"MARTIN LUTHER KING JR WY","BANCROFT WY",0,,Y,2013-01-14,103,2011-10-11,1808,60,29,5,6,0,0,,0,005,-,N,,0,0,,,0,,,,N,2,A,-,21460,A,N,A,H,-,A,A,0,Y,L,04,1,0,0,0,0,0,1,0,0,-,-,BERKELEY,ALAMEDA,CA,0,0
5414533,-122.293614128,37.876518482,2011,0103,0,3,4,12,0,1,A,,,,,,1200,10,D,C,A,"KAINS AV","JONES ST",10,S,N,2013-01-14,103,2011-10-12,926,37,11,5,6,0,0,,0,018,-,N,,0,0,,,0,,,,N,2,A,-,22450,A,N,A,H,-,A,A,0,Y,A,01,0,0,1,0,0,0,0,0,0,-,-,BERKELEY,ALAMEDA,CA,0,0
5414543,-122.25457,37.86932,2011,0103,0,6,4,03,0,1,A,,Y,,,,900,10,H,J,A,"BANCROFT WY","COLLEGE AV",0,,Y,2013-01-14,103,2011-10-15,845,47,26,5,6,0,0,,0,007,-,N,,0,0,,,0,,,,N,1,A,-,22350,,N,A,H,-,A,D,0,Y,-,-,0,0,1,0,0,0,1,0,0,-,-,BERKELEY,ALAMEDA,CA,0,0
5414544,-122.267649796,37.867619736,2011,0103,0,6,4,03,0,1,A,,Y,,,,1500,10,F,J,A,"BANCROFT WY","SHATTUCK AV",75,E,N,2013-01-14,103,2011-10-15,1425,112,24,5,6,0,0,,0,006,-,N,,0,0,,,0,,,,N,1,A,-,22350,,N,A,A,-,A,D,0,Y,L,04,0,0,1,0,0,0,1,0,0,-,-,BERKELEY,ALAMEDA,CA,0,0
5414545,-122.25848,37.86511,2011,0103,0,6,4,17,0,1,A,,Y,,,,1500,10,B,G,A,"TELEGRAPH AV","DWIGHT WY",0,S,N,2013-01-14,103,2011-10-15,1445,47,36,5,6,0,0,,0,007,-,N,,0,0,,,0,,,,N,2,A,-,22517,,N,A,H,-,A,D,0,Y,A,01,0,0,1,0,0,0,1,0,0,-,-,BERKELEY,ALAMEDA,CA,0,0