CASEID,POINT_X,POINT_Y,YEAR_,LOCATION,CHPTYPE,DAYWEEK,CRASHSEV,VIOLCAT,KILLED,INJURED,WEATHER1,PEDCOL,BICCOL,MCCOL,TRUCKCOL,ETOH,TIMECAT,MONTH_,CRASHTYP,INVOLVE,PED,PRIMARYRD,SECONDRD,DISTANCE,DIRECT,INTERSECT_,PROCDATE,JURIS,DATE_,TIME_,BADGE,JURIDIST,SHIFT,POP,SPECIAL,BEATTYPE,LAPDDIV,BEATCLAS,BEATNUMB,WEATHER2,STATEHW,CALTRANC,CALTRAND,STROUTE,ROUTESUF,POSTPRE,POSTMILE,LOCATYPE,RAMP,SIDEHW,TOWAWAY,PARTIES,PCF,VIOLCODE,VIOL,VIOLSUB,HITRUN,ROADSURF,RDCOND1,RDCOND2,LIGHTING,RIGHTWAY,CHPRDTYP,NOTPRIV,STFAULT,CHPFAULT,SEVINJ,OTHERINJ,COP,PEDKILL,PEDINJ,BICKILL,BICINJ,MCKILL,MCINJURE,RAMP1,RAMP2,CITY,COUNTY,STATE,X_CHP,Y_CHP
5850470,-122.266953178,37.8585149133,2012,0103,0,5,4,09,0,3,B,,,,,,900,8,D,C,A,"SHATTUCK AV","STUART ST",0,,Y,2013-11-16,103,2012-08-31,817,20,35,5,6,0,0,,0,010,-,N,,0,0,,,0,,,,N,2,A,-,21802,A,N,A,H,-,A,A,0,Y,A,07,0,0,3,0,0,0,0,0,0,-,-,BERKELEY,ALAMEDA,CA,0,0
5850469,-122.243883109,37.8580749127,2012,0103,0,5,4,09,0,1,A,,,Y,,,2400,8,D,C,A,"ASHBY AV","DOMINGO AV",0,,Y,2013-11-16,103,2012-08-24,2249,106,38,5,6,0,0,,0,008,-,N,,0,0,,,0,,,,N,2,A,-,21801,A,N,A,H,-,C,A,0,Y,A,01,0,0,1,0,0,0,0,0,1,-,-,BERKELEY,ALAMEDA,CA,0,0
5850466,0,0,2012,0103,0,2,3,03,0,1,A,,Y,,,,2400,8,H,J,A,"GRIZZLY PEAK BL","GRIZZLY PEAK BL 1221",0,,Y,2013-11-16,103,2012-08-28,2115,74,16,5,6,0,0,,0,002,-,N,,0,0,,,0,,,,N,1,A,-,22350,,N,A,B,-,C,D,0,Y,-,-,0,1,0,0,0,0,1,0,0,-,-,BERKELEY,ALAMEDA,CA,0,0
5850465,-122.263213168,37.8654349264,2012,0103,0,2,4,12,0,1,A,,,,,,2400,8,D,C,A,"HASTE ST","ELLSWORTH ST",0,,Y,2013-12-19,103,2012-08-21,2206,80,28,5,6,0,0,,0,006,-,N,,0,0,,,0,,,,Y,2,A,-,21453,A,N,A,H,-,C,A,0,Y,A,07,0,0,1,0,0,0,0,0,0,-,-,BERKELEY,ALAMEDA,CA,0,0
5850462,-122.284753068,37.8727648898,2012,0103,0,5,4,12,0,1,A,,,,,,1200,8,D,C,A,"ACTON ST","DELAWARE ST",0,,Y,2013-11-16,103,2012-08-31,953,100,22,5,6,0,0,,0,018,-,N,,0,0,,,0,,,,N,2,A,-,22450,A,N,A,H,-,A,A,0,Y,A,01,0,0,1,0,0,0,0,0,0,-,-,BERKELEY,ALAMEDA,CA,0,0
5850461,-122.255107907,37.856768158,2012,0103,0,1,4,03,0,1,B,,,,,Y,2400,8,C,D,A,"ASHBY AV","HILLEGASS AV",27,W,N,2013-11-16,103,2012-08-20,2106,54,39,5,6,0,0,,0,009,-,Y,ALA,4,13,-,-,11.38,H,-,S,N,2,A,-,22350,,F,A,H,-,C,D,0,Y,-,-,0,0,1,0,0,0,0,0,0,-,-,BERKELEY,ALAMEDA,CA,0,0
5850458,-122.268463188,37.8722148593,2012,0103,0,3,4,14,0,1,A,,Y,,,,2100,8,D,G,A,"UNIVERSITY AV","SHUTTUCK AV",0,,Y,2013-11-16,103,2012-08-29,2037,80,24,5,6,0,0,,0,003,-,N,,0,0,,,0,,,,N,2,A,-,21201,D,N,A,H,-,C,A,0,Y,L,04,0,0,1,0,0,0,1,0,0,-,-,BERKELEY,ALAMEDA,CA,0,0
5850457,-122.294105292,37.875181413,2012,0103,0,1,3,03,0,1,A,,,,,,1800,8,C,C,A,"SAN PABLO AV","CEDAR ST",30,S,N,2013-11-16,103,2012-08-20,1641,57,22,5,6,0,0,,0,018,-,Y,ALA,4,123,-,-,3.59,H,-,N,N,3,A,-,22350,,N,A,H,-,A,A,0,Y,A,01,0,1,0,0,0,0,0,0,0,-,-,BERKELEY,ALAMEDA,CA,0,0
5850454,-122.253115031,37.857028145,2012,0103,0,4,4,08,0,2,A,,,,,,1800,8,D,C,A,"RT 13","BENVENUE AV",0,,Y,2013-11-16,103,2012-08-30,1712,81,39,5,6,0,0,,0,009,-,Y,ALA,4,13,-,-,11.3,I,5,N,N,2,A,-,22107,,N,A,H,-,A,A,0,Y,A,01,0,0,2,0,0,0,0,0,0,-,-,BERKELEY,ALAMEDA,CA,0,0
5850453,0,0,2012,0103,0,7,4,08,0,3,A,,,,,,1500,8,D,C,A,"DOHR ST","DOHR ST 2816",0,,N,2013-11-16,103,2012-08-19,1259,126,33,5,6,0,0,,0,013,-,N,,0,0,,,0,,,,N,3,A,-,22103,,N,A,H,-,A,D,0,Y,A,01,0,0,3,0,0,0,0,0,0,-,-,BERKELEY,ALAMEDA,CA,0,0
5850450,-122.278763157,37.8624949136,2012,0103,0,2,3,03,0,2,A,Y,,,,,2100,8,G,B,B,"DWIGHT WY","CALIFORNIA ST",0,,Y,2013-11-16,103,2012-08-28,1800,57,30,5,6,0,0,,0,005,-,N,,0,0,,,0,,,,N,3,A,-,22350,,N,A,H,-,A,A,0,Y,-,-,0,1,1,0,2,0,0,0,0,-,-,BERKELEY,ALAMEDA,CA,0,0
5850449,-122.266533085,37.8552749372,2012,0103,0,7,4,09,0,1,A,,,,,,900,8,B,C,A,"SHATTUCK AV","ASHBY AV",0,,Y,2013-11-16,103,2012-08-19,646,126,39,5,6,0,0,,0,010,-,N,,0,0,,,0,,,,Y,2,A,-,21804,A,N,A,H,-,A,A,0,Y,A,01,0,0,1,0,0,0,0,0,0,-,-,BERKELEY,ALAMEDA,CA,0,0
5850445,-122.266589317,37.8556846119,2012,0103,0,6,4,03,0,1,A,,,,,,1800,8,C,C,A,"SHATTUCK AV","ASHBY AV",150,N,N,2013-11-16,103,2012-08-18,1514,52,39,5,6,0,0,,0,010,-,N,,0,0,,,0,,,,N,2,A,-,22350,,F,A,H,-,A,D,0,Y,A,07,0,0,1,0,0,0,0,0,0,-,-,BERKELEY,ALAMEDA,CA,0,0
5850441,-122.28259315,37.8945749204,2012,0103,0,5,3,03,0,1,A,,Y,,,,1800,8,H,I,A,"VINCENTE AV","COLUSA AV",0,,-,2013-11-16,103,2012-08-17,1552,152,13,5,6,0,0,,0,001,-,N,,0,0,,,0,,,,N,1,A,-,22350,,N,A,H,-,A,D,0,Y,L,04,0,1,0,0,0,0,1,0,0,-,-,BERKELEY,ALAMEDA,CA,0,0
5850437,-122.295482616,37.8790130563,2012,0103,0,2,2,04,0,1,A,,,,,,1800,8,C,C,A,"SAN PABLO AV","CAMELIA ST",108,N,N,2013-11-16,103,2012-08-21,1629,38,22,5,6,0,0,,0,017,-,N,,0,0,,,0,,,,N,3,A,-,21703,,N,A,H,-,A,D,0,Y,A,01,1,0,0,0,0,0,0,0,0,-,-,BERKELEY,ALAMEDA,CA,0,0
5850430,-122.266213201,37.8724748651,2012,0103,0,3,4,09,0,1,A,,Y,,,,1800,8,D,G,A,"OXFORD ST","UNIVERSITY AV",0,,Y,2013-11-16,103,2012-08-22,1601,57,24,5,6,0,0,,0,003,-,N,,0,0,,,0,,,,N,2,A,-,21801,A,N,A,H,-,A,A,0,Y,A,01,0,0,1,0,0,0,1,0,0,-,-,BERKELEY,ALAMEDA,CA,0,0
5850426,-122.272655794,37.868808252,2012,0103,0,1,3,10,0,1,A,Y,,,,,1200,8,G,B,B,"ALLSTON WY","MARTIN LUTHER KING JR WY",8,E,N,2013-11-16,103,2012-08-27,1040,102,29,5,6,0,0,,0,004,-,N,,0,0,,,0,,,,N,2,A,-,21950,A,N,A,H,-,A,A,0,Y,A,01,0,1,0,0,1,0,0,0,0,-,-,BERKELEY,ALAMEDA,CA,0,0
5850422,-122.259863187,37.8551849223,2012,0103,0,2,4,09,0,1,A,,,,,,1200,8,D,C,A,"TELEGRAPH AV","WEBSTER ST",0,,Y,2013-11-16,103,2012-08-28,945,37,39,5,6,0,0,,0,009,-,N,,0,0,,,0,,,,N,2,A,-,21453,C,F,A,H,-,A,A,0,Y,-,-,0,0,1,0,0,0,0,0,0,-,-,BERKELEY,ALAMEDA,CA,0,0
5850418,-122.271943088,37.8717549309,2012,0103,0,1,4,10,0,1,A,Y,,,,,1200,8,G,B,B,"UNIVERSITY AV","BONITA AV",0,,Y,2013-12-20,103,2012-08-27,909,144,24,5,6,0,0,,0,003,-,N,,0,0,,,0,,,,N,2,A,-,21950,A,N,A,H,-,A,D,0,Y,A,01,0,0,1,0,1,0,0,0,0,-,-,BERKELEY,ALAMEDA,CA,0,0
5850414,0,0,2012,0103,0,7,4,11,0,1,A,Y,,,,,1800,8,G,B,B,"THE ALAMEDA","THE ALAMEDA 1100",15,W,N,2013-11-16,103,2012-08-26,1625,152,13,5,6,0,0,,0,001,-,N,,0,0,,,0,,,,N,2,A,-,21456,B,N,A,H,-,A,A,0,Y,N,60,0,0,1,0,1,0,0,0,0,-,-,BERKELEY,ALAMEDA,CA,0,0
5850413,-122.267393171,37.8630549105,2012,0103,0,2,4,03,0,1,A,,,,,Y,1200,8,C,C,A,"SHATTUCK AV","BLAKE ST",0,,Y,2013-11-16,103,2012-08-21,1101,84,20,5,6,0,0,,0,005,-,N,,0,0,,,0,,,,Y,3,A,-,22350,,N,A,H,-,A,D,0,Y,A,01,0,0,1,0,0,0,0,0,0,-,-,BERKELEY,ALAMEDA,CA,0,0
5850410,0,0,2012,0103,0,6,4,17,0,1,A,,Y,,,,2100,8,E,G,A,"UNIVERSITY AV","UNIVERSITY AV 1370",0,,N,2013-11-16,103,2012-08-25,1926,5,31,5,6,0,0,,0,014,-,N,,0,0,,,0,,,,N,2,A,-,22517,,N,A,H,-,B,D,0,Y,A,01,0,0,1,0,0,0,1,0,0,-,-,BERKELEY,ALAMEDA,CA,0,0
5850409,-122.28432313,37.8701649339,2012,0103,0,2,4,00,0,1,A,,,,,,1800,8,A,C,A,"UNIVERSITY AV","ACTON ST",0,,Y,2013-11-16,103,2012-08-21,1546,38,22,5,6,0,0,,0,018,-,N,,0,0,,,0,,,,N,2,D,-,0,,N,A,H,-,A,A,0,Y,-,-,0,0,1,0,0,0,0,0,0,-,-,BERKELEY,ALAMEDA,CA,0,0
5850406,-122.272303085,37.8651849534,2012,0103,0,5,4,08,0,1,A,,,,,,2400,8,H,C,A,"MARTIN LUTHER KING JR WY","CHANNING WY",0,,Y,2013-11-16,103,2012-08-31,2242,125,29,5,6,0,0,,0,005,-,N,,0,0,,,0,,,,Y,2,A,-,22107,,N,A,H,-,C,A,0,Y,-,-,0,0,1,0,0,0,0,0,0,-,-,BERKELEY,ALAMEDA,CA,0,0
5850402,-122.274233089,37.8538948613,2012,0103,0,5,3,10,0,1,A,,Y,,,Y,1500,8,B,G,A,"ASHBY AV","KING ST",0,,Y,2013-11-16,103,2012-08-24,1420,126,40,5,6,0,0,,0,012,-,N,,0,0,,,0,,,,N,2,A,-,21950,A,M,A,H,-,A,A,0,Y,A,01,0,1,0,0,0,0,1,0,0,-,-,BERKELEY,ALAMEDA,CA,0,0
5849959,-122.303074875,37.864991213,2012,0103,1,1,4,03,0,2,A,,,,,,1800,9,C,C,A,"RT 80","UNIVERSITY AV",400,W,N,2014-03-27,9370,2012-09-17,1735,018206,,2,6,0,1,,2,081,-,Y,ALA,4,80,-,-,5.76,H,-,E,Y,3,A,-,22350,,N,A,H,-,A,D,6,Y,A,01,0,0,2,0,0,0,0,0,0,-,-,BERKELEY,ALAMEDA,CA,-122.3032,37.8655
5830863,-122.268433207,37.8731089784,2012,0103,0,1,4,21,0,1,A,,,,,,1500,8,H,C,A,"BERKELEY WY","SHATTUCK AV",35,E,N,2013-11-12,103,2012-08-27,1440,108,24,5,6,0,0,,0,003,-,N,,0,0,,,0,,,,N,2,A,-,22106,,M,A,H,-,A,D,0,Y,A,08,0,0,1,0,0,0,0,0,0,-,-,BERKELEY,ALAMEDA,CA,0,0
5830855,-122.26834316,37.8711849504,2012,0103,0,4,4,03,0,1,A,,,,,,2100,8,C,C,A,"SHATTUCK AV","ADDISON ST",0,,Y,2013-11-12,103,2012-08-23,2000,24,29,5,6,0,0,,0,004,-,N,,0,0,,,0,,,,N,2,A,-,22350,,N,A,H,-,C,D,0,Y,A,01,0,0,1,0,0,0,0,0,0,-,-,BERKELEY,ALAMEDA,CA,0,0
5826391,-122.286693077,37.8517249269,2012,0103,0,1,4,10,0,1,A,Y,,,,,1500,8,G,B,B,"MURRAY ST","SAN PABLO AV",0,,Y,2013-11-07,103,2012-08-06,1321,57,20,5,6,0,0,,0,015,-,N,,0,0,,,0,,,,N,2,A,-,21950,A,N,A,H,-,A,A,0,Y,D,22,0,0,1,0,1,0,0,0,0,-,-,BERKELEY,ALAMEDA,CA,0,0
5826387,-122.275115556,37.8692851466,2012,0103,0,3,3,09,0,1,A,,Y,,,,900,8,H,G,A,"GRANT ST","ALLSTON WY",285,N,N,2013-11-07,103,2012-08-08,753,37,30,5,6,0,0,,0,003,-,N,,0,0,,,0,,,,N,2,A,-,21801,A,N,A,H,-,A,A,0,Y,D,22,0,1,0,0,0,0,1,0,0,-,-,BERKELEY,ALAMEDA,CA,0,0
5826371,-122.303170215,37.8669403342,2012,0103,0,3,3,07,0,3,A,,,,Y,,1500,8,C,C,A,"UNIVERSITY AV","WEST FRONTAGE RD",746,E,N,2013-11-07,103,2012-08-15,1244,8,20,5,6,0,0,,0,016,-,N,,0,0,,,0,,,,Y,3,A,-,21658,A,N,A,H,-,A,D,0,Y,F,75,0,1,2,0,0,0,0,0,0,-,-,BERKELEY,ALAMEDA,CA,0,0
5823066,-122.298223267,37.845237245,2012,0103,1,6,4,03,0,1,A,,,,,,2100,9,C,C,A,"RT 80","ASHBY AV",160,W,N,2013-12-02,9370,2012-09-08,1800,020149,,2,6,0,1,,2,081,-,Y,ALA,4,80,-,-,4.42,H,-,W,N,2,A,-,22350,,N,A,H,-,A,D,6,Y,A,01,0,0,1,0,0,0,0,0,0,-,-,BERKELEY,ALAMEDA,CA,-122.17559,37.50548
5823062,-122.305541234,37.871705534,2012,0103,1,4,4,03,0,2,A,,,,,,1800,9,C,C,A,"RT 80","GILMAN ST",1866,W,N,2013-12-02,9370,2012-09-06,1520,019645,,2,6,0,1,,2,082,-,Y,ALA,4,80,-,-,6.27,H,-,W,Y,3,A,-,22350,,N,A,H,-,A,D,6,Y,A,08,0,0,2,0,0,0,0,0,0,-,-,BERKELEY,ALAMEDA,CA,-122.18209,37.52271
5816494,-122.307814181,37.88066644,2012,0103,1,6,4,03,0,1,A,,,,,,1800,4,C,D,A,"RT 80","GILMAN ST",1340,E,N,2014-04-03,9370,2012-04-14,1651,20292,,2,6,0,1,,2,081,-,Y,ALA,4,80,-,R,6.93,H,-,E,N,2,A,-,22350,,N,A,H,-,A,D,6,Y,A,07,0,0,1,0,0,0,0,0,0,-,-,BERKELEY,ALAMEDA,CA,-122.18287,37.52549
5814369,-122.272303085,37.8651849534,2012,0103,0,1,4,09,0,1,A,,Y,,,,300,11,D,G,A,"MARTIN LUTHER KING JR WY","CHANNING WY",0,,Y,2013-01-31,103,2012-11-05,57,9,30,5,6,0,0,,0,005,-,N,,0,0,,,0,,,,N,2,A,-,21804,A,N,A,H,-,C,A,0,Y,L,04,0,0,1,0,0,0,1,0,0,-,-,BERKELEY,ALAMEDA,CA,0,0
5808558,-122.283457146,37.8911393101,2012,0103,0,4,3,03,0,2,A,Y,,,,,1800,7,E,I,F,"SOLANO AV","VENTURA AV",22,E,N,2013-10-21,103,2012-07-05,1551,57,12,5,6,0,0,,0,001,-,N,,0,0,,,0,,,,N,3,A,-,22350,,N,A,H,-,A,D,0,Y,A,07,0,1,1,0,2,0,0,0,0,-,-,BERKELEY,ALAMEDA,CA,0,0
5808557,0,0,2012,0103,0,6,3,08,0,1,A,,Y,,,,2100,7,D,G,A,"RUSSELL ST","LIGHT POLE B3204",10,E,N,2013-10-19,103,2012-07-21,1920,23,34,5,6,0,0,,0,012,-,N,,0,0,,,0,,,,N,2,A,-,22107,,N,A,H,-,A,D,0,Y,L,04,0,1,0,0,0,0,1,0,0,-,-,BERKELEY,ALAMEDA,CA,0,0
5808554,-122.266332607,37.8538272089,2012,0103,0,4,4,10,0,1,A,Y,,,,,1500,7,G,B,B,"ESSEX ST","SHATTUCK AV",6,E,N,2013-10-21,103,2012-07-05,1257,102,39,5,6,0,0,,0,010,-,N,,0,0,,,0,,,,N,2,A,-,21950,A,N,A,H,-,A,A,0,Y,A,01,0,0,1,0,1,0,0,0,0,-,-,BERKELEY,ALAMEDA,CA,0,0
5808553,-122.297432699,37.8680922402,2012,0103,0,5,4,03,0,1,A,,,,,,1800,7,C,C,A,"UNIVERSITY AV","6TH ST",92,E,N,2013-11-05,103,2012-07-20,1613,116,21,5,6,0,0,,0,016,-,N,,0,0,,,0,,,,N,2,A,-,22350,,N,A,H,-,A,D,0,Y,A,07,0,0,1,0,0,0,0,0,0,-,-,BERKELEY,ALAMEDA,CA,0,0
5808550,-122.273223112,37.8733449272,2012,0103,0,4,3,12,0,1,A,,Y,,,,300,7,H,J,A,"HEARST AV","MARTIN LUTHER KING JR WY",0,,Y,2013-10-21,103,2012-07-05,45,140,23,5,6,0,0,,0,003,-,N,,0,0,,,0,,,,N,1,A,-,22450,A,N,A,H,-,C,A,0,Y,L,04,0,1,0,0,0,0,1,0,0,-,-,BERKELEY,ALAMEDA,CA,0,0
5808549,-122.254433125,37.8683648602,2012,0103,0,5,4,10,0,1,A,Y,,Y,,,1200,7,A,B,B,"COLLEGE AV","DURANT AV",0,,Y,2013-11-07,103,2012-07-20,1015,37,27,5,6,0,0,,0,007,-,N,,0,0,,,0,,,,N,2,A,-,21950,A,N,A,H,-,A,A,0,Y,C,03,0,0,1,0,1,0,0,0,0,-,-,BERKELEY,ALAMEDA,CA,0,0
5808546,-122.248889371,37.8827963456,2012,0103,0,3,2,18,0,1,A,,Y,,,,1200,7,H,A,A,"GRIZZLY PEAK BL","SENIOR AV",45,S,N,2013-10-21,103,2012-07-04,1123,96,16,5,6,0,0,,0,002,-,N,,0,0,,,0,,,,N,1,C,-,0,,N,A,A,-,A,D,0,Y,-,-,1,0,0,0,0,0,1,0,0,-,-,BERKELEY,ALAMEDA,CA,0,0
5808545,-122.281443066,37.8639948451,2012,0103,0,3,4,05,0,1,A,,,,,,1800,7,C,C,A,"SACRAMENTO ST","CHANNING WY",0,,Y,2013-10-19,103,2012-07-18,1623,8,30,5,6,0,0,,0,005,-,N,,0,0,,,0,,,,Y,3,A,-,21651,A,N,A,H,-,A,D,0,Y,A,01,0,0,1,0,0,0,0,0,0,-,-,BERKELEY,ALAMEDA,CA,0,0
5808542,-122.273391065,37.8733119032,2012,0103,0,2,3,17,0,1,A,,Y,,,,2100,7,H,G,A,"HEARST ST","MARTIN LUTHER KING JR WY",50,W,N,2013-10-19,103,2012-07-03,1810,12,23,5,6,0,0,,0,003,-,N,,0,0,,,0,,,,N,2,A,-,22517,,N,A,G,-,A,D,0,Y,A,01,0,1,0,0,0,0,1,0,0,-,-,BERKELEY,ALAMEDA,CA,0,0
5808541,-122.252483121,37.8512548494,2012,0103,0,2,4,03,0,1,B,,,Y,,,1200,7,D,C,A,"COLLEGE AV","ALCATRAZ AV",0,,N,2013-11-05,103,2012-07-17,1003,144,39,5,6,0,0,,0,009,-,N,,0,0,,,0,,,,Y,2,A,-,22350,,N,A,H,-,A,D,0,Y,C,02,0,0,1,0,0,0,0,0,1,-,-,BERKELEY,ALAMEDA,CA,0,0
5808538,-122.294047353,37.874546166,2012,0103,0,1,4,06,0,1,A,,Y,,,,1200,7,B,G,A,"SAN PABLO AV","CEDAR ST",270,S,N,2014-02-25,103,2012-07-02,1138,57,21,5,6,0,0,,0,017,-,Y,ALA,4,123,-,-,3.55,H,-,S,N,2,A,-,21750,,N,A,H,-,A,D,0,Y,-,-,0,0,1,0,0,0,1,0,0,-,-,BERKELEY,ALAMEDA,CA,0,0
5808537,-122.281823177,37.8673848534,2012,0103,0,1,4,12,0,3,A,,,,,,1500,7,D,C,A,"SACRAMENTO ST","ALLSTON WY",0,,Y,2013-10-19,103,2012-07-16,1351,57,31,5,6,0,0,,0,014,-,N,,0,0,,,0,,,,Y,2,A,-,21453,A,N,A,H,-,A,A,0,Y,-,-,0,0,3,0,0,0,0,0,0,-,-,BERKELEY,ALAMEDA,CA,0,0
5808535,-122.292283151,37.8691248534,2012,0103,0,6,3,07,0,1,A,,,Y,,,1800,7,B,C,A,"SAN PABLO AV","UNIVERSITY AV",0,,N,2013-10-21,103,2012-07-14,1645,137,31,5,6,0,0,,0,018,-,N,,0,0,,,0,,,,N,2,A,-,21658,A,N,A,H,-,A,D,0,Y,A,01,0,1,0,0,0,0,0,0,1,-,-,BERKELEY,ALAMEDA,CA,0,0
5808534,-122.271573139,37.8486949591,2012,0103,0,1,4,09,0,1,A,,,,,,300,7,A,C,A,"ALCATRAZ AV","ADELINE ST",0,,Y,2013-10-19,103,2012-07-02,11,155,40,5,6,0,0,,0,010,-,N,,0,0,,,0,,,,Y,2,A,-,21801,A,N,A,H,-,C,A,0,Y,A,01,0,0,1,0,0,0,0,0,0,-,-,BERKELEY,ALAMEDA,CA,0,0
5808533,-122.271730085,37.8600278168,2012,0103,0,1,4,03,0,1,A,,,,,,1500,7,C,C,A,"MARTIN LUTHER KING JR WY","DERBY ST",96,N,N,2013-10-19,103,2012-07-16,1309,57,34,5,6,0,0,,0,012,-,N,,0,0,,,0,,,,Y,2,A,-,22350,,N,A,H,-,A,A,0,Y,A,01,0,0,1,0,0,0,0,0,0,-,-,BERKELEY,ALAMEDA,CA,0,0
5808531,0,0,2012,0103,0,6,4,08,0,1,A,,,,,,1500,7,B,C,A,"UNIVERSITY AV","UNIVERSITY AV 1100",0,,N,2013-10-21,103,2012-07-14,1353,20,31,5,6,0,0,,0,018,-,N,,0,0,,,0,,,,N,2,A,-,22107,,N,A,H,-,A,D,0,Y,A,01,0,0,1,0,0,0,0,0,0,-,-,BERKELEY,ALAMEDA,CA,0,0
5808530,0,0,2012,0103,0,7,4,17,0,1,A,,Y,,,,2100,7,B,G,A,"OXFORD AV","OXFORD AV 2280",0,,N,2013-10-19,103,2012-07-01,2005,16,29,5,6,0,0,,0,004,-,N,,0,0,,,0,,,,N,2,A,-,22517,,N,A,H,-,A,D,0,Y,A,01,0,0,1,0,0,0,1,0,0,-,-,BERKELEY,ALAMEDA,CA,0,0
5808527,-122.266144564,37.8684910345,2012,0103,0,5,4,08,0,1,A,,,,,,1800,7,C,E,A,"FULTON ST","BANCROFT WY",243,N,N,2013-10-21,103,2012-07-13,1629,141,29,5,6,0,0,,0,005,-,N,,0,0,,,0,,,,Y,2,A,-,22107,,N,A,H,-,A,D,0,Y,A,01,0,0,1,0,0,0,0,0,0,-,-,BERKELEY,ALAMEDA,CA,0,0
5808526,0,0,2012,0103,0,7,4,08,0,2,A,,,Y,,,2100,7,B,C,A,"ASHBY AV","ASHBY AV 735",0,,N,2013-10-19,103,2012-07-01,1949,10,20,5,6,0,0,,0,015,-,N,,0,0,,,0,,,,Y,2,A,-,22107,,N,A,H,-,A,D,0,Y,A,01,0,0,2,0,0,0,0,0,1,-,-,BERKELEY,ALAMEDA,CA,0,0
5808523,-122.255759114,37.8580111995,2012,0103,0,5,4,08,0,1,A,,,,,,1500,7,B,C,A,"HILLEGASS AV","RUSSELL ST",56,S,N,2013-10-21,103,2012-07-13,1406,37,36,5,6,0,0,,0,009,-,N,,0,0,,,0,,,,N,2,A,-,22100,A,N,A,H,-,A,A,0,Y,A,01,0,0,1,0,0,0,0,0,0,-,-,BERKELEY,ALAMEDA,CA,0,0
5808522,-122.267733145,37.8931348925,2012,0103,0,2,3,12,0,1,A,,Y,,,,1500,7,D,G,A,"MARIN AV","SPRUCE ST",0,,Y,2013-10-19,103,2012-07-31,1200,125,11,5,6,0,0,,0,001,-,N,,0,0,,,0,,,,N,2,A,-,22450,A,N,A,H,-,A,D,0,Y,L,04,0,1,0,0,0,0,1,0,0,-,-,BERKELEY,ALAMEDA,CA,0,0
5808519,-122.275333141,37.871324857,2012,0103,0,3,4,08,0,1,A,,,Y,,,1200,7,D,C,A,"UNIVERSITY AV","GRANT ST",0,,N,2013-10-21,103,2012-07-11,1144,144,30,5,6,0,0,,0,003,-,N,,0,0,,,0,,,,Y,2,A,-,22107,,N,A,H,-,A,D,0,Y,A,01,0,0,1,0,0,0,0,0,1,-,-,BERKELEY,ALAMEDA,CA,0,0
5808518,-122.27443315,37.8630549014,2012,0103,0,1,3,09,0,1,A,,,,,,1500,7,D,C,A,"GRANT ST","DWIGHT WY",0,,Y,2013-10-19,103,2012-07-30,1224,57,30,5,6,0,0,,0,005,-,N,,0,0,,,0,,,,Y,2,A,-,21802,A,N,A,H,-,A,A,0,Y,A,08,0,1,0,0,0,0,0,0,0,-,-,BERKELEY,ALAMEDA,CA,0,0
5808515,-122.266213201,37.8724748651,2012,0103,0,3,3,09,0,2,A,,,,,,1200,7,D,C,A,"OXFORD ST","UNIVERSITY AV",0,,Y,2013-11-04,103,2012-07-11,932,76,29,5,6,0,0,,0,004,-,N,,0,0,,,0,,,,Y,2,A,-,21801,A,N,A,H,-,A,A,0,Y,A,08,0,1,1,0,0,0,0,0,0,-,-,BERKELEY,ALAMEDA,CA,0,0
5808514,-122.290803098,37.8646149257,2012,0103,0,7,4,08,0,1,B,,,,,,900,7,B,C,A,"BANCROFT WY","SAN PABLO AV",0,,Y,2013-11-05,103,2012-07-29,848,25,31,5,6,0,0,,0,014,-,N,,0,0,,,0,,,,N,2,A,-,22107,,N,A,H,-,A,A,0,Y,A,01,0,0,1,0,0,0,0,0,0,-,-,BERKELEY,ALAMEDA,CA,0,0
5808511,-122.277663164,37.857194932,2012,0103,0,3,4,08,0,1,A,,,,,,900,7,D,C,A,"CALIFORNIA ST","STUART ST",0,,Y,2013-10-21,103,2012-07-11,752,37,34,5,6,0,0,,0,012,-,N,,0,0,,,0,,,,Y,2,A,-,22103,,N,A,H,-,A,A,0,Y,A,01,0,0,1,0,0,0,0,0,0,-,-,BERKELEY,ALAMEDA,CA,0,0
5808510,0,0,2012,0103,0,4,3,03,0,1,A,Y,,,,,1800,7,G,B,E,"5TH ST","5TH ST 1238",0,,N,2013-10-19,103,2012-07-26,1729,5,20,5,6,0,0,,0,017,-,N,,0,0,,,0,,,,N,2,A,-,22350,,N,A,H,-,A,D,0,Y,A,01,0,1,0,0,1,0,0,0,0,-,-,BERKELEY,ALAMEDA,CA,0,0
5808508,-122.266184661,37.8988151442,2012,0103,0,4,3,03,0,1,A,,,,,,1500,7,A,I,A,"HILLDALE AV","POPLAR AV",589,N,N,2014-03-05,103,2012-07-26,1203,152,11,5,6,0,0,,0,001,-,N,,0,0,,,0,,,,Y,1,A,-,22350,,N,A,H,-,A,D,0,Y,A,01,0,1,0,0,0,0,0,0,0,-,-,BERKELEY,ALAMEDA,CA,0,0
5808507,-122.306043158,37.874535003,2012,0103,0,2,4,09,0,1,B,,,,,,2100,7,D,C,A,"GILMAN ST",EASTSHORE,0,,Y,2014-02-25,103,2012-07-10,1944,52,20,5,6,0,0,,0,017,-,Y,ALA,4,80,-,-,6.479,R,4,E,N,2,A,-,21802,A,N,A,H,-,B,A,0,Y,A,01,0,0,1,0,0,0,0,0,0,-,-,BERKELEY,ALAMEDA,CA,0,0