CASEID,POINT_X,POINT_Y,YEAR_,LOCATION,CHPTYPE,DAYWEEK,CRASHSEV,VIOLCAT,KILLED,INJURED,WEATHER1,PEDCOL,BICCOL,MCCOL,TRUCKCOL,ETOH,TIMECAT,MONTH_,CRASHTYP,INVOLVE,PED,PRIMARYRD,SECONDRD,DISTANCE,DIRECT,INTERSECT_,PROCDATE,JURIS,DATE_,TIME_,BADGE,JURIDIST,SHIFT,POP,SPECIAL,BEATTYPE,LAPDDIV,BEATCLAS,BEATNUMB,WEATHER2,STATEHW,CALTRANC,CALTRAND,STROUTE,ROUTESUF,POSTPRE,POSTMILE,LOCATYPE,RAMP,SIDEHW,TOWAWAY,PARTIES,PCF,VIOLCODE,VIOL,VIOLSUB,HITRUN,ROADSURF,RDCOND1,RDCOND2,LIGHTING,RIGHTWAY,CHPRDTYP,NOTPRIV,STFAULT,CHPFAULT,SEVINJ,OTHERINJ,COP,PEDKILL,PEDINJ,BICKILL,BICINJ,MCKILL,MCINJURE,RAMP1,RAMP2,CITY,COUNTY,STATE,X_CHP,Y_CHP
6375044,-122.2695531,37.8820149,2013,0103,0,5,3,10,0,1,A,Y,,,,,1800,12,G,B,B,"ROSE ST","SHATTUCK AV",0,,Y,2014-05-27,103,2013-12-20,1500,57,17,5,6,0,0,,0,001,-,N,,0,0,,,0,,,,N,2,A,-,21950,A,N,A,H,-,A,A,0,Y,A,08,0,1,0,0,1,0,0,0,0,-,-,BERKELEY,ALAMEDA,CA,0,0
6375043,-122.2698832,37.8636349,2013,0103,0,2,4,11,0,1,A,Y,,,,,1500,12,G,B,E,"DWIGHT WY","MILVIA ST",0,,Y,2014-05-27,103,2013-12-03,1358,101,35,5,6,0,0,,0,005,-,N,,0,0,,,0,,,,N,2,A,-,21956,,N,A,H,-,A,D,0,Y,N,60,0,0,1,0,1,0,0,0,0,-,-,BERKELEY,ALAMEDA,CA,0,0
6372213,-122.3056632,37.8664149,2013,0103,0,3,4,09,0,1,A,,,,,,1800,12,D,C,A,"UNIVERSITY AV","W FRONTAGE RD",0,,Y,2014-05-27,103,2013-12-04,1756,109,20,5,6,0,0,,0,016,-,N,,0,0,,,0,,,,N,2,A,-,21802,A,F,A,H,-,D,A,0,Y,D,23,0,0,1,0,0,0,0,0,0,-,-,BERKELEY,ALAMEDA,CA,0,0
6372185,-122.2791131,37.8532749,2013,0103,0,6,4,03,0,2,A,,,,,,1500,12,C,C,A,"SACRAMENTO ST","ASHBY AV",0,,Y,2014-06-17,103,2013-12-14,1224,133,33,5,6,0,0,,0,013,-,N,,0,0,,,0,,,,Y,3,A,-,22350,,N,A,H,-,A,D,0,Y,A,07,0,0,2,0,0,0,0,0,0,-,-,BERKELEY,ALAMEDA,CA,0,0
6372177,-122.2722784,37.8902801,2013,0103,0,2,4,09,0,1,A,,,Y,,,1200,12,D,C,A,"MARIN CIR","ARLINGTON AV",32,E,N,2014-05-27,103,2013-12-17,1132,37,12,5,6,0,0,,0,001,-,N,,0,0,,,0,,,,N,2,A,-,21800,A,N,A,H,-,A,A,0,Y,D,22,0,0,1,0,0,0,0,0,1,-,-,BERKELEY,ALAMEDA,CA,0,0
6372173,-122.2886231,37.8541449,2013,0103,0,2,4,09,0,2,A,,,,,,1500,12,D,C,A,"10TH ST","HEINZ AV",0,,Y,2014-06-17,103,2013-12-17,1455,33,20,5,6,0,0,,0,015,-,N,,0,0,,,0,,,,N,2,A,-,21801,A,N,A,H,-,A,D,0,Y,A,01,0,0,2,0,0,0,0,0,0,-,-,BERKELEY,ALAMEDA,CA,0,0
6372165,-122.2588631,37.8623349,2013,0103,0,3,4,03,0,1,A,,,,,,1200,12,C,C,A,"TELEGRAPH AV","CARLETON ST",0,,Y,2014-06-17,103,2013-12-18,1008,122,36,5,6,0,0,,0,007,-,N,,0,0,,,0,,,,N,2,A,-,22350,,N,A,H,-,A,D,0,Y,D,22,0,0,1,0,0,0,0,0,0,-,-,BERKELEY,ALAMEDA,CA,0,0
6372156,-122.283059,37.8811055,2013,0103,0,4,4,03,0,1,A,,,,,,2100,12,A,E,A,"HOPKINS ST","SACRAMENTO ST",85,E,N,2014-05-30,103,2013-12-19,2007,130,17,5,6,0,0,,0,003,-,N,,0,0,,,0,,,,N,2,A,-,22350,,N,A,H,-,C,D,0,Y,A,01,0,0,1,0,0,0,0,0,0,-,-,BERKELEY,ALAMEDA,CA,0,0
6333968,-122.2992877,37.8509134,2013,0103,1,2,4,03,0,1,A,,,,,,2100,12,C,C,A,"RT 80","ASHBY AV",400,E,N,2014-05-16,9370,2013-12-31,1830,20456,,2,6,0,1,,2,081,-,Y,ALA,4,80,-,-,4.66,H,-,E,N,2,A,-,22350,,N,A,H,-,B,D,6,Y,A,01,0,0,1,0,0,0,0,0,0,-,-,BERKELEY,ALAMEDA,CA,-122.17565,37.51037
6333952,-122.2990473,37.8488507,2013,0103,1,4,4,03,0,1,A,,,,,,1200,12,C,C,A,"RT 80","ASHBY AV",715,E,N,2014-05-16,9370,2013-12-19,924,20471,,1,6,0,1,,2,081,-,Y,ALA,4,80,-,-,4.59,H,-,W,Y,4,A,-,22350,,N,A,H,-,A,D,6,Y,A,07,0,0,1,0,0,0,0,0,0,-,-,BERKELEY,ALAMEDA,CA,-122.1758,37.51035
6330533,-122.3025027,37.861606,2013,0103,1,6,4,03,0,1,A,,,,,,1800,12,C,C,A,"RT 80","UNIVERSITY AV",1900,W,N,2014-05-19,9370,2013-12-21,1700,20420,,2,6,0,1,,2,081,-,Y,SOL,4,80,-,-,5.48,H,-,W,N,2,A,-,22350,,N,A,H,-,B,D,6,Y,A,01,0,0,1,0,0,0,0,0,0,-,-,BERKELEY,ALAMEDA,CA,-122.30236,37.86148
6330514,-122.3073095,37.8775226,2013,0103,1,5,4,04,0,1,A,,,,,,2100,12,C,C,A,"RT 80","GILMAN ST",33,W,N,2014-05-19,9370,2013-12-27,2020,20155,,2,6,0,1,,2,081,-,Y,ALA,4,80,-,-,6.61,H,-,W,Y,3,A,-,21703,,N,A,H,-,C,D,6,Y,A,01,0,0,1,0,0,0,0,0,0,-,-,BERKELEY,ALAMEDA,CA,-122.30729,37.87817
6330505,-122.2981727,37.8450249,2013,0103,1,6,3,07,0,1,A,,,Y,,,1800,12,B,C,A,"RT 80","ASHBY AV",883,W,N,2014-05-19,9370,2013-12-21,1751,20420,,2,6,0,1,,2,081,-,Y,ALA,4,80,-,-,4.41,H,-,W,Y,2,A,-,21658,A,N,A,H,-,D,D,6,Y,A,07,0,1,0,0,0,0,0,0,1,-,-,BERKELEY,ALAMEDA,CA,-122.29811,37.84535
6330490,-122.3034155,37.8650481,2013,0103,1,3,4,03,0,3,A,,,,,,1800,12,C,C,A,"RT 80","UNIVERSITY AV",500,W,N,2014-05-19,9370,2013-12-25,1710,20657,,2,6,0,1,,2,081,-,Y,ALA,4,80,-,-,5.75,H,-,W,N,2,A,-,22350,,N,A,H,-,B,D,6,Y,A,01,0,0,3,0,0,0,0,0,0,-,-,BERKELEY,ALAMEDA,CA,-122.18126,37.51547
6306584,0,0,2013,0103,0,2,4,17,0,1,A,,Y,,,,1800,11,D,G,A,"SAN PABLO AV","SAN PABLO AV 1706",0,,N,2014-05-16,103,2013-11-26,1755,109,23,5,6,0,0,,0,016,-,N,,0,0,,,0,,,,N,2,A,-,21663,,N,A,H,-,C,D,0,Y,L,04,0,0,1,0,0,0,1,0,0,-,-,BERKELEY,ALAMEDA,CA,0,0
6306576,-122.2453331,37.8580349,2013,0103,0,4,3,11,0,1,A,Y,,,,,2400,11,A,B,D,"CLAREMONT AV","ASHBY AV",0,,Y,2014-05-07,103,2013-11-28,2229,113,38,5,6,0,0,,0,008,-,N,,0,0,,,0,,,,N,2,A,-,21954,A,N,A,H,-,C,D,0,Y,N,60,0,1,0,0,1,0,0,0,0,-,-,BERKELEY,ALAMEDA,CA,0,0
6305981,-122.2586431,37.8660149,2013,0103,0,4,3,08,0,1,A,,,Y,,,1500,11,B,C,A,"TELEGRAPH AV","HASTE AV",0,,Y,2014-05-05,103,2013-11-28,1211,150,27,5,6,0,0,,0,007,-,N,,0,0,,,0,,,,N,2,A,-,22107,,F,A,H,-,A,A,0,Y,A,01,0,1,0,0,0,0,0,0,1,-,-,BERKELEY,ALAMEDA,CA,0,0
6305977,-122.2597231,37.8561849,2013,0103,0,4,4,09,0,2,A,,,,,,2100,11,B,C,A,"ASHBY AV","TELEGRAPH AV",0,,Y,2014-05-05,103,2013-11-28,1815,150,39,5,6,0,0,,0,009,-,N,,0,0,,,0,,,,Y,2,A,-,21801,A,N,A,H,-,C,A,0,Y,A,01,0,0,2,0,0,0,0,0,0,-,-,BERKELEY,ALAMEDA,CA,0,0
6305973,-122.2926551,37.86906,2013,0103,0,6,4,04,0,1,A,,,,,,1500,11,C,C,A,"UNIVERSITY AV","SAN PABLO AV",110,W,N,2014-05-05,103,2013-11-30,1258,21,31,5,6,0,0,,0,018,-,N,,0,0,,,0,,,,N,2,A,-,21703,,N,A,H,-,A,A,0,Y,A,01,0,0,1,0,0,0,0,0,0,-,-,BERKELEY,ALAMEDA,CA,0,0
6305969,-122.303868,37.8685135,2013,0103,0,1,4,08,0,1,A,,,,,,1500,11,B,E,A,"EASTSHORE DR","HEARST AV",75,N,N,2014-05-05,103,2013-11-25,1257,146,20,5,6,0,0,,0,018,-,N,,0,0,,,0,,,,Y,3,A,-,22107,,N,A,H,-,A,D,0,Y,A,01,0,0,1,0,0,0,0,0,0,-,-,BERKELEY,ALAMEDA,CA,0,0
6305965,-122.2715431,37.8579549,2013,0103,0,1,4,09,0,1,A,,,,,,1500,11,D,C,A,"MARTIN LUTHER KING JR WY","STUART ST",0,,Y,2014-05-05,103,2013-11-25,1421,144,34,5,6,0,0,,0,010,-,N,,0,0,,,0,,,,N,2,A,-,21802,A,N,A,H,-,A,D,0,Y,A,01,0,0,1,0,0,0,0,0,0,-,-,BERKELEY,ALAMEDA,CA,0,0
6305961,-122.2950145,37.8776317,2013,0103,0,1,2,10,0,1,A,Y,,,,,2100,11,G,B,B,"RT 123","PAGE ST",0,,Y,2014-05-05,103,2013-11-25,1802,146,21,5,6,0,0,,0,018,-,Y,ALA,4,123,-,-,3.77,I,5,S,N,2,A,-,21950,A,N,A,H,-,C,D,0,Y,A,01,1,0,0,0,1,0,0,0,0,-,-,BERKELEY,ALAMEDA,CA,0,0
6305957,0,0,2013,0103,0,3,4,09,0,1,A,Y,,,,,1500,11,G,B,F,"SHATTUCK AV","SHATTUCK AV 1444",0,,Y,2014-05-05,103,2013-11-27,1251,100,17,5,6,0,0,,0,001,-,N,,0,0,,,0,,,,N,2,A,-,21802,A,N,A,H,-,A,D,0,Y,A,01,0,0,1,0,1,0,0,0,0,-,-,BERKELEY,ALAMEDA,CA,0,0
6305953,-122.2907931,37.8608549,2013,0103,0,7,4,09,0,1,A,,,,,,2100,11,D,C,A,"DWIGHT WY","10TH ST",0,,Y,2014-05-05,103,2013-11-24,1809,84,32,5,6,0,0,,0,015,-,N,,0,0,,,0,,,,N,2,A,-,21802,A,N,A,H,-,C,D,0,Y,A,01,0,0,1,0,0,0,0,0,0,-,-,BERKELEY,ALAMEDA,CA,0,0
6305949,-122.2654498,37.8742655,2013,0103,0,5,3,10,0,1,A,Y,,,,,1500,11,G,B,B,"HEARST AV","SPRUCE ST",1,E,N,2014-05-05,103,2013-11-22,1259,8,25,5,6,0,0,,0,002,-,N,,0,0,,,0,,,,N,2,A,-,21950,A,N,A,H,-,A,D,0,Y,A,07,0,1,0,0,1,0,0,0,0,-,-,BERKELEY,ALAMEDA,CA,0,0
6305945,-122.3031431,37.8809149,2013,0103,0,6,3,10,0,1,A,Y,,,,,1500,11,G,B,B,"HARRISON ST","5TH ST",0,,Y,2014-05-05,103,2013-11-23,1443,156,20,5,6,0,0,,0,017,-,N,,0,0,,,0,,,,N,2,A,-,21950,A,N,A,H,-,A,A,0,Y,A,01,0,1,0,0,1,0,0,0,0,-,-,BERKELEY,ALAMEDA,CA,0,0
6305941,-122.2843231,37.8701649,2013,0103,0,4,3,22,0,1,A,,Y,,,,1200,11,D,G,A,"ACTON ST","UNIVERSITY AV",0,,Y,2014-05-05,103,2013-11-21,1126,18,22,5,6,0,0,,0,018,-,N,,0,0,,,0,,,,N,2,B,-,0,,F,A,H,-,A,A,0,Y,A,01,0,1,0,0,0,0,1,0,0,-,-,BERKELEY,ALAMEDA,CA,0,0
6305937,-122.2658131,37.8696549,2013,0103,0,3,4,09,0,1,C,,,Y,,,2100,11,H,C,A,"OXFORD ST","ALLSTON WY",0,,Y,2014-05-05,103,2013-11-20,1812,8,29,5,6,0,0,,0,004,-,N,,0,0,,,0,,,,N,2,A,-,21801,A,N,B,H,-,B,D,0,Y,A,01,0,0,1,0,0,0,0,0,1,-,-,BERKELEY,ALAMEDA,CA,0,0
6305933,-122.2753331,37.8713249,2013,0103,0,3,4,03,0,1,B,,,,,Y,2100,11,C,C,A,"UNIVERSITY AV","GRANT ST",0,,Y,2014-05-05,103,2013-11-20,1803,2,30,5,6,0,0,,0,004,-,N,,0,0,,,0,,,,N,2,A,-,22350,,N,B,H,-,C,A,0,Y,A,01,0,0,1,0,0,0,0,0,0,-,-,BERKELEY,ALAMEDA,CA,0,0
6305929,-122.2753331,37.8713249,2013,0103,0,3,4,09,0,1,B,,Y,,,,1800,11,D,C,A,"UNIVERSITY AV","S GRANT ST",0,,Y,2014-05-14,103,2013-11-20,1755,16,30,5,6,0,0,,0,004,-,N,,0,0,,,0,,,,N,2,A,-,21804,A,N,B,H,-,C,A,0,Y,L,04,0,0,1,0,0,0,1,0,0,-,-,BERKELEY,ALAMEDA,CA,0,0
6305925,-122.2710038,37.8506361,2013,0103,0,4,4,08,0,1,A,,Y,,,,1800,11,D,G,A,"FAIRVIEW ST","ADELINE ST",44,W,N,2014-05-05,103,2013-11-21,1734,8,40,5,6,0,0,,0,011,-,N,,0,0,,,0,,,,N,2,A,-,22107,,N,A,H,-,C,D,0,Y,A,07,0,0,1,0,0,0,1,0,0,-,-,BERKELEY,ALAMEDA,CA,0,0
6305921,-122.2843231,37.8701649,2013,0103,0,1,3,12,0,1,A,,,,,,1200,11,D,C,A,"UNIVERSITY AV","ACTON ST",0,,Y,2014-05-05,103,2013-11-18,1148,146,22,5,6,0,0,,0,014,-,N,,0,0,,,0,,,,Y,2,A,-,21453,A,N,A,H,-,A,A,0,Y,A,01,0,1,0,0,0,0,0,0,0,-,-,BERKELEY,ALAMEDA,CA,0,0
6305920,-122.2935331,37.8584249,2013,0103,0,1,4,03,0,1,A,,,,,,1800,11,C,C,A,"7TH ST","PARKER ST",0,,Y,2014-05-05,103,2013-11-18,1713,160,20,5,6,0,0,,0,015,-,N,,0,0,,,0,,,,N,2,A,-,22350,,N,A,H,-,C,A,0,Y,A,01,0,0,1,0,0,0,0,0,0,-,-,BERKELEY,ALAMEDA,CA,0,0
6305916,-122.2607331,37.8648349,2013,0103,0,2,3,09,0,1,C,,Y,,,,1800,11,D,G,A,"DANA ST","DWIGHT WY",0,,Y,2014-05-05,103,2013-11-19,1632,8,28,5,6,0,0,,0,006,-,N,,0,0,,,0,,,,N,2,A,-,21804,A,N,B,H,-,B,A,0,Y,L,04,0,1,0,0,0,0,1,0,0,-,-,BERKELEY,ALAMEDA,CA,0,0
6305912,0,0,2013,0103,0,2,3,03,0,1,A,,,Y,,,300,11,H,I,A,"MARTIN LUTHER KING JR WY","ADELLE ST",0,,Y,2014-05-05,103,2013-11-19,43,36,40,5,6,0,0,,0,011,-,N,,0,0,,,0,,,,N,1,A,-,22350,,N,A,H,-,C,A,0,Y,C,02,0,1,0,0,0,0,0,0,1,-,-,BERKELEY,ALAMEDA,CA,0,0
6305908,-122.2580931,37.8804949,2013,0103,0,6,4,03,0,2,A,,,,,,300,11,C,C,A,"LA LOMA AV","LA VEREDA RD",0,,Y,2014-05-05,103,2013-11-16,100,55,16,5,6,0,0,,0,002,-,N,,0,0,,,0,,,,N,2,A,-,22350,,N,A,H,-,C,A,0,Y,A,01,0,0,2,0,0,0,0,0,0,-,-,BERKELEY,ALAMEDA,CA,0,0
6305904,-122.2706731,37.8818649,2013,0103,0,5,4,09,0,1,A,,,,,,2100,11,A,C,A,"HENRY ST","ROSE ST",0,,Y,2014-06-05,103,2013-11-15,1926,106,17,5,6,0,0,,0,002,-,N,,0,0,,,0,,,,Y,2,A,-,21801,A,N,A,H,-,C,A,0,Y,A,01,0,0,1,0,0,0,0,0,0,-,-,BERKELEY,ALAMEDA,CA,0,0
6305900,-122.2778832,37.8478649,2013,0103,0,5,4,11,0,1,A,Y,,,,,1800,11,G,B,B,"SACRAMENTO ST","ALCATRAZ AV",0,,Y,2014-05-07,103,2013-11-15,1534,28,40,5,6,0,0,,0,013,-,N,,0,0,,,0,,,,N,2,A,-,21950,B,N,A,H,-,A,A,0,Y,N,60,0,0,1,0,1,0,0,0,0,-,-,BERKELEY,ALAMEDA,CA,0,0
6305896,-122.2712912,37.8852559,2013,0103,0,6,4,03,0,1,A,,,,,,1500,11,C,C,A,"HENRY ST","EUNICE ST",80,S,N,2014-05-07,103,2013-11-16,1214,157,17,5,6,0,0,,0,001,-,N,,0,0,,,0,,,,N,2,A,-,22350,,N,A,H,-,A,A,0,Y,A,01,0,0,1,0,0,0,0,0,0,-,-,BERKELEY,ALAMEDA,CA,0,0
6305892,-122.2697032,37.8533949,2013,0103,0,7,3,11,0,1,A,Y,,,,Y,1800,11,G,B,E,"ADELINE ST","ESSEX ST",0,,Y,2014-05-07,103,2013-11-17,1749,28,39,5,6,0,0,,0,010,-,N,,0,0,,,0,,,,N,2,A,-,21954,A,N,A,H,-,C,A,0,Y,N,60,0,1,0,0,1,0,0,0,0,-,-,BERKELEY,ALAMEDA,CA,0,0
6305888,-122.2675661,37.8658022,2013,0103,0,6,2,11,0,1,A,Y,,,,,2400,11,G,B,B,"CHANNING WY","SHATTUCK AV",38,E,N,2014-05-07,103,2013-11-16,2352,111,29,5,6,0,0,,0,005,-,N,,0,0,,,0,,,,N,2,A,-,21456,B,N,A,H,-,C,A,0,Y,N,60,1,0,0,0,1,0,0,0,0,-,-,BERKELEY,ALAMEDA,CA,0,0
6305883,-122.2665426,37.8724379,2013,0103,0,3,4,03,0,1,A,,,,,,1800,11,B,E,A,"UNIVERSITY AV","OXFORD ST",96,W,N,2014-12-03,103,2013-11-27,1627,8,24,5,6,0,0,,0,003,-,N,,0,0,,,0,,,,Y,2,A,-,22350,,N,A,H,-,B,D,0,Y,A,01,0,0,1,0,0,0,0,0,0,-,-,BERKELEY,ALAMEDA,CA,0,0
6305440,-122.2684431,37.8821649,2013,0103,0,6,3,10,0,1,A,Y,,,,,2100,11,G,B,B,"ROSE ST","WALNUT ST",0,,N,2014-05-07,103,2013-11-02,1937,129,17,5,6,0,0,,0,002,-,N,,0,0,,,0,,,,N,2,A,-,21950,A,N,A,H,-,C,D,0,Y,A,01,0,1,0,0,1,0,0,0,0,-,-,BERKELEY,ALAMEDA,CA,0,0
6305436,-122.2564513,37.8666274,2013,0103,0,6,4,17,0,1,B,,Y,,,,900,11,B,G,A,"BOWDITCH ST","HASTE ST",119,N,N,2014-05-07,103,2013-11-02,858,57,28,5,6,0,0,,0,007,-,N,,0,0,,,0,,,,N,2,A,-,22517,,N,A,H,-,A,D,0,Y,A,07,0,0,1,0,0,0,1,0,0,-,-,BERKELEY,ALAMEDA,CA,0,0
6305432,-122.2675731,37.8648649,2013,0103,0,6,4,00,0,1,A,,,,,,1200,11,D,C,A,"SHATTUCK AV","HASTE ST",0,,Y,2014-05-07,103,2013-11-02,1003,128,29,5,6,0,0,,0,005,-,N,,0,0,,,0,,,,N,2,D,-,0,,F,A,H,-,B,D,0,Y,-,-,0,0,1,0,0,0,0,0,0,-,-,BERKELEY,ALAMEDA,CA,0,0
6305428,-122.3022553,37.86736,2013,0103,0,5,3,01,0,2,A,,,,,Y,1500,11,D,C,A,"2ND ST","HEARST AV",392,S,N,2014-05-07,103,2013-11-01,1212,8,20,5,6,0,0,,0,016,-,N,,0,0,,,0,,,,Y,2,A,-,23152,A,N,A,H,-,A,D,0,Y,A,01,0,1,1,0,0,0,0,0,0,-,-,BERKELEY,ALAMEDA,CA,0,0
6305427,-122.2967132,37.8682249,2013,0103,0,3,4,12,0,1,A,,,,,,1500,11,D,C,A,"7TH ST","UNIVERSITY AV",0,,Y,2014-05-07,103,2013-11-13,1345,137,32,5,6,0,0,,0,016,-,N,,0,0,,,0,,,,N,2,A,-,22450,A,N,A,H,-,A,D,0,Y,A,01,0,0,1,0,0,0,0,0,0,-,-,BERKELEY,ALAMEDA,CA,0,0
6305423,-122.2605231,37.8769449,2013,0103,0,3,4,10,0,1,A,Y,,,,,900,11,G,B,B,"EUCLID AV","LE CONTE AV",0,,Y,2014-05-07,103,2013-11-13,856,96,25,5,6,0,0,,0,002,-,N,,0,0,,,0,,,,N,2,A,-,21950,A,N,A,H,-,A,A,0,Y,A,01,0,0,1,0,1,0,0,0,0,-,-,BERKELEY,ALAMEDA,CA,0,0
6305419,-122.2615175,37.8684208,2013,0103,0,3,3,10,0,1,A,Y,,,,,900,11,G,B,B,"BANCROFT WY","DANA ST",10,W,N,2014-05-07,103,2013-11-13,839,116,28,5,6,0,0,,0,006,-,N,,0,0,,,0,,,,N,2,A,-,21950,A,N,A,H,-,A,A,0,Y,A,01,0,1,0,0,1,0,0,0,0,-,-,BERKELEY,ALAMEDA,CA,0,0
6305415,-122.253628,37.8626582,2013,0103,0,1,3,08,0,1,A,,,Y,,,2400,11,A,C,A,"COLLEGE AV","DERBY ST",202,N,N,2014-05-07,103,2013-11-11,2208,154,37,5,6,0,0,,0,007,-,N,,0,0,,,0,,,,N,2,A,-,22107,,N,A,H,-,C,D,0,Y,A,01,0,1,0,0,0,0,0,0,1,-,-,BERKELEY,ALAMEDA,CA,0,0
6305411,-122.2582531,37.8563749,2013,0103,0,7,4,03,0,1,A,,,,,,1200,11,C,C,A,"ASHBY AV","FLORENCE ST",0,,Y,2014-06-16,103,2013-11-10,1150,89,39,5,6,0,0,,0,009,-,N,,0,0,,,0,,,,N,3,A,-,22350,,N,A,H,-,A,A,0,Y,A,01,0,0,1,0,0,0,0,0,0,-,-,BERKELEY,ALAMEDA,CA,0,0
6305407,-122.2645931,37.8555349,2013,0103,0,7,4,03,0,2,A,,,,,,1800,11,C,C,A,"ASHBY AV","WHEELER ST",0,,Y,2014-07-01,103,2013-11-10,1620,110,35,5,6,0,0,,0,010,-,N,,0,0,,,0,,,,N,3,A,-,22350,,N,A,H,-,A,D,0,Y,A,01,0,0,2,0,0,0,0,0,0,-,-,BERKELEY,ALAMEDA,CA,0,0
6305403,-122.3056632,37.8664149,2013,0103,0,5,3,12,0,1,A,,,,,,1800,11,D,C,A,"UNIVERSITY AV","W FRONTAGE RD",0,,Y,2014-05-07,103,2013-11-08,1522,137,20,5,6,0,0,,0,016,-,N,,0,0,,,0,,,,N,2,A,-,22450,A,F,A,H,-,A,D,0,Y,A,01,0,1,0,0,0,0,0,0,0,-,-,BERKELEY,ALAMEDA,CA,0,0
6305396,-122.2659932,37.8678349,2013,0103,0,2,4,10,0,1,A,Y,,,,,1800,11,G,B,B,"BANCROFT WY","FULTON ST",0,,Y,2014-05-07,103,2013-11-05,1500,9,29,5,6,0,0,,0,004,-,N,,0,0,,,0,,,,N,2,A,-,21950,C,F,A,H,-,C,A,0,Y,A,01,0,0,1,0,1,0,0,0,0,-,-,BERKELEY,ALAMEDA,CA,0,0
6305392,-122.2872191,37.8761656,2013,0103,0,2,4,09,0,1,A,,Y,,,,1800,11,H,G,A,"CEDAR ST","JUANITA WY",163,W,N,2014-06-16,103,2013-11-05,1608,100,22,5,6,0,0,,0,018,-,N,,0,0,,,0,,,,N,2,A,-,21804,A,N,A,H,-,A,D,0,Y,L,04,0,0,1,0,0,0,1,0,0,-,-,BERKELEY,ALAMEDA,CA,0,0
6305388,-122.2791932,37.8541749,2013,0103,0,2,4,03,0,1,A,,,,,,1500,11,C,C,A,"SACRAMENTO ST","JULIA ST",0,,Y,2014-06-16,103,2013-11-05,1439,113,34,5,6,0,0,,0,013,-,N,,0,0,,,0,,,,N,2,A,-,22350,,N,A,H,-,A,D,0,Y,A,01,0,0,1,0,0,0,0,0,0,-,-,BERKELEY,ALAMEDA,CA,0,0
6305384,-122.295146,37.8600412,2013,0103,0,1,3,03,0,1,A,,Y,,,,1200,11,H,J,A,"6TH ST","DWIGHT WY",25,N,N,2014-05-07,103,2013-11-04,1028,27,32,5,6,0,0,,0,015,-,N,,0,0,,,0,,,,N,1,A,-,22350,,N,A,A,-,A,D,0,Y,L,04,0,1,0,0,0,0,1,0,0,-,-,BERKELEY,ALAMEDA,CA,0,0
6305380,-122.2608631,37.8786249,2013,0103,0,1,3,10,0,1,A,Y,,,,,1500,11,D,B,B,"HILGARD AV","EUCLID AV",0,,N,2014-05-07,103,2013-11-04,1350,96,25,5,6,0,0,,0,002,-,N,,0,0,,,0,,,,N,2,A,-,21950,A,N,A,H,-,A,A,0,Y,A,01,0,1,0,0,1,0,0,0,0,-,-,BERKELEY,ALAMEDA,CA,0,0
6305376,-122.2544331,37.8683649,2013,0103,0,1,4,12,0,1,A,,,Y,,,1800,11,B,C,A,"COLLEGE AV","DURANT AV",0,,Y,2014-06-16,103,2013-11-04,1508,150,27,5,6,0,0,,0,007,-,N,,0,0,,,0,,,,N,2,A,-,21453,A,N,A,H,-,A,A,0,Y,A,01,0,0,1,0,0,0,0,0,1,-,-,BERKELEY,ALAMEDA,CA,0,0
6305372,-122.2665354,37.8552913,2013,0103,0,1,4,21,0,1,A,Y,,,,,1500,11,G,B,F,"SHATTUCK AV","ASHBY AV",6,N,N,2014-05-07,103,2013-11-04,1320,99,39,5,6,0,0,,0,010,-,N,,0,0,,,0,,,,N,2,A,-,22106,,F,A,H,-,A,D,0,Y,A,07,0,0,1,0,1,0,0,0,0,-,-,BERKELEY,ALAMEDA,CA,0,0
6305368,-122.2887726,37.8517479,2013,0103,0,5,4,09,0,1,A,,,Y,,,2100,11,D,C,A,"ASHBY AV","9TH ST",188,E,N,2014-05-07,103,2013-11-08,1816,8,20,5,6,0,0,,0,015,-,N,,0,0,,,0,,,,Y,2,A,-,21804,A,N,A,H,-,C,D,0,Y,C,02,0,0,1,0,0,0,0,0,1,-,-,BERKELEY,ALAMEDA,CA,0,0
6305364,-122.2419937,37.8574468,2013,0103,0,7,3,03,0,1,A,,Y,,,,1800,11,B,G,A,"TUNNEL RD","DOMINGO AV",97,E,N,2014-05-07,103,2013-11-10,1653,57,38,5,6,0,0,,0,008,-,Y,ALA,4,13,-,-,10.67,H,-,N,N,2,A,-,22350,,N,A,H,-,A,A,0,Y,A,01,0,1,0,0,0,0,1,0,0,-,-,BERKELEY,ALAMEDA,CA,0,0
6304479,-122.2791928,37.8532697,2013,0103,0,4,4,03,0,3,A,,,,,,900,11,C,C,A,"SACRAMENTO ST","ASHBY AV",0,,Y,2014-05-07,103,2013-11-07,735,110,34,5,6,0,0,,0,012,-,Y,ALA,4,13,-,-,12.76,I,5,N,N,2,A,-,22350,,N,A,H,-,A,A,0,Y,D,22,0,0,3,0,0,0,0,0,0,-,-,BERKELEY,ALAMEDA,CA,0,0
6304427,-122.2949832,37.8775249,2013,0103,0,3,4,03,0,2,A,,,,,,1200,11,C,D,A,"SAN PABLO AV","PAGE ST",0,,Y,2014-03-26,103,2013-11-13,1030,18,19,5,6,0,0,,0,017,-,N,,0,0,,,0,,,,N,2,A,-,22350,,N,A,H,-,A,D,0,Y,I,11,0,0,2,0,0,0,0,0,0,-,-,BERKELEY,ALAMEDA,CA,0,0
6304407,-122.2680832,37.8703349,2013,0103,0,4,4,11,0,1,A,Y,,,Y,,900,11,G,B,B,"CENTER ST","SHATTUCK AV",0,,Y,2014-03-26,103,2013-11-07,809,57,29,5,6,0,0,,0,004,-,N,,0,0,,,0,,,,N,2,A,-,21456,B,N,A,H,-,A,A,0,Y,N,60,0,0,1,0,1,0,0,0,0,-,-,BERKELEY,ALAMEDA,CA,0,0