CASEID,POINT_X,POINT_Y,YEAR_,LOCATION,CHPTYPE,DAYWEEK,CRASHSEV,VIOLCAT,KILLED,INJURED,WEATHER1,PEDCOL,BICCOL,MCCOL,TRUCKCOL,ETOH,TIMECAT,MONTH_,CRASHTYP,INVOLVE,PED,PRIMARYRD,SECONDRD,DISTANCE,DIRECT,INTERSECT_,PROCDATE,JURIS,DATE_,TIME_,BADGE,JURIDIST,SHIFT,POP,SPECIAL,BEATTYPE,LAPDDIV,BEATCLAS,BEATNUMB,WEATHER2,STATEHW,CALTRANC,CALTRAND,STROUTE,ROUTESUF,POSTPRE,POSTMILE,LOCATYPE,RAMP,SIDEHW,TOWAWAY,PARTIES,PCF,VIOLCODE,VIOL,VIOLSUB,HITRUN,ROADSURF,RDCOND1,RDCOND2,LIGHTING,RIGHTWAY,CHPRDTYP,NOTPRIV,STFAULT,CHPFAULT,SEVINJ,OTHERINJ,COP,PEDKILL,PEDINJ,BICKILL,BICINJ,MCKILL,MCINJURE,RAMP1,RAMP2,CITY,COUNTY,STATE,X_CHP,Y_CHP
6279723,-122.2928161,37.8708027,2013,0103,0,5,4,08,0,1,A,Y,,,,,1200,10,B,B,E,"SAN PABLO AV","HEARST ST",142,N,N,2014-04-19,103,2013-10-18,1024,8,22,5,6,0,0,,0,018,-,N,,0,0,,,0,,,,N,2,A,-,22107,,N,A,H,-,A,D,0,Y,A,01,0,0,1,0,1,0,0,0,0,-,-,BERKELEY,ALAMEDA,CA,0,0
6279722,-122.2656731,37.866045,2013,0103,0,5,4,09,0,2,A,,,,,,1200,10,D,C,A,"FULTON ST","CHANNING WY",0,,Y,2014-04-19,103,2013-10-18,932,83,29,5,6,0,0,,0,006,-,N,,0,0,,,0,,,,N,2,A,-,21802,A,N,A,H,-,A,A,0,Y,A,01,0,0,2,0,0,0,0,0,0,-,-,BERKELEY,ALAMEDA,CA,0,0
6279721,-122.2542732,37.867495,2013,0103,0,4,4,03,0,1,A,,Y,,,,300,10,A,J,A,"CHANNING WY","COLLEGE AV",0,,Y,2014-04-19,103,2013-10-17,103,104,27,5,6,0,0,,0,007,-,N,,0,0,,,0,,,,N,1,A,-,22350,,N,A,H,-,C,D,0,Y,L,04,0,0,1,0,0,0,1,0,0,-,-,BERKELEY,ALAMEDA,CA,0,0
6275760,-122.2991546,37.8492729,2013,0103,1,3,4,03,0,2,B,,,,,,1800,11,C,C,A,"RT 80","E ASHBY AV",850,E,N,2015-01-05,9370,2013-11-20,1745,15258,,2,6,0,1,,2,081,-,Y,ALA,4,80,-,-,4.61,H,-,W,Y,3,A,-,22350,,N,B,H,-,D,D,6,Y,D,22,0,0,2,0,0,0,0,0,0,-,-,BERKELEY,ALAMEDA,CA,-122.29955,37.85136
6275553,-122.2830031,37.8789049,2013,0103,0,2,3,08,0,1,A,,Y,,,,1200,10,D,G,A,"ROSE ST","SACRAMENTO ST",0,,Y,2014-04-28,103,2013-10-15,1053,18,19,5,6,0,0,,0,003,-,N,,0,0,,,0,,,,N,2,A,-,22107,,N,A,H,-,A,A,0,Y,D,22,0,1,0,0,0,0,1,0,0,-,-,BERKELEY,ALAMEDA,CA,0,0
6275549,-122.2639596,37.8907671,2013,0103,0,1,3,12,0,1,A,,,Y,,,900,10,H,C,A,"EUCLID AV","CRAGMONT AV",2,N,N,2014-04-28,103,2013-10-14,830,96,15,5,6,0,0,,0,002,-,N,,0,0,,,0,,,,N,2,A,-,22450,A,F,A,H,-,A,A,0,Y,D,22,0,1,0,0,0,0,0,0,1,-,-,BERKELEY,ALAMEDA,CA,0,0
6275541,-122.2711431,37.8542849,2013,0103,0,3,3,11,0,1,A,Y,,,,Y,2100,10,D,B,E,"MARTIN LUTHER KING JR WY","ASHBY AV",0,,Y,2014-04-28,103,2013-10-09,2013,10,40,5,6,0,0,,0,011,-,N,,0,0,,,0,,,,N,2,A,-,21956,,N,A,H,-,C,A,0,Y,N,60,0,1,0,0,1,0,0,0,0,-,-,BERKELEY,ALAMEDA,CA,0,0
6274889,-122.3040288,37.867953,2013,0103,1,3,3,03,0,3,A,,,,,,1800,11,C,C,A,"RT 80","UNIVERSITY AV",300,E,N,2014-05-23,9370,2013-11-06,1530,20633,,2,6,0,1,,2,081,-,Y,ALA,4,80,-,-,5.9,H,-,E,Y,6,A,-,22350,,N,A,H,-,A,D,6,Y,A,07,0,1,2,0,0,0,0,0,0,-,-,BERKELEY,ALAMEDA,CA,-122.30383,37.86777
6274881,-122.3073714,37.8777226,2013,0103,1,1,4,03,0,2,A,,,,,,1800,11,C,C,A,"RT 80","GILLMAN ST",200,W,N,2014-12-03,9370,2013-11-04,1730,020657,,2,6,0,1,,2,081,-,Y,ALA,4,80,-,-,6.62,H,-,W,Y,4,A,-,22350,,N,A,H,-,B,D,6,Y,A,07,0,0,2,0,0,0,0,0,0,-,-,BERKELEY,ALAMEDA,CA,-122.18257,37.52382
6274624,-122.2729013,37.8687733,2013,0103,0,5,4,03,0,2,A,,,,,,1500,10,C,C,A,"ALLSTON WY","MARTIN LUTHER KING JR WY",64,S,N,2014-04-18,103,2013-10-18,1241,37,30,5,6,0,0,,0,005,-,N,,0,0,,,0,,,,Y,3,A,-,22350,,N,A,H,-,A,A,0,Y,A,01,0,0,2,0,0,0,0,0,0,-,-,BERKELEY,ALAMEDA,CA,0,0
6274622,-122.2587014,37.8563171,2013,0103,0,3,4,09,0,1,A,,,,,,900,10,D,C,A,"TELEGRAPH AV","RT 13",0,,Y,2014-04-29,103,2013-10-23,701,101,36,5,6,0,0,,0,009,-,Y,ALA,4,13,-,-,11.61,I,5,N,Y,2,A,-,21801,A,N,A,H,-,B,A,0,Y,D,82,0,0,1,0,0,0,0,0,0,-,-,BERKELEY,ALAMEDA,CA,0,0
6274621,-122.2726832,37.8688049,2013,0103,0,3,4,03,0,1,A,,,,,,1500,10,C,C,A,"MARTIN LUTHER KING JR WY","ALLSTON WY",0,,N,2014-04-18,103,2013-10-23,1352,113,29,5,6,0,0,,0,005,-,N,,0,0,,,0,,,,N,2,A,-,22350,,N,A,H,-,A,A,0,Y,A,01,0,0,1,0,0,0,0,0,0,-,-,BERKELEY,ALAMEDA,CA,0,0
6274618,-122.2643677,37.8588603,2013,0103,0,5,3,00,0,1,A,,Y,,,,1800,10,C,G,A,"STUART ST","FULTON ST",54,S,N,2014-04-29,103,2013-10-25,1612,21,35,5,6,0,0,,0,009,-,N,,0,0,,,0,,,,N,2,D,-,0,,N,A,H,-,A,D,0,Y,-,-,0,1,0,0,0,0,1,0,0,-,-,BERKELEY,ALAMEDA,CA,0,0
6274616,-122.2802714,37.8586453,2013,0103,0,1,4,01,0,2,A,,,,,Y,1800,10,C,C,A,"SACRAMENTO ST","DERBY ST",22,S,N,2014-04-18,103,2013-10-28,1645,146,33,5,6,0,0,,0,012,-,N,,0,0,,,0,,,,Y,2,A,-,23152,B,N,A,H,-,A,D,0,Y,A,01,0,0,2,0,0,0,0,0,0,-,-,BERKELEY,ALAMEDA,CA,0,0
6274614,-122.2572881,37.8689605,2013,0103,0,3,3,17,0,1,A,,Y,,,,1500,10,E,E,A,"BANCROFT WY","BOWDITCH ST",98,W,N,2014-04-18,103,2013-10-30,1404,116,28,5,6,0,0,,0,007,-,N,,0,0,,,0,,,,N,2,A,-,22517,,N,A,H,-,A,D,0,Y,D,22,0,1,0,0,0,0,1,0,0,-,-,BERKELEY,ALAMEDA,CA,0,0
6268226,-122.3068043,37.8759242,2013,0103,1,3,4,03,0,2,A,,,,,,1800,10,C,C,A,"RT 80","GILMAN ST",500,W,N,2014-05-08,9370,2013-10-23,1555,20644,,2,6,0,1,,2,081,-,Y,ALA,4,80,-,-,6.53,H,-,W,N,4,A,-,22350,,N,A,H,-,A,D,6,Y,D,22,0,0,2,0,0,0,0,0,0,-,-,BERKELEY,ALAMEDA,CA,-122.18201,37.52203
6268182,-122.3025362,37.8617333,2013,0103,1,4,4,03,0,1,A,,,,,,1800,10,C,C,A,"RT 80","UNIVERSITY AV",800,E,N,2014-05-01,9370,2013-10-31,1610,20657,,2,6,0,1,,2,081,-,Y,ALA,4,80,-,-,5.49,H,-,W,N,3,A,-,22350,,N,A,H,-,A,D,6,Y,A,01,0,0,1,0,0,0,0,0,0,-,-,BERKELEY,ALAMEDA,CA,-122.1817,37.52914
6260450,-122.2984762,37.8462987,2013,0103,1,4,4,03,0,1,A,,,,,,1200,10,C,C,A,"RT 80","ASHBY AV",200,E,N,2014-04-29,9370,2013-10-17,945,018954,,1,6,0,1,,2,081,-,Y,ALA,4,80,-,-,4.47,H,-,W,N,2,A,-,22350,,N,A,H,-,A,D,6,Y,A,01,0,0,1,0,0,0,0,0,0,-,-,BERKELEY,ALAMEDA,CA,-122.29946,37.85012
6260446,-122.3068043,37.8759242,2013,0103,1,4,3,03,0,2,A,,,,,,1800,10,C,C,A,"RT 80","GILMAN ST",475,W,N,2014-04-29,9370,2013-10-17,1510,018954,,2,6,0,1,,2,081,-,Y,ALA,4,80,-,-,6.53,H,-,W,Y,3,A,-,22350,,N,A,H,-,A,D,6,Y,A,01,0,1,1,0,0,0,0,0,0,-,-,BERKELEY,ALAMEDA,CA,-122.3047,37.86681
6260356,-122.3031054,37.8638986,2013,0103,1,6,4,07,0,1,A,,,Y,,,1800,10,B,C,A,"RT 80","UNIVERSITY AV",956,W,N,2014-04-29,9370,2013-10-05,1526,020586,,2,6,0,1,,2,081,-,Y,ALA,4,80,-,-,5.66,H,-,W,N,2,A,-,21658,A,N,A,H,-,A,D,6,Y,A,01,0,0,1,0,0,0,0,0,1,-,-,BERKELEY,ALAMEDA,CA,-122.05687,37.88056
6259649,-122.2949723,37.8493928,2013,0103,0,3,3,08,0,1,B,,,,,,900,10,-,C,A,"ASHBY AV","BAY ST",162,E,N,2014-03-28,103,2013-10-23,854,,,5,6,0,0,,0,,-,N,,0,0,,,0,,,,Y,2,A,-,22107,,F,A,H,-,A,D,0,Y,A,01,0,1,0,0,0,0,0,0,0,-,-,BERKELEY,ALAMEDA,CA,-122.17416,37.50579
6256332,-122.3078412,37.880837,2013,0103,1,6,3,03,0,2,A,,,,,,300,10,C,C,A,"RT 80","GILLMAN ST",1200,E,N,2014-04-24,9370,2013-10-05,135,020145,,3,6,0,1,,2,081,-,Y,ALA,4,80,-,R,6.94,H,-,E,Y,3,A,-,22350,,N,A,H,-,C,D,6,Y,A,01,0,1,1,0,0,0,0,0,0,-,-,BERKELEY,ALAMEDA,CA,-122.30879,37.88609
6254153,0,0,2013,0103,0,6,3,03,0,1,C,,Y,,,,1200,9,B,E,A,"EUCLID AV","EUCLID AV 1178",0,,Y,2014-04-16,103,2013-09-21,1132,21,14,5,6,0,0,,0,002,-,N,,0,0,,,0,,,,N,2,A,-,22350,,N,B,H,-,A,D,0,Y,L,04,0,1,0,0,0,0,1,0,0,-,-,BERKELEY,ALAMEDA,CA,0,0
6254149,-122.2619678,37.8665125,2013,0103,0,3,4,08,0,1,A,,,Y,,,1800,9,D,C,A,"CHANNING WY","DANA ST",250,W,N,2014-06-13,103,2013-09-25,1549,130,22,5,6,0,0,,0,006,-,N,,0,0,,,0,,,,N,2,A,-,22100,B,N,A,H,-,A,D,0,Y,A,01,0,0,1,0,0,0,0,0,1,-,-,BERKELEY,ALAMEDA,CA,0,0
6254105,-122.2706232,37.8699849,2013,0103,0,2,3,06,0,1,A,,Y,,,,1800,9,B,G,A,"MILVIA ST","CENTER ST",0,,Y,2014-04-16,103,2013-09-24,1641,16,29,5,6,0,0,,0,004,-,N,,0,0,,,0,,,,N,2,A,-,21750,,N,A,H,-,A,A,0,Y,A,01,0,1,0,0,0,0,1,0,0,-,-,BERKELEY,ALAMEDA,CA,0,0
6251999,-122.2862406,37.8572094,2013,0103,0,7,3,01,0,1,A,,,,,,1500,9,E,I,A,"MATHEWS ST","WARD ST",38,N,N,2014-04-15,103,2013-09-15,1329,S14,33,5,6,0,0,,0,013,-,N,,0,0,,,0,,,,Y,1,A,-,23152,A,M,A,H,-,A,D,0,Y,A,01,0,1,0,0,0,0,0,0,0,-,-,BERKELEY,ALAMEDA,CA,0,0
6251998,-122.2599135,37.8547197,2013,0103,0,3,4,03,0,1,A,,,,,,1200,9,C,C,A,"TELEGRAPH AV","WEBSTER ST",170,S,N,2014-04-14,103,2013-09-18,1116,8,39,5,6,0,0,,0,009,-,N,,0,0,,,0,,,,Y,3,A,-,22350,,N,A,H,-,A,A,0,Y,A,01,0,0,1,0,0,0,0,0,0,-,-,BERKELEY,ALAMEDA,CA,0,0
6251997,-122.2712649,37.8542676,2013,0103,0,2,4,09,0,3,A,,,,,,1500,9,D,C,A,"MARTIN LUTHER KING JR WY","RT 13",0,,Y,2014-07-28,103,2013-09-10,1222,127,40,5,6,0,0,,0,011,-,Y,ALA,4,13,-,-,12.32,I,5,N,Y,2,A,-,21801,A,N,A,H,-,A,A,0,Y,A,01,0,0,3,0,0,0,0,0,0,-,-,BERKELEY,ALAMEDA,CA,0,0
6251995,-122.2525511,37.8519396,2013,0103,0,7,3,17,0,1,A,,Y,,,,1800,9,B,G,A,"COLLEGE AV","ALCATRAZ AV",250,N,N,2014-04-15,103,2013-09-15,1604,117,39,5,6,0,0,,0,009,-,N,,0,0,,,0,,,,N,2,A,-,22517,,N,A,H,-,A,A,0,Y,A,01,0,1,0,0,0,0,1,0,0,-,-,BERKELEY,ALAMEDA,CA,0,0
6251994,-122.2888632,37.8584949,2013,0103,0,3,4,08,0,1,A,,,,,,1800,9,B,C,A,"CARLETON ST","SAN PABLO AV",0,,Y,2014-04-14,103,2013-09-18,1754,25,33,5,6,0,0,,0,014,-,N,,0,0,,,0,,,,N,2,A,-,22107,,N,A,H,-,A,D,0,Y,A,01,0,0,1,0,0,0,0,0,0,-,-,BERKELEY,ALAMEDA,CA,0,0
6251993,-122.2382069,37.8551897,2013,0103,0,2,3,08,0,1,A,,Y,,,,2100,9,B,G,A,"TUNNEL RD","THE UPLANDS RD",0,,Y,2014-04-14,103,2013-09-10,1911,149,38,5,6,0,0,,0,008,-,Y,ALA,4,13,-,-,10.4,I,5,N,N,2,A,-,22107,,N,A,H,-,A,D,0,Y,A,01,0,1,0,0,0,0,1,0,0,-,-,BERKELEY,ALAMEDA,CA,0,0
6251991,-122.2658131,37.8696549,2013,0103,0,6,3,10,0,1,A,Y,,,,,2400,9,G,B,B,"OXFORD ST","ALLSTON WY",0,,Y,2014-04-15,103,2013-09-21,2253,5,26,5,6,0,0,,0,004,-,N,,0,0,,,0,,,,N,2,A,-,21950,A,N,A,H,-,C,D,0,Y,A,01,0,1,0,0,1,0,0,0,0,-,-,BERKELEY,ALAMEDA,CA,0,0
6251990,-122.2818271,37.8704798,2013,0103,0,1,4,21,0,3,A,,,,,,1500,9,C,C,A,"UNIVERSITY AV","SACRAMENTO ST",75,E,N,2014-04-14,103,2013-09-02,1216,51,23,5,6,0,0,,0,003,-,N,,0,0,,,0,,,,N,3,A,-,22106,,N,A,H,-,A,A,0,Y,A,01,0,0,3,0,0,0,0,0,0,-,-,BERKELEY,ALAMEDA,CA,0,0
6251989,-122.2968532,37.8652749,2013,0103,0,4,4,09,0,1,A,,Y,,,,1800,9,B,G,A,"6TH ST","ALLSTON WY",0,,Y,2014-04-14,103,2013-09-12,1744,9,32,5,6,0,0,,0,016,-,N,,0,0,,,0,,,,N,2,A,-,21801,A,N,A,H,-,A,A,0,Y,L,04,0,0,1,0,0,0,1,0,0,-,-,BERKELEY,ALAMEDA,CA,0,0
6251987,-122.2985957,37.8724558,2013,0103,0,6,3,03,0,1,A,,,Y,,Y,2100,9,H,I,A,"VIRGINIA ST","6TH ST",165,E,N,2014-04-15,103,2013-09-21,1925,84,21,5,6,0,0,,0,016,-,N,,0,0,,,0,,,,N,1,A,-,22350,,N,A,H,-,B,D,0,Y,C,02,0,1,0,0,0,0,0,0,1,-,-,BERKELEY,ALAMEDA,CA,0,0
6251986,-122.2682258,37.8693567,2013,0103,0,2,4,08,0,1,A,,,Y,,,2100,9,B,C,A,"ALLSTON WY","SHATTUCK AV",36,W,N,2014-04-14,103,2013-09-10,1912,7,29,5,6,0,0,,0,004,-,N,,0,0,,,0,,,,N,2,A,-,22107,,N,A,H,-,B,D,0,Y,A,01,0,0,1,0,0,0,0,0,1,-,-,BERKELEY,ALAMEDA,CA,0,0
6251985,-122.2940233,37.8687738,2013,0103,0,7,4,03,0,2,A,,,,,Y,1800,9,C,C,A,"UNIVERSITY AV","9TH ST",131,E,N,2014-04-14,103,2013-09-08,1612,121,32,5,6,0,0,,0,016,-,N,,0,0,,,0,,,,N,2,A,-,22350,,N,A,H,-,A,A,0,Y,A,01,0,0,2,0,0,0,0,0,0,-,-,BERKELEY,ALAMEDA,CA,0,0
6251983,-122.2742331,37.8538949,2013,0103,0,6,4,10,0,1,C,Y,,,,,1200,9,G,B,B,"ASHBY AV","KING ST",0,,Y,2014-04-15,103,2013-09-21,1022,64,12,5,6,0,0,,0,012,-,N,,0,0,,,0,,,,N,2,A,-,21950,A,F,B,H,-,A,A,0,Y,A,07,0,0,1,0,1,0,0,0,0,-,-,BERKELEY,ALAMEDA,CA,0,0
6251981,-122.260225,37.8529347,2013,0103,0,4,3,17,0,1,B,,Y,,,,1200,9,B,G,A,"WOOLSEY ST","TELEGRAPH AV",22,W,N,2014-04-14,103,2013-09-12,1159,57,39,5,6,0,0,,0,009,-,N,,0,0,,,0,,,,N,2,A,-,22517,,N,A,H,-,A,D,0,Y,A,01,0,1,0,0,0,0,1,0,0,-,-,BERKELEY,ALAMEDA,CA,0,0
6251980,-122.2932154,37.8724349,2013,0103,0,1,4,03,0,1,A,,,Y,,,1200,9,C,C,A,"RT 123","FRANCISCO ST",8,S,N,2014-04-15,103,2013-09-16,906,27,22,5,6,0,0,,0,018,-,Y,ALA,4,123,-,-,3.39,H,-,N,N,2,A,-,22350,,N,A,H,-,A,D,0,Y,C,02,0,0,1,0,0,0,0,0,1,-,-,BERKELEY,ALAMEDA,CA,0,0
6251979,-122.2578231,37.8652049,2013,0103,0,5,3,11,0,1,B,Y,,,,,2100,9,G,B,D,"DWIGHT WY","REGENT ST",0,,Y,2014-04-15,103,2013-09-20,2015,63,36,5,6,0,0,,0,007,-,N,,0,0,,,0,,,,N,2,A,-,21954,A,N,A,H,-,C,D,0,Y,N,60,0,1,0,0,1,0,0,0,0,-,-,BERKELEY,ALAMEDA,CA,0,0
6251977,-122.2611132,37.8666249,2013,0103,0,6,3,10,0,2,A,Y,,,,,2100,9,G,B,B,"CHANNING WY","DANA ST",0,,Y,2014-04-15,103,2013-09-14,1830,111,28,5,6,0,0,,0,006,-,N,,0,0,,,0,,,,N,3,A,-,21950,A,N,A,H,-,A,A,0,Y,A,01,0,2,0,0,2,0,0,0,0,-,-,BERKELEY,ALAMEDA,CA,0,0
6251975,-122.2590331,37.8678649,2013,0103,0,5,4,03,0,1,A,,,Y,,,1800,9,C,E,A,"DURANT AV","TELEGRAPH AV",0,,Y,2014-04-15,103,2013-09-20,1744,85,37,5,6,0,0,,0,007,-,N,,0,0,,,0,,,,N,2,A,-,22350,,N,A,H,-,A,D,0,Y,C,02,0,0,1,0,0,0,0,0,1,-,-,BERKELEY,ALAMEDA,CA,0,0
6251974,-122.2827945,37.852921,2013,0103,0,3,2,00,0,1,A,Y,,,,,2400,9,H,B,F,"RT 13","MABEL ST",308,E,N,2014-04-14,103,2013-09-04,2151,69,33,5,6,0,0,,0,013,-,Y,ALA,4,13,-,-,12.96,H,-,N,N,3,A,-,23104,A,N,A,H,-,C,D,0,Y,A,01,1,0,0,0,1,0,0,0,0,-,-,BERKELEY,ALAMEDA,CA,0,0
6251973,-122.2548804,37.8692848,2013,0103,0,6,3,11,0,1,A,Y,,,,Y,2100,9,G,B,D,"BANCROFT WY","COLLEGE AV",87,W,N,2014-04-15,103,2013-09-14,1903,153,27,5,6,0,0,,0,007,-,N,,0,0,,,0,,,,N,2,A,-,21955,,N,A,H,-,B,D,0,Y,N,60,0,1,0,0,1,0,0,0,0,-,-,BERKELEY,ALAMEDA,CA,0,0
6251971,-122.2895931,37.8694849,2013,0103,0,5,4,10,0,2,A,Y,,,,,1200,9,G,B,B,"CURTIS ST","UNIVERSITY AV",0,,Y,2014-04-15,103,2013-09-20,937,64,31,5,6,0,0,,0,018,-,N,,0,0,,,0,,,,N,3,A,-,21950,A,N,A,H,-,A,D,0,Y,A,01,0,0,2,0,2,0,0,0,0,-,-,BERKELEY,ALAMEDA,CA,0,0
6251970,-122.2538202,37.8647573,2013,0103,0,3,4,11,0,1,A,Y,,,,,1500,9,G,B,E,"COLLEGE AV","PARKER ST",300,N,N,2014-04-14,103,2013-09-04,1445,150,27,5,6,0,0,,0,007,-,N,,0,0,,,0,,,,N,2,A,-,21954,A,N,A,H,-,A,D,0,Y,N,60,0,0,1,0,1,0,0,0,0,-,-,BERKELEY,ALAMEDA,CA,0,0
6251969,-122.2529231,37.857045,2013,0103,0,5,4,03,0,2,A,,Y,,,,2100,9,H,A,A,"ASHBY AV","BENVENUE AV",60,E,N,2014-04-15,103,2013-09-13,1914,117,39,5,6,0,0,,0,009,-,Y,ALA,4,13,-,-,11.29,H,-,N,N,1,A,-,22350,,N,A,H,-,B,A,0,Y,L,04,0,0,2,0,0,0,2,0,0,-,-,BERKELEY,ALAMEDA,CA,0,0
6251967,-122.2977431,37.8680349,2013,0103,0,7,4,03,0,2,A,,,,,,1800,9,C,C,A,"UNIVERSITY AV","6TH ST",0,,Y,2014-05-06,103,2013-09-22,1617,151,21,5,6,0,0,,0,016,-,N,,0,0,,,0,,,,N,2,A,-,22350,,F,A,H,-,A,A,0,Y,A,07,0,0,2,0,0,0,0,0,0,-,-,BERKELEY,ALAMEDA,CA,0,0
6251966,-122.2961186,37.8505801,2013,0103,0,2,4,03,0,1,A,,Y,,,,2100,9,H,H,A,"BAY ST","POTTER ST",63,N,N,2014-04-14,103,2013-09-03,1901,160,20,5,6,0,0,,0,015,-,N,,0,0,,,0,,,,N,1,A,-,22350,,N,A,H,-,B,D,0,Y,L,04,0,0,1,0,0,0,1,0,0,-,-,BERKELEY,ALAMEDA,CA,0,0
6251965,-122.2664232,37.8741449,2013,0103,0,6,3,09,0,1,A,,Y,,,,1800,9,D,G,A,"OXFORD ST","HEARST AV",0,,Y,2014-04-15,103,2013-09-14,1608,57,24,5,6,0,0,,0,003,-,N,,0,0,,,0,,,,N,2,A,-,21801,A,N,A,H,-,A,A,0,Y,A,01,0,1,0,0,0,0,1,0,0,-,-,BERKELEY,ALAMEDA,CA,0,0
6251962,-122.2673932,37.8630549,2013,0103,0,2,4,09,0,1,A,,Y,,,,900,9,A,G,A,"SHATTUCK AV","BLAKE ST",0,,Y,2014-04-14,103,2013-09-03,740,37,36,5,6,0,0,,0,010,-,N,,0,0,,,0,,,,N,2,A,-,21802,A,N,A,H,-,A,A,0,Y,A,01,0,0,1,0,0,0,1,0,0,-,-,BERKELEY,ALAMEDA,CA,0,0
6251961,-122.2730231,37.871625,2013,0103,0,5,3,09,0,1,B,,,,,,2400,9,A,C,A,"UNIVERSITY AV","MARTIN LUTHER KING JR WY",0,,Y,2014-04-17,103,2013-09-13,2327,108,29,5,6,0,0,,0,004,-,N,,0,0,,,0,,,,Y,2,A,-,21801,A,N,A,H,-,C,A,0,Y,A,01,0,1,0,0,0,0,0,0,0,-,-,BERKELEY,ALAMEDA,CA,0,0
6251959,0,0,2013,0103,0,7,3,-,0,1,A,,Y,,,,1200,9,H,J,A,"VIRGINIA ST","1451VIRGINIA ST",0,,Y,2014-04-15,103,2013-09-22,921,89,22,5,6,0,0,,0,018,-,N,,0,0,,,0,,,,N,1,A,-,0,,N,A,H,-,A,D,0,Y,L,04,0,1,0,0,0,0,1,0,0,-,-,BERKELEY,ALAMEDA,CA,0,0
6251958,-122.2778874,37.8890597,2013,0103,0,7,4,03,0,4,A,,,,,,1800,9,C,C,A,"MARIN AV","FRESNO AV",41,W,N,2014-04-14,103,2013-09-08,1502,7,13,5,6,0,0,,0,001,-,N,,0,0,,,0,,,,N,2,A,-,22350,,N,A,H,-,A,D,0,Y,A,01,0,0,4,0,0,0,0,0,0,-,-,BERKELEY,ALAMEDA,CA,0,0
6251957,-122.2675731,37.8648649,2013,0103,0,2,4,12,0,1,A,,,Y,,,2100,9,D,C,A,"HASTE ST","SHATTUCK AV",0,,Y,2014-04-15,103,2013-09-17,2004,2,19,5,6,0,0,,0,005,-,N,,0,0,,,0,,,,Y,2,A,-,21453,A,N,A,H,-,C,A,0,Y,A,01,0,0,1,0,0,0,0,0,1,-,-,BERKELEY,ALAMEDA,CA,0,0
6251955,-122.2588231,37.8669149,2013,0103,0,1,4,08,0,1,A,,,Y,,,1500,9,B,C,A,"TELEGRAPH AV","CHANNING WY",0,,Y,2014-05-06,103,2013-09-23,1412,122,37,5,6,0,0,,0,006,-,N,,0,0,,,0,,,,N,2,A,-,22107,,N,A,H,-,A,D,0,Y,A,01,0,0,1,0,0,0,0,0,1,-,-,BERKELEY,ALAMEDA,CA,0,0
6251954,-122.2587331,37.8632649,2013,0103,0,7,2,01,0,1,A,Y,,,,Y,300,9,A,B,B,"TELEGRAPH AV","PARKER ST",0,,Y,2014-04-14,103,2013-09-08,10,9,36,5,6,0,0,,0,006,-,N,,0,0,,,0,,,,Y,2,A,-,23153,A,N,A,H,-,C,A,0,Y,A,01,1,0,0,0,1,0,0,0,0,-,-,BERKELEY,ALAMEDA,CA,0,0
6251953,-122.2583237,37.8752921,2013,0103,0,4,4,10,0,1,A,Y,,,,,2100,9,G,B,B,"HEARST AV","LEROY AV",6,W,N,2014-04-15,103,2013-09-12,1827,30,25,5,6,0,0,,0,002,-,N,,0,0,,,0,,,,N,2,A,-,21950,A,N,A,H,-,B,D,0,Y,A,01,0,0,1,0,1,0,0,0,0,-,-,BERKELEY,ALAMEDA,CA,0,0
6251950,-122.2620732,37.8536349,2013,0103,0,5,3,12,0,1,A,,Y,,,,900,9,D,G,A,"DEAKIN ST","PRINCE ST",0,,Y,2014-04-14,103,2013-09-06,802,37,39,5,6,0,0,,0,010,-,N,,0,0,,,0,,,,N,2,A,-,22450,A,N,A,H,-,A,A,0,Y,L,04,0,1,0,0,0,0,1,0,0,-,-,BERKELEY,ALAMEDA,CA,0,0
6251949,-122.2640194,37.8681101,2013,0103,0,4,3,08,0,2,A,,,Y,,,2100,9,F,C,A,"BANCROFT WY","ELLSWORTH ST",75,W,N,2014-04-15,103,2013-09-12,1857,111,28,5,6,0,0,,0,006,-,N,,0,0,,,0,,,,N,2,A,-,22107,,N,A,H,-,A,D,0,Y,A,01,0,1,1,0,0,0,0,0,2,-,-,BERKELEY,ALAMEDA,CA,0,0
6251947,-122.2723907,37.873447,2013,0103,0,4,4,21,0,1,A,Y,,,,,1800,9,G,B,F,"HEARST AV","BONITA AV",75,W,N,2014-05-06,103,2013-09-19,1614,51,24,5,6,0,0,,0,003,-,N,,0,0,,,0,,,,N,2,A,-,22106,,N,A,H,-,A,D,0,Y,A,01,0,0,1,0,1,0,0,0,0,-,-,BERKELEY,ALAMEDA,CA,0,0
6251946,-122.2776087,37.8712338,2013,0103,0,4,4,21,0,1,A,Y,,,,,2100,9,G,B,E,"MCGEE AV","UNIVERSITY AV",80,N,N,2014-04-14,103,2013-09-05,1822,51,24,5,6,0,0,,0,003,-,N,,0,0,,,0,,,,N,2,A,-,22106,,N,A,H,-,A,D,0,Y,A,01,0,0,1,0,1,0,0,0,0,-,-,BERKELEY,ALAMEDA,CA,0,0
6251945,-122.2927937,37.8707341,2013,0103,0,5,4,03,0,1,A,,,,,,1500,9,C,C,A,"SAN PABLO AV","HEARST AV",112,N,N,2014-04-17,103,2013-09-13,1445,8,21,5,6,0,0,,0,016,-,Y,ALA,4,123,-,-,3.27,H,-,S,Y,2,A,-,22350,,N,A,H,-,A,D,0,Y,A,07,0,0,1,0,0,0,0,0,0,-,-,BERKELEY,ALAMEDA,CA,0,0