CASEID,POINT_X,POINT_Y,YEAR_,LOCATION,CHPTYPE,DAYWEEK,CRASHSEV,VIOLCAT,KILLED,INJURED,WEATHER1,PEDCOL,BICCOL,MCCOL,TRUCKCOL,ETOH,TIMECAT,MONTH_,CRASHTYP,INVOLVE,PED,PRIMARYRD,SECONDRD,DISTANCE,DIRECT,INTERSECT_,PROCDATE,JURIS,DATE_,TIME_,BADGE,JURIDIST,SHIFT,POP,SPECIAL,BEATTYPE,LAPDDIV,BEATCLAS,BEATNUMB,WEATHER2,STATEHW,CALTRANC,CALTRAND,STROUTE,ROUTESUF,POSTPRE,POSTMILE,LOCATYPE,RAMP,SIDEHW,TOWAWAY,PARTIES,PCF,VIOLCODE,VIOL,VIOLSUB,HITRUN,ROADSURF,RDCOND1,RDCOND2,LIGHTING,RIGHTWAY,CHPRDTYP,NOTPRIV,STFAULT,CHPFAULT,SEVINJ,OTHERINJ,COP,PEDKILL,PEDINJ,BICKILL,BICINJ,MCKILL,MCINJURE,RAMP1,RAMP2,CITY,COUNTY,STATE,X_CHP,Y_CHP
5991390,-122.2586896,37.8635513,2013,0103,0,5,3,17,0,1,A,,Y,,,,1800,1,H,G,A,"TELEGRAPH AV","PARKER SQUARE E",105,N,N,2014-01-25,103,2013-01-25,1610,111,36,5,6,0,0,,0,006,-,N,,0,0,,,0,,,,N,2,A,-,22517,,N,A,H,-,A,D,0,Y,A,01,0,1,0,0,0,0,1,0,0,-,-,BERKELEY,ALAMEDA,CA,0,0
5991386,-122.2749531,37.8854249,2013,0103,0,5,4,09,0,1,A,,,,,,1800,1,D,C,A,"THE ALAMEDA","HOPKINS ST",0,,Y,2014-01-25,103,2013-01-25,1527,106,18,5,6,0,0,,0,003,-,N,,0,0,,,0,,,,Y,2,A,-,21801,A,N,A,H,-,A,A,0,Y,A,01,0,0,1,0,0,0,0,0,0,-,-,BERKELEY,ALAMEDA,CA,0,0
5991382,-122.2942761,37.8752557,2013,0103,0,5,4,09,0,1,A,,,,,,1500,1,D,C,A,"SAN PABLO AV","CEDAR ST",0,,N,2014-11-06,103,2013-01-25,1311,112,21,5,6,0,0,,0,017,-,Y,ALA,4,123,-,-,3.6,I,5,S,N,2,A,-,21801,A,N,A,H,-,A,A,0,Y,-,-,0,0,1,0,0,0,0,0,0,-,-,BERKELEY,ALAMEDA,CA,0,0
5991378,-122.2665331,37.8552749,2013,0103,0,7,4,03,0,1,A,,,,,,1500,1,C,C,A,"ASHBY AV","SHATTUCK AV",0,,Y,2014-01-25,103,2013-01-27,1423,153,39,5,6,0,0,,0,010,-,N,,0,0,,,0,,,,N,2,A,-,22350,,N,A,H,-,B,A,0,Y,A,01,0,0,1,0,0,0,0,0,0,-,-,BERKELEY,ALAMEDA,CA,0,0
5991219,-122.298375,37.8458741,2013,0103,1,2,4,03,0,1,A,,,,,,1800,2,C,C,A,"RT 80","ASHBY AV",500,E,N,2014-10-23,9370,2013-02-26,1650,020129,,2,6,0,1,,2,081,-,Y,ALA,4,80,-,-,4.45,H,-,W,N,2,A,-,22350,,N,A,H,-,A,D,6,Y,A,01,0,0,1,0,0,0,0,0,0,-,-,BERKELEY,ALAMEDA,CA,-122.29994,37.85297
5987925,-122.3042287,37.8676096,2013,0103,1,4,4,03,0,3,B,,,,,,1800,3,C,C,A,"RT 80","UNIVERSITY AV",570,E,N,2014-10-23,9370,2013-03-07,1555,20519,,2,6,0,1,,2,081,-,Y,ALA,4,80,-,-,5.95,H,-,W,Y,4,A,-,22350,,N,A,H,-,A,D,6,Y,A,07,0,0,3,0,0,0,0,0,0,-,-,BERKELEY,ALAMEDA,CA,-122.30508,37.87071
5987431,-122.3061228,37.8747781,2013,0103,1,5,4,07,0,1,A,,,,,,1500,1,B,C,A,"RT 80","GILMAN ST",700,W,N,2014-11-06,9370,2013-01-18,1230,019887,,1,6,0,1,,2,081,-,Y,ALA,4,80,-,-,6.49,H,-,E,Y,2,A,-,21658,A,N,A,H,-,A,D,6,Y,A,01,0,0,1,0,0,0,0,0,0,-,-,BERKELEY,ALAMEDA,CA,0,0
5942501,-122.2881434,37.8561809,2013,0103,0,1,4,09,0,1,A,,Y,,,,1200,2,D,G,A,"GRAYSON ST","SAN PABLO AV",6,W,N,2014-01-25,103,2013-02-18,1000,160,33,5,6,0,0,,0,015,-,N,,0,0,,,0,,,,N,2,A,-,21804,A,N,A,H,-,A,D,0,Y,L,04,0,0,1,0,0,0,1,0,0,-,-,BERKELEY,ALAMEDA,CA,0,0
5942497,-122.2680832,37.8703349,2013,0103,0,6,4,08,0,3,A,,,,,,2100,2,E,I,A,"CENTER ST","SHATTUCK AV",0,,Y,2014-01-25,103,2013-02-23,2030,98,29,5,6,0,0,,0,004,-,N,,0,0,,,0,,,,Y,1,A,-,22107,,N,A,H,-,C,A,0,Y,D,82,0,0,3,0,0,0,0,0,0,-,-,BERKELEY,ALAMEDA,CA,0,0
5942493,-122.2601932,37.8750649,2013,0103,0,7,4,08,0,1,A,Y,,,,,1200,2,G,B,B,"HEARST AV","EUCLID AV",0,,Y,2014-01-25,103,2013-02-24,1016,157,25,5,6,0,0,,0,002,-,N,,0,0,,,0,,,,N,2,A,-,22107,,N,A,H,-,A,A,0,Y,D,23,0,0,1,0,1,0,0,0,0,-,-,BERKELEY,ALAMEDA,CA,0,0
5929584,-122.2994932,37.850745,2013,0103,1,3,3,03,0,1,A,,,,,,2100,2,C,C,A,"RT 80","ASHBY AV",1200,E,N,2014-10-23,9370,2013-02-20,1847,020235,,2,6,0,1,,2,081,-,Y,ALA,4,80,-,-,4.68,H,-,W,N,2,A,-,22350,,N,A,H,-,C,D,6,Y,A,01,0,1,0,0,0,0,0,0,0,-,-,BERKELEY,ALAMEDA,CA,-122.2998,37.85231
5928921,-122.3024692,37.8614786,2013,0103,1,2,4,03,0,2,A,,,,,,1800,3,C,C,A,"RT 80","UNIVERSITY AV",1950,W,N,2014-10-23,9370,2013-03-05,1524,019469,,2,6,0,1,,2,081,-,Y,ALA,4,80,-,-,5.47,H,-,W,Y,4,A,-,22350,,N,A,H,-,A,D,6,Y,D,22,0,0,2,0,0,0,0,0,0,-,-,BERKELEY,ALAMEDA,CA,-122.30231,37.86146
5928897,-122.3036893,37.8659465,2013,0103,1,3,4,04,0,1,A,,,,,,1800,2,C,C,A,"RT 80","UNIVERSITY AV",109,W,N,2014-10-23,9370,2013-02-27,1620,020506,,2,6,0,1,,2,081,-,Y,ALA,4,80,-,-,5.82,H,-,W,Y,3,A,-,21703,,M,A,H,-,A,D,6,Y,A,07,0,0,1,0,0,0,0,0,0,-,-,BERKELEY,ALAMEDA,CA,-122.18131,37.5159
5928872,-122.3084609,37.8824566,2013,0103,1,5,4,07,0,2,A,,,,,,1800,2,B,C,A,"RT 80","BUCHANAN ST",1730,W,N,2014-12-09,9370,2013-02-22,1516,020394,,2,6,0,1,,2,081,-,Y,ALA,4,80,-,-,6.87,H,-,W,N,2,A,-,21658,A,N,A,H,-,A,D,6,Y,A,01,0,0,2,0,0,0,0,0,0,-,-,BERKELEY,ALAMEDA,CA,-122.183,37.5258
5918823,-122.2675731,37.8648649,2013,0103,0,1,4,12,0,3,A,,,,,,1500,1,D,C,A,"HASTE ST","SHATTUCK AV",0,,Y,2014-06-26,103,2013-01-14,1320,128,29,5,6,0,0,,0,005,-,N,,0,0,,,0,,,,N,2,A,-,21453,A,N,A,H,-,A,A,0,Y,D,22,0,0,3,0,0,0,0,0,0,-,-,BERKELEY,ALAMEDA,CA,0,0
5918803,-122.2371605,37.8558458,2013,0103,0,5,4,08,0,1,A,Y,,,,,1500,1,G,B,E,"ALVARADO RD","VICENTE RD",476,W,N,2014-01-24,103,2013-01-11,1230,47,38,5,6,0,0,,0,008,-,N,,0,0,,,0,,,,N,2,A,-,22107,,F,A,H,-,A,D,0,Y,-,-,0,0,1,0,1,0,0,0,0,-,-,BERKELEY,ALAMEDA,CA,0,0
5917131,-122.2644596,37.8555523,2013,0103,0,5,4,03,0,3,A,,,,,,2100,1,C,C,A,"RT 13","WHEELER ST",101,W,N,2014-11-12,103,2013-01-18,1920,81,35,5,6,0,0,,0,010,-,Y,ALA,4,13,-,-,11.93,H,-,N,Y,4,A,-,22350,,F,A,H,-,C,D,0,Y,A,07,0,0,3,0,0,0,0,0,0,-,-,BERKELEY,ALAMEDA,CA,0,0
5916822,-122.3058611,37.8727312,2013,0103,1,6,4,03,0,1,A,,,,,,1800,1,C,C,A,"RT 80","GILMAN ST",1400,W,N,2014-11-06,9370,2013-01-26,1530,020428,,2,6,0,1,,2,081,-,Y,ALA,4,80,-,-,6.35,H,-,W,Y,2,A,-,22350,,N,A,H,-,A,D,6,Y,A,01,0,0,1,0,0,0,0,0,0,-,-,BERKELEY,ALAMEDA,CA,-122.30852,37.88277
5912840,-122.3082525,37.8830716,2013,0103,1,1,4,03,0,1,A,,,,,,1800,1,C,C,A,"RT 80","GILMAN ST",1200,E,N,2014-11-06,9370,2013-01-07,1615,19561,,2,6,0,1,,2,081,-,Y,ALA,4,80,-,-,6.91,H,-,E,Y,4,A,-,22350,,N,A,H,-,A,D,6,Y,A,07,0,0,1,0,0,0,0,0,0,-,-,BERKELEY,ALAMEDA,CA,-122.30961,37.8871
5911875,-122.3034426,37.8660443,2013,0103,1,6,1,17,1,0,A,,Y,,,Y,600,6,H,G,A,"RT 80","UNIVERSITY AV",180,W,N,2014-01-10,9370,2013-06-01,425,20224,,3,6,0,1,,2,081,-,Y,ALA,4,80,-,-,5.81,H,-,E,Y,2,A,-,21200,,N,A,H,-,D,D,6,Y,L,04,0,0,0,0,0,1,0,0,0,-,-,BERKELEY,ALAMEDA,CA,-122.30351,37.86637
5911429,0,0,2013,0103,0,1,1,11,1,0,B,Y,,,,,600,7,G,B,E,"RT 80","6TH ST",416,W,N,2015-01-15,103,2013-07-15,510,143,20,5,6,0,0,,0,015,-,N,,0,0,,,0,,,,N,2,A,-,21954,A,F,A,G,H,C,D,0,Y,N,60,0,0,0,1,0,0,0,0,0,-,-,BERKELEY,ALAMEDA,CA,0,0
5816598,-122.2978245,37.866596,2013,0103,0,1,4,06,0,1,B,,,,,,1500,3,B,C,A,"ADDISON ST","6TH ST",150,W,N,2013-05-17,103,2013-03-18,1353,57,20,5,6,0,0,,0,016,-,N,,0,0,,,0,,,,N,2,A,-,21750,,N,A,H,-,A,D,0,Y,D,22,0,0,1,0,0,0,0,0,0,-,-,BERKELEY,ALAMEDA,CA,0,0
5414040,-122.2611132,37.8666249,2013,0103,0,4,3,10,0,1,A,Y,,,,,1500,2,B,B,E,"CHANNING WY","DANA ST",0,,Y,2013-05-15,103,2013-02-07,1310,37,28,5,6,0,0,,0,006,-,N,,0,0,,,0,,,,N,2,A,-,21950,A,N,A,H,-,A,A,0,Y,D,22,0,1,0,0,1,0,0,0,0,-,-,BERKELEY,ALAMEDA,CA,0,0
6888057,-122.2996262,37.8514067,2015,0103,1,5,4,03,0,1,A,,,,,,900,4,C,C,A,"RT 80","ASHBY AV",800,E,N,2016-12-06,9370,2015-04-10,730,020519,,1,6,0,1,,2,081,-,Y,ALA,4,80,-,-,4.73,H,-,W,Y,3,A,-,22350,,N,A,H,-,A,D,6,Y,D,22,0,0,1,0,0,0,0,0,0,-,-,BERKELEY,ALAMEDA,CA,-122.1811,37.51121
6883898,-122.2992704,37.8500142,2015,0103,1,4,4,07,0,1,A,,,,,,1800,4,C,C,A,"RT 80","ASHBY AV",250,E,N,2016-12-06,9370,2015-04-09,1710,19109,,2,6,0,1,,2,081,-,Y,ALA,4,80,-,-,4.63,H,-,W,Y,2,A,-,21658,A,N,A,H,-,A,D,6,Y,A,07,0,0,1,0,0,0,0,0,0,-,-,BERKELEY,ALAMEDA,CA,-122.89174,32.7897
6882627,-122.2775803,37.8710136,2015,0103,0,3,3,09,0,1,A,,Y,,,,1800,2,D,G,A,"UNIVERSITY AV","MCGEE AV",0,,Y,2015-04-23,103,2015-02-18,1609,51,33,5,6,0,0,,0,003,-,N,,0,0,,,0,,,,N,2,A,-,21801,A,N,A,H,-,A,D,0,Y,A,01,0,1,0,0,0,0,1,0,0,-,-,BERKELEY,ALAMEDA,CA,0,0
6881709,-122.2992308,37.8506184,2015,0103,1,7,4,01,0,1,A,,,,,Y,2400,1,B,C,A,"RT 80","ASHBY AV",430,E,N,2016-10-17,9370,2015-01-25,2150,020644,,2,6,0,1,,2,081,-,Y,ALA,4,80,-,-,4.671,R,1,E,Y,2,A,-,23152,A,N,A,H,-,C,D,6,Y,A,01,0,0,1,0,0,0,0,0,0,FR,-,BERKELEY,ALAMEDA,CA,-122.2992,37.8511
6881701,-122.2993203,37.8510242,2015,0103,1,7,4,18,0,1,A,,,Y,,,2400,1,E,J,A,"RT 80","ASHBY AV",630,E,N,2016-10-17,9370,2015-01-25,2151,020644,,2,6,0,1,,2,081,-,Y,ALA,4,80,-,-,4.7,H,-,E,N,1,C,-,0,,N,A,H,-,C,D,6,Y,-,-,0,0,1,0,0,0,0,0,1,-,-,BERKELEY,ALAMEDA,CA,-122.1756,37.5131
6881058,-122.2661667,37.852375,2015,0103,0,5,3,12,0,1,A,,Y,,,,1200,2,D,G,A,"SHATTUCK AV","WOOLSEY ST",0,,Y,2015-04-17,103,2015-02-13,1033,152,39,5,6,0,0,,0,010,-,N,,0,0,,,0,,,,N,3,A,-,22450,A,N,A,H,-,A,D,0,Y,L,04,0,1,0,0,0,0,1,0,0,-,-,BERKELEY,ALAMEDA,CA,0,0
6879491,-122.2707748,37.8726845,2015,0103,0,4,4,12,0,1,A,,,,,,1500,2,D,C,A,"MILVIA ST","BERKELEY WY",0,,Y,2015-04-17,103,2015-02-26,1457,135,24,5,6,0,0,,0,006,-,N,,0,0,,,0,,,,N,2,A,-,22450,A,N,A,H,-,A,A,0,Y,A,01,0,0,1,0,0,0,0,0,0,-,-,BERKELEY,ALAMEDA,CA,0,0
6878641,-122.2889709,37.8779449,2015,0103,0,2,3,10,0,1,B,Y,,,,,2100,2,G,B,B,"HOPKINS ST","PERALTA AV",0,,Y,2015-05-05,103,2015-02-17,1848,78,33,5,6,0,0,,0,004,-,N,,0,0,,,0,,,,N,2,A,-,21950,A,N,A,H,-,C,A,0,Y,-,,0,1,0,0,1,0,0,0,0,-,-,BERKELEY,ALAMEDA,CA,0,0
6878629,-122.2988195,37.8480519,2015,0103,1,4,4,03,0,1,A,,,,,,1800,4,C,C,A,"RT 80","ASHBY AV",200,E,N,2016-12-06,9370,2015-04-02,1735,018453,,2,6,0,1,,2,081,-,Y,ALA,4,80,-,-,4.49,H,-,W,Y,3,A,-,22350,,N,A,H,-,A,D,6,Y,A,01,0,0,1,0,0,0,0,0,0,-,-,BERKELEY,ALAMEDA,CA,-122.17553,37.50518
6878081,-122.3059229,37.8739991,2015,0103,1,7,3,03,0,1,A,,,,,,1800,3,C,C,A,"RT 80","GILMAN ST",1400,W,N,2016-10-17,9370,2015-03-29,1530,20235,,2,6,0,1,,2,081,-,Y,ALA,4,80,-,-,6.35,H,-,E,Y,3,A,-,22350,,N,A,H,-,A,D,6,Y,D,22,0,1,0,0,0,0,0,0,0,-,-,BERKELEY,ALAMEDA,CA,-122.30592,37.87424
6877720,-122.2756729,37.8848305,2015,0103,0,7,3,03,0,1,A,,,,,,900,2,E,I,A,"HOPKINS ST","JOSEPHINE ST",8,E,N,2015-04-14,103,2015-02-15,836,104,18,5,6,0,0,,0,002,-,N,,0,0,,,0,,,,N,1,A,-,22350,,N,A,H,-,A,A,0,Y,A,01,0,1,0,0,0,0,0,0,0,-,-,BERKELEY,ALAMEDA,CA,0,0
6877667,-122.3056641,37.8664131,2015,0103,0,1,3,09,0,1,A,,Y,,,,1500,2,D,G,A,"W FRONTAGE RD","UNIVERSITY AV",0,,Y,2015-04-15,103,2015-02-16,1234,112,20,5,6,0,0,,0,014,-,N,,0,0,,,0,,,,N,2,A,-,21802,A,N,A,H,-,A,A,0,Y,L,04,0,1,0,0,0,0,1,0,0,-,-,BERKELEY,ALAMEDA,CA,0,0
6877666,-122.2758331,37.8480492,2015,0103,0,2,4,08,0,2,B,,Y,,,,1500,2,A,G,A,"CALIFORNIA AV","ALCATRAZ AV",35,S,N,2015-04-16,103,2015-02-17,1319,27,40,5,6,0,0,,0,011,-,N,,0,0,,,0,,,,N,3,A,-,22107,,F,A,H,-,A,A,0,Y,A,01,0,0,2,0,0,0,1,0,0,-,-,BERKELEY,ALAMEDA,CA,0,0
6877665,0,0,2015,0103,0,3,4,03,0,1,A,,Y,,,,1500,2,C,G,A,"SHATTUCK AV","HEARST AV",85,W,N,2015-06-08,103,2015-02-18,1221,37,24,5,6,0,0,,0,002,-,N,,0,0,,,0,,,,N,2,A,-,22350,,N,A,H,-,A,A,0,Y,L,04,0,0,1,0,0,0,1,0,0,-,-,BERKELEY,ALAMEDA,CA,0,0
6877664,-122.306488,37.878334,2015,0103,0,3,3,09,0,1,A,,Y,,,,1500,2,D,G,A,EASTSHORE,"GILMAN ST",4,N,N,2015-04-16,103,2015-02-18,1439,S34,20,5,6,0,0,,0,004,-,N,,0,0,,,0,,,,N,2,A,-,21804,A,N,A,H,-,A,D,0,Y,L,04,0,1,0,0,0,0,1,0,0,-,-,BERKELEY,ALAMEDA,CA,0,0
6877663,-122.2595062,37.8576851,2015,0103,0,3,3,08,0,1,A,Y,,,,,1500,2,G,B,B,"TELEGRAPH AV","RUSSELL ST",0,,Y,2015-04-15,103,2015-02-18,1458,150,37,5,6,0,0,,0,007,-,N,,0,13,,,0,,,,N,2,A,-,22107,,N,A,H,-,A,A,0,Y,A,01,0,1,0,0,1,0,0,0,0,-,-,BERKELEY,ALAMEDA,CA,0,0
6877662,-122.2987061,37.8678207,2015,0103,0,5,4,03,0,1,A,,,,,,1200,2,C,C,A,"UNIVERSITY AV","6TH ST",288,W,N,2015-04-15,103,2015-02-20,931,119,24,5,6,0,0,,0,014,-,N,,0,0,,,0,,,,N,3,A,-,22350,,N,A,H,-,A,A,0,Y,A,01,0,0,1,0,0,0,0,0,0,-,-,BERKELEY,ALAMEDA,CA,0,0
6877661,-122.2704239,37.8763847,2015,0103,0,5,4,08,0,1,A,,Y,,,,1500,2,B,G,A,"VIRGINIA ST","MILVIA ST",250,E,N,2015-04-15,103,2015-02-20,1301,157,24,5,6,0,0,,0,003,-,N,,0,0,,,0,,,,N,2,A,-,22107,,N,A,H,-,A,D,0,Y,A,01,0,0,1,0,0,0,1,0,0,-,-,BERKELEY,ALAMEDA,CA,0,0
6877660,-122.2688293,37.8665466,2015,0103,0,5,4,21,0,1,A,Y,,,,,2100,2,G,B,F,"DURANT AV","SHATTUCK AV",300,W,N,2015-04-15,103,2015-02-20,1842,126,29,5,6,0,0,,0,009,-,N,,0,0,,,0,,,,N,2,A,-,22106,,N,A,H,-,D,D,0,Y,A,01,0,0,1,0,1,0,0,0,0,-,-,BERKELEY,ALAMEDA,CA,0,0
6877659,-122.2677307,37.8931351,2015,0103,0,6,3,-,0,1,A,,Y,,,,1200,2,D,G,A,"MARIN AV","SPRUCE ST",0,,Y,2015-04-22,103,2015-02-21,1100,157,11,5,6,0,0,,0,001,-,N,,0,0,,,0,,,,N,2,-,-,0,,N,A,H,-,A,A,0,Y,-,-,0,1,0,0,0,0,1,0,0,-,-,BERKELEY,ALAMEDA,CA,0,0
6877658,-122.3056641,37.8664131,2015,0103,0,6,4,12,0,1,A,,,,,,2100,2,D,C,A,"W FRONTAGE RD","UNIVERSITY AV",0,,Y,2015-04-15,103,2015-02-21,1939,2,20,5,6,0,0,,0,014,-,N,,0,0,,,0,,,,N,2,A,-,22450,A,N,A,H,-,D,A,0,Y,A,01,0,0,1,0,0,0,0,0,0,-,-,BERKELEY,ALAMEDA,CA,0,0
6877657,-122.2894058,37.8516235,2015,0103,0,6,3,12,0,2,A,,,Y,,,2400,2,D,C,A,"9TH ST","ASHBY AV",0,,Y,2015-04-15,103,2015-02-21,2133,128,20,5,6,0,0,,0,013,-,N,,0,0,,,0,,,,N,2,A,-,21453,A,N,A,H,-,C,A,0,Y,A,01,0,1,1,0,0,0,0,0,1,-,-,BERKELEY,ALAMEDA,CA,0,0
6877656,-122.2730255,37.871624,2015,0103,0,7,3,08,0,1,A,,,,,,600,2,E,I,A,"MARTIN LUTHER KING JR WY","UNIVERSITY AV",0,,Y,2015-04-15,103,2015-02-22,433,5,29,5,6,0,0,,0,003,-,N,,0,13,,,0,,,,N,1,A,-,22107,,N,A,H,-,C,A,0,Y,A,01,0,1,0,0,0,0,0,0,0,-,-,BERKELEY,ALAMEDA,CA,0,0
6877655,-122.2607346,37.8648338,2015,0103,0,2,4,12,0,1,A,Y,,,,,900,2,G,B,B,"DWIGHT WY","DANA ST",0,,Y,2015-04-15,103,2015-02-24,631,27,36,5,6,0,0,,0,009,-,N,,0,0,,,0,,,,N,2,A,-,21453,A,F,A,H,-,B,A,0,Y,A,01,0,0,1,0,1,0,0,0,0,-,-,BERKELEY,ALAMEDA,CA,0,0
6877654,-122.2817917,37.8670883,2015,0103,0,2,4,03,0,1,A,,,,,Y,1800,2,C,C,A,"SACRAMENTO ST","ALLSTON WY",108,S,N,2015-04-15,103,2015-02-24,1750,69,30,5,6,0,0,,0,005,-,N,,0,13,,,0,,,,N,2,A,-,22350,,N,A,H,-,A,A,0,Y,A,01,0,0,1,0,0,0,0,0,0,-,-,BERKELEY,ALAMEDA,CA,0,0
6877653,-122.2913895,37.8663559,2015,0103,0,3,2,10,0,1,A,Y,,,,,1500,2,G,B,B,"SAN PABLO AV","ALLSTON WY",0,,Y,2015-04-15,103,2015-02-25,1302,146,31,5,6,0,0,,0,013,-,N,,0,123,,,0,,,,Y,2,A,-,21950,A,N,A,H,-,A,A,0,Y,A,01,1,0,0,0,1,0,0,0,0,-,-,BERKELEY,ALAMEDA,CA,0,0
6877652,-122.2981262,37.8678436,2015,0103,0,3,4,05,0,1,A,,Y,,,,2400,2,D,G,A,"UNIVERSITY AV","5TH ST",0,,Y,2015-04-15,103,2015-02-25,2126,33,20,5,6,0,0,,0,014,-,N,,0,0,,,0,,,,N,2,A,-,21650,1,N,A,H,-,C,A,0,Y,L,04,0,0,1,0,0,0,1,0,0,-,-,BERKELEY,ALAMEDA,CA,0,0
6877651,-122.26246,37.8557977,2015,0103,0,4,2,10,0,1,A,Y,,,,,2100,2,A,B,B,"ASHBY AV","DEAKIN ST",0,,Y,2016-10-18,103,2015-02-26,1943,10,39,5,6,0,0,,0,010,-,Y,ALA,4,13,-,-,11.77,I,5,S,N,2,A,-,21950,A,N,A,H,-,C,D,0,Y,A,01,1,0,0,0,1,0,0,0,0,-,-,BERKELEY,ALAMEDA,CA,0,0
6877650,-122.2944641,37.8686867,2015,0103,0,5,4,03,0,1,A,,,,,,1500,2,C,C,A,"UNIVERSITY AV","9TH ST",0,,Y,2015-04-15,103,2015-02-27,1401,128,21,5,6,0,0,,0,014,-,N,,0,0,,,0,,,,N,2,A,-,22350,,F,A,H,-,A,A,0,Y,A,01,0,0,1,0,0,0,0,0,0,-,-,BERKELEY,ALAMEDA,CA,0,0
6877649,-122.2526779,37.8531914,2015,0103,0,6,4,01,0,1,A,,,Y,,Y,300,2,C,E,A,"COLLEGE AV","WOOLSEY ST",250,S,N,2015-04-15,103,2015-02-28,43,30,39,5,6,0,0,,0,008,-,N,,0,0,,,0,,,,N,2,A,-,23152,A,N,A,H,-,C,D,0,Y,C,02,0,0,1,0,0,0,0,0,1,-,-,BERKELEY,ALAMEDA,CA,0,0
6872235,-122.244606,37.8589935,2015,0103,0,6,4,08,0,1,A,,,Y,,,2100,2,D,C,A,"RUSSELL ST","CLAREMONT AV",0,,Y,2015-04-16,103,2015-02-07,1802,127,37,5,6,0,0,,0,008,-,N,,0,0,,,0,,,,Y,2,A,-,22107,,N,A,H,-,C,B,0,Y,A,07,0,0,1,0,0,0,0,0,1,-,-,BERKELEY,ALAMEDA,CA,0,0
6872231,-122.2688446,37.8753853,2015,0103,0,4,4,03,0,1,A,,Y,,,,2100,2,C,E,A,"SHATTUCK AV","FRANCISCO ST",102,S,N,2015-04-16,103,2015-02-05,1903,69,24,5,6,0,0,,0,002,-,N,,0,0,,,0,,,,N,2,A,-,22350,,N,A,H,-,C,D,0,Y,L,04,0,0,1,0,0,0,1,0,0,-,-,BERKELEY,ALAMEDA,CA,0,0
6872227,-122.2679062,37.8675766,2015,0103,0,4,4,03,0,1,A,,Y,,,,1800,2,D,G,A,"BANCROFT WY","SHATTUCK AV",0,,Y,2015-04-16,103,2015-02-05,1719,135,29,5,6,0,0,,0,006,-,N,,0,0,,,0,,,,N,2,A,-,22350,,N,A,H,-,C,A,0,Y,L,04,0,0,1,0,0,0,1,0,0,-,-,BERKELEY,ALAMEDA,CA,0,0
6872223,0,0,2015,0103,0,3,4,09,0,1,A,,,,,,900,2,D,C,A,"MARTIN LUTHER KING JR WY","BANCROFT WY",12,E,N,2015-05-04,103,2015-02-04,823,106,29,5,6,0,0,,0,005,-,N,,0,13,,,0,,,,N,2,A,-,21801,A,N,A,H,-,A,A,0,Y,A,01,0,0,1,0,0,0,0,0,0,-,-,BERKELEY,ALAMEDA,CA,0,0
6872219,-122.2739258,37.8796234,2015,0103,0,3,4,09,0,1,B,,,,,,900,2,D,C,A,"MARTIN LUTHER KING JR WY","VINE ST",0,,Y,2015-05-04,103,2015-02-04,816,96,17,5,6,0,0,,0,002,-,N,,0,13,,,0,,,,N,2,A,-,21802,A,N,A,H,-,A,A,0,Y,A,01,0,0,1,0,0,0,0,0,0,-,-,BERKELEY,ALAMEDA,CA,0,0
6872215,-122.2690964,37.8564148,2015,0103,0,2,3,17,0,1,A,,Y,,,,1800,2,B,G,A,"MILVIA ST","RUSSELL ST",0,,Y,2015-04-17,103,2015-02-03,1623,10,35,5,6,0,0,,0,010,-,N,,0,0,,,0,,,,N,2,A,-,22517,,N,A,H,-,A,D,0,Y,A,01,0,1,0,0,0,0,1,0,0,-,-,BERKELEY,ALAMEDA,CA,0,0
6872211,-122.2818222,37.8673859,2015,0103,0,1,4,03,0,1,A,,,,,,1800,2,C,C,A,"ALLSTON WY","SACRAMENTO ST",0,,Y,2015-04-17,103,2015-02-02,1534,146,30,5,6,0,0,,0,005,-,N,,0,0,,,0,,,,Y,2,A,-,22350,,N,A,H,-,A,D,0,Y,A,01,0,0,1,0,0,0,0,0,0,-,-,BERKELEY,ALAMEDA,CA,0,0
6872199,-122.2806244,37.8933067,2015,0103,0,1,4,08,0,2,A,,,,,,1500,2,B,E,A,"COLUSA AV","TACOMA AV",51,N,N,2015-04-17,103,2015-02-02,1347,100,13,5,6,0,0,,0,001,-,N,,0,0,,,0,,,,N,3,A,-,22107,,N,A,H,-,A,A,0,Y,A,01,0,0,2,0,0,0,0,0,0,-,-,BERKELEY,ALAMEDA,CA,0,0
6872191,-122.2764511,37.8974876,2015,0103,0,5,3,03,0,1,A,,Y,,,,1200,2,F,I,A,"ARLINGTON AV","THOUSAND OAKS BL",113,N,N,2015-04-16,103,2015-02-13,959,104,12,5,6,0,0,,0,001,-,N,,0,0,,,0,,,,N,1,A,-,22350,,N,A,H,-,A,D,0,Y,L,04,0,1,0,0,0,0,1,0,0,-,-,BERKELEY,ALAMEDA,CA,0,0
6872187,-122.2593765,37.8586044,2015,0103,0,4,4,09,0,1,A,,,,,,1200,2,D,C,A,"TELEGRAPH AV","OREGON ST",0,,Y,2015-04-16,103,2015-02-12,1130,S34,36,5,6,0,0,,0,007,-,N,,0,13,,,0,,,,Y,2,A,-,21802,A,N,A,H,-,A,A,0,Y,A,01,0,0,1,0,0,0,0,0,0,-,-,BERKELEY,ALAMEDA,CA,0,0
6872183,-122.2870407,37.8632774,2015,0103,0,3,4,08,0,1,A,,,,,,2400,2,A,E,A,"CHANNING WY","BROWNING ST",73,E,N,2015-04-16,103,2015-02-11,2217,68,14,5,6,0,0,,0,005,-,N,,0,0,,,0,,,,Y,2,A,-,22107,,F,A,H,-,C,D,0,Y,A,01,0,0,1,0,0,0,0,0,0,-,-,BERKELEY,ALAMEDA,CA,0,0