CASEID,POINT_X,POINT_Y,YEAR_,LOCATION,CHPTYPE,DAYWEEK,CRASHSEV,VIOLCAT,KILLED,INJURED,WEATHER1,PEDCOL,BICCOL,MCCOL,TRUCKCOL,ETOH,TIMECAT,MONTH_,CRASHTYP,INVOLVE,PED,PRIMARYRD,SECONDRD,DISTANCE,DIRECT,INTERSECT_,PROCDATE,JURIS,DATE_,TIME_,BADGE,JURIDIST,SHIFT,POP,SPECIAL,BEATTYPE,LAPDDIV,BEATCLAS,BEATNUMB,WEATHER2,STATEHW,CALTRANC,CALTRAND,STROUTE,ROUTESUF,POSTPRE,POSTMILE,LOCATYPE,RAMP,SIDEHW,TOWAWAY,PARTIES,PCF,VIOLCODE,VIOL,VIOLSUB,HITRUN,ROADSURF,RDCOND1,RDCOND2,LIGHTING,RIGHTWAY,CHPRDTYP,NOTPRIV,STFAULT,CHPFAULT,SEVINJ,OTHERINJ,COP,PEDKILL,PEDINJ,BICKILL,BICINJ,MCKILL,MCINJURE,RAMP1,RAMP2,CITY,COUNTY,STATE,X_CHP,Y_CHP
6809370,-122.3064063,37.8755389,2015,0103,1,1,4,18,0,1,A,,,,,,300,1,C,C,A,"RT 80","GILMAN ST",850,W,N,2016-10-17,9370,2015-01-26,241,20206,,3,6,0,1,,2,081,-,Y,ALA,4,80,-,-,6.46,H,-,E,Y,2,C,-,0,,N,A,H,-,C,D,6,Y,-,-,0,0,1,0,0,0,0,0,0,-,-,BERKELEY,ALAMEDA,CA,-122.30561,37.87368
6809121,-122.3001199,37.8540861,2015,0103,1,4,4,21,0,1,A,,,,,,300,2,C,C,A,"RT 80","ASHBY AV",1795,E,N,2016-10-17,9370,2015-02-05,204,019160,,3,6,0,1,,2,081,-,Y,ALA,4,80,-,-,4.92,H,-,E,Y,2,A,-,22106,,N,A,H,-,D,D,6,Y,A,07,0,0,1,0,0,0,0,0,0,-,-,BERKELEY,ALAMEDA,CA,-122.29991,37.85381
6806816,-122.306802,37.8767993,2015,0103,1,1,4,18,0,1,A,,,,,,300,1,C,C,A,"RT 80","GILMAN ST",860,W,N,2016-10-17,9370,2015-01-26,242,020508,,3,6,0,1,,2,081,-,Y,ALA,4,80,-,-,6.55,H,-,E,Y,2,C,-,0,,M,A,H,-,D,D,6,Y,-,-,0,0,1,0,0,0,0,0,0,-,-,BERKELEY,ALAMEDA,CA,-122.18233,37.52334
6806815,-122.3063624,37.8753989,2015,0103,1,1,4,18,0,2,A,,,,,,300,1,C,C,A,"RT 80","GILMAN ST",880,W,N,2016-10-17,9370,2015-01-26,241,020508,,3,6,0,1,,2,081,-,Y,ALA,4,80,-,-,6.45,H,-,E,Y,3,C,-,0,,M,A,H,-,D,D,6,Y,-,-,0,0,2,0,0,0,0,0,0,-,-,BERKELEY,ALAMEDA,CA,-122.18233,37.52334
6806012,-122.3008896,37.85613,2015,0103,1,1,3,08,0,1,A,,,Y,,,900,1,B,C,A,"RT 80","ASHBY AV",2560,E,N,2016-10-17,9370,2015-01-26,730,019469,,1,6,0,1,,2,081,-,Y,ALA,4,80,-,-,5.07,H,-,W,N,2,A,-,22107,,N,A,H,-,A,D,6,Y,D,22,0,1,0,0,0,0,0,0,1,-,-,BERKELEY,ALAMEDA,CA,-122.30059,37.85464
6799766,-122.3033369,37.8648666,2015,0103,1,5,4,03,0,1,A,,,,,,1200,1,C,C,A,"RT 80","UNIVERSITY AV",700,W,N,2016-10-17,9370,2015-01-23,935,020519,,1,6,0,1,,2,081,-,Y,ALA,4,80,-,-,5.7,H,-,W,Y,3,A,-,22350,,N,A,H,-,A,D,6,Y,A,01,0,0,1,0,0,0,0,0,0,-,-,BERKELEY,ALAMEDA,CA,0,0
6790027,-122.3074342,37.8781689,2015,0103,1,4,4,03,0,1,B,,,,,,1800,1,C,C,A,"RT 80","GILMAN ST",150,E,N,2016-10-17,9370,2015-01-08,1535,19577,,2,6,0,1,,2,081,-,Y,ALA,4,80,-,-,6.65,H,-,W,Y,3,A,-,22350,,N,A,H,-,A,D,6,Y,A,01,0,0,1,0,0,0,0,0,0,-,-,BERKELEY,ALAMEDA,CA,-122.30778,37.87908
6784050,-122.2984577,37.8472418,2015,0103,1,7,2,08,0,1,A,,,,Y,,600,7,E,I,A,"RT 80","ASHBY AV",125,W,N,2017-01-05,9370,2015-07-26,350,20633,,3,6,0,1,,2,081,-,Y,ALA,4,80,-,-,4.43,H,-,E,Y,1,A,-,22107,,N,A,H,-,C,D,6,Y,G,26,1,0,0,0,0,0,0,0,0,-,-,BERKELEY,ALAMEDA,CA,-122.29817,37.84692
6783498,-122.2991484,37.8494536,2015,0103,1,1,4,03,0,2,A,,,,,,1800,2,C,C,A,"RT 80","ASHBY AV",50,E,N,2016-10-17,9370,2015-02-09,1510,020088,,2,6,0,1,,2,081,-,Y,ALA,4,80,-,-,4.59,H,-,W,Y,4,A,-,22350,,N,A,H,-,A,D,6,Y,A,07,0,0,2,0,0,0,0,0,0,-,-,BERKELEY,ALAMEDA,CA,0,0
6783482,-122.3017102,37.8599193,2015,0103,1,2,4,03,0,1,A,,,,Y,,1200,2,C,C,A,"RT 80","UNIVERSITY AV",2610,W,N,2016-10-17,9370,2015-02-10,1025,19469,,1,6,0,1,,2,081,-,Y,ALA,4,80,-,-,5.34,H,-,E,Y,3,A,-,22350,,N,A,H,-,A,D,6,Y,G,25,0,0,1,0,0,0,0,0,0,-,-,BERKELEY,ALAMEDA,CA,-122.30157,37.8597
6781770,-122.3039092,37.8668071,2015,0103,1,4,4,03,0,1,A,,,,,,1500,1,C,C,A,"RT 80","UNIVERSITY AV",30,E,N,2016-10-17,9370,2015-01-15,1450,020428,,2,6,0,1,,2,081,-,Y,ALA,4,80,-,-,5.84,H,-,W,Y,2,A,-,22350,,N,A,H,-,A,D,6,Y,A,07,0,0,1,0,0,0,0,0,0,-,-,BERKELEY,ALAMEDA,CA,-122.3041,37.8674
6770587,-122.3075365,37.8793716,2015,0103,1,5,4,03,0,1,A,,,,,,1800,1,C,C,A,"RT 80","GILLMAN ST",300,E,N,2016-10-17,9370,2015-01-02,1735,19815,,2,6,0,1,,2,081,-,Y,ALA,4,80,-,-,6.73,H,-,E,Y,3,A,-,22350,,N,A,H,-,D,D,6,Y,D,22,0,0,1,0,0,0,0,0,0,-,-,BERKELEY,ALAMEDA,CA,-122.30781,37.8808
6292119,-122.2775803,37.8710136,2015,0103,0,2,1,09,1,0,A,,Y,,,,2100,1,D,G,A,"UNIVERSITY AV","MCGEE AV",0,,Y,2015-04-24,103,2015-01-13,1843,8,30,5,6,0,0,,0,004,-,N,,0,0,,,0,,,,N,2,A,-,21804,A,F,A,H,-,C,A,0,Y,L,04,0,0,0,0,0,1,0,0,0,-,-,BERKELEY,ALAMEDA,CA,0,0
6976685,-122.2919846,37.8681564,2014,0103,0,3,4,03,0,1,A,,Y,,,,2100,4,F,A,A,"SAN PABLO AV","ADDISON ST",0,,Y,2015-07-02,103,2014-04-30,1931,121,21,5,6,0,0,,0,014,-,N,,0,123,,,0,,,,N,1,A,-,22350,,N,A,H,-,A,D,0,Y,L,04,0,0,1,0,0,0,1,0,0,-,-,BERKELEY,ALAMEDA,CA,0,0
6883007,-122.2921295,37.8650246,2014,0103,0,3,3,01,0,1,B,,,,,Y,2400,12,C,E,A,"10TH ST","BANCROFT WY",236,N,N,2015-04-20,103,2014-12-10,2230,14,32,5,6,0,0,,0,016,-,N,,0,0,,,0,,,,Y,3,A,-,23152,A,F,A,H,-,C,A,0,Y,A,01,0,1,0,0,0,0,0,0,0,-,-,BERKELEY,ALAMEDA,CA,0,0
6827476,-122.2659912,37.867836,2014,0103,0,7,4,10,0,1,A,Y,,,,,1800,12,A,B,B,"BANCROFT WY","FULTON ST",0,,Y,2015-04-08,103,2014-12-07,1719,113,29,5,6,0,0,,0,005,-,N,,0,0,,,0,,,,N,3,A,-,21950,C,F,A,H,-,C,A,0,Y,-,99,0,0,1,0,1,0,0,0,0,-,-,BERKELEY,ALAMEDA,CA,0,0
6827444,-122.2716141,37.8588562,2014,0103,0,4,4,01,0,1,C,,,,,Y,2100,12,C,C,A,"WARD ST","MARTIN LUTHER KING JR WY",0,,Y,2015-04-08,103,2014-12-11,1908,10,35,5,6,0,0,,0,010,-,N,,0,0,,,0,,,,N,2,A,-,23153,A,N,B,H,-,C,D,0,Y,A,01,0,0,1,0,0,0,0,0,0,-,-,BERKELEY,ALAMEDA,CA,0,0
6812959,0,0,2014,0103,0,2,3,-,0,1,A,,,,,,1800,12,D,C,A,"SHATTUCK AV","SHATTUCK AV 1451",0,,Y,2015-02-24,103,2014-12-23,1602,M,14,5,6,0,0,,0,002,-,N,,0,0,,,0,,,,N,3,A,-,0,,N,A,H,-,A,D,0,Y,A,01,0,1,0,0,0,0,0,0,0,-,-,BERKELEY,ALAMEDA,CA,0,0
6812955,0,0,2014,0103,0,2,4,03,0,1,A,,,,,,2400,12,B,E,A,"DWIGHT WY","2338 DWIGHT WY",0,,Y,2015-02-18,103,2014-12-23,2246,22,36,5,6,0,0,,0,006,-,N,,0,0,,,0,,,,N,2,A,-,22350,,N,A,H,-,C,D,0,Y,A,01,0,0,1,0,0,0,0,0,0,-,-,BERKELEY,ALAMEDA,CA,0,0
6812951,-122.2806549,37.8604546,2014,0103,0,3,4,03,0,1,A,,,,,,1500,12,C,C,A,"SACRAMENTO ST","PARKER ST",0,,Y,2015-02-18,103,2014-12-24,1232,8,34,5,6,0,0,,0,005,-,N,,0,13,,,0,,,,N,2,A,-,22350,,N,A,H,-,A,A,0,Y,A,01,0,0,1,0,0,0,0,0,0,-,-,BERKELEY,ALAMEDA,CA,0,0
6812947,-122.2786331,37.8510742,2014,0103,0,7,4,01,0,1,A,,,,,Y,300,12,E,I,A,"SACRAMENTO ST","67TH ST",0,,Y,2015-02-18,103,2014-12-28,36,140,40,5,6,0,0,,0,013,-,N,,0,13,,,0,,,,N,1,A,-,23152,A,N,A,H,-,C,A,0,Y,A,01,0,0,1,0,0,0,0,0,0,-,-,BERKELEY,ALAMEDA,CA,0,0
6812943,-122.2915344,37.8631401,2014,0103,0,1,4,08,0,1,A,,Y,,,,1500,12,B,G,A,"10TH ST","CHANNING WY",190,N,N,2015-02-18,103,2014-12-29,1444,160,32,5,6,0,0,,0,015,-,N,,0,0,,,0,,,,N,2,A,-,22107,,F,A,H,-,A,A,0,Y,-,99,0,0,1,0,0,0,1,0,0,-,-,BERKELEY,ALAMEDA,CA,0,0
6812939,-122.2591248,37.8602753,2014,0103,0,5,4,03,0,1,A,,,,,,1800,12,C,C,A,"TELEGRAPH AV","WARD ST",70,S,N,2015-02-24,103,2014-12-26,1533,2,36,5,6,0,0,,0,009,-,N,,0,13,,,0,,,,N,3,A,-,22350,,M,A,H,-,A,D,0,Y,A,08,0,0,1,0,0,0,0,0,0,-,-,BERKELEY,ALAMEDA,CA,0,0
6812935,-122.2814407,37.8639946,2014,0103,0,1,3,09,0,1,A,,Y,,,,1800,12,A,G,A,"SACRAMENTO ST","CHANNING WY",0,,Y,2015-02-18,103,2014-12-29,1610,121,31,5,6,0,0,,0,014,-,N,,0,13,,,0,,,,N,2,A,-,21802,A,N,A,H,-,A,D,0,Y,L,04,0,1,0,0,0,0,1,0,0,-,-,BERKELEY,ALAMEDA,CA,0,0
6812927,-122.2774761,37.8534957,2014,0103,0,3,4,-,0,1,A,Y,,,,,1500,12,G,B,B,"SACRAMENTO ST","ASHBY AV",0,,Y,2016-06-24,103,2014-12-31,1447,152,34,5,6,0,0,,0,013,-,Y,ALA,4,13,-,-,12.67,I,5,N,N,2,-,-,0,,F,A,H,-,A,A,0,Y,-,-,0,0,1,0,1,0,0,0,0,-,-,BERKELEY,ALAMEDA,CA,0,0
6812918,-122.2675705,37.8648643,2014,0103,0,2,4,10,0,2,C,Y,,,,,1800,12,G,B,B,"HASTE ST","SHATTUCK AV",0,,Y,2015-02-19,103,2014-12-16,1759,154,35,5,6,0,0,,0,005,-,N,,0,0,,,0,,,,N,3,A,-,21950,A,N,B,H,-,C,A,0,Y,A,01,0,0,2,0,2,0,0,0,0,-,-,BERKELEY,ALAMEDA,CA,0,0
6812915,-122.2902893,37.8630976,2014,0103,0,2,4,03,0,1,A,,,,,,1200,12,C,C,A,"SAN PABLO AV","CHANNING WY",68,N,N,2016-06-24,103,2014-12-30,1151,160,31,5,6,0,0,,0,015,-,Y,ALA,4,123,-,-,2.71,H,-,S,N,2,A,-,22350,,N,A,H,-,A,A,0,Y,A,01,0,0,1,0,0,0,0,0,0,-,-,BERKELEY,ALAMEDA,CA,0,0
6812914,-122.2798767,37.8913155,2014,0103,0,2,3,10,0,1,A,Y,,,,Y,1800,12,G,B,B,"SOLANO AV","COLUSA AV",10,E,N,2015-02-18,103,2014-12-16,1727,69,13,5,6,0,0,,0,001,C,N,,0,0,,,0,,,,N,2,A,-,21950,A,N,B,H,-,C,A,0,Y,A,01,0,1,0,0,1,0,0,0,0,-,-,BERKELEY,ALAMEDA,CA,0,0
6812910,-122.2820816,37.8704453,2014,0103,0,2,4,08,0,1,B,,Y,,,Y,2100,12,D,G,A,"UNIVERSITY AV","SACRAMENTO ST",0,,Y,2015-02-23,103,2014-12-16,1840,22,22,5,6,0,0,,0,003,C,N,,0,0,,,0,,,,N,2,A,-,22107,,F,B,H,-,C,A,0,Y,-,99,0,0,1,0,0,0,1,0,0,-,-,BERKELEY,ALAMEDA,CA,0,0
6812906,-122.2729034,37.8706055,2014,0103,0,3,4,10,0,1,C,Y,,,,,2100,12,G,B,B,"ADDISON ST","MARTIN LUTHER KING JR WY",0,,Y,2015-02-18,103,2014-12-17,2003,33,30,5,6,0,0,,0,004,-,N,,0,0,,,0,,,,N,2,A,-,21950,A,F,B,H,-,C,A,0,Y,-,99,0,0,1,0,1,0,0,0,0,-,-,BERKELEY,ALAMEDA,CA,0,0
6812902,-122.2598648,37.8551865,2014,0103,0,6,3,12,0,1,B,,Y,,,,2100,12,D,G,A,"TELEGRAPH AV","WEBSTER ST",0,,Y,2015-02-18,103,2014-12-20,2034,55,39,5,6,0,0,,0,009,-,N,,0,13,,,0,,,,N,2,A,-,21453,A,N,B,H,-,C,A,0,Y,L,04,0,1,0,0,0,0,1,0,0,-,-,BERKELEY,ALAMEDA,CA,0,0
6812898,-122.2601776,37.8527985,2014,0103,0,7,3,12,0,1,A,,,,,,2400,12,B,C,A,"TELEGRAPH AV","E TELEGRAPH AV",8,N,N,2015-02-23,103,2014-12-21,2248,40,36,5,6,0,0,,0,007,-,N,,0,13,,,0,,,,N,2,A,-,21453,A,F,A,H,-,C,A,0,Y,-,99,0,1,0,0,0,0,0,0,0,-,-,BERKELEY,ALAMEDA,CA,0,0
6812894,-122.2589798,37.8614159,2014,0103,0,1,4,09,0,1,E,,,Y,,,900,12,D,C,A,"TELEGRAPH AV","DERBY ST",0,,Y,2015-02-18,103,2014-12-22,654,127,36,5,6,0,0,,0,010,-,N,,0,13,,,0,,,,Y,2,A,-,21801,B,N,A,H,-,C,A,0,Y,A,01,0,0,1,0,0,0,0,0,1,-,-,BERKELEY,ALAMEDA,CA,0,0
6812890,-122.2888641,37.8584938,2014,0103,0,1,4,09,0,1,A,,,,,,1800,12,D,C,A,"SAN PABLO","CARLETON ST",0,,Y,2015-02-18,103,2014-12-22,1510,152,33,5,6,0,0,,0,014,-,N,,0,0,,,0,,,,Y,2,A,-,21801,A,N,A,H,-,A,D,0,Y,A,01,0,0,1,0,0,0,0,0,0,-,-,BERKELEY,ALAMEDA,CA,0,0
6812886,-122.2713318,37.8561249,2014,0103,0,2,4,17,0,1,A,,,,,,1500,12,B,C,A,"MARTIN LUTHER KING JR WY","RUSSELL ST",0,,Y,2015-03-02,103,2014-12-23,1352,37,35,5,6,0,0,,0,012,-,N,,0,13,,,0,,,,Y,3,A,-,22517,,N,A,H,-,A,A,0,Y,A,01,0,0,1,0,0,0,0,0,0,-,-,BERKELEY,ALAMEDA,CA,0,0
6812882,-122.3056641,37.8664131,2014,0103,0,2,4,09,0,2,A,,,,,,1800,12,D,C,A,"UNIVERSITY AV","W FRONTAGE RD",0,,Y,2015-02-18,103,2014-12-23,1556,109,32,5,6,0,0,,0,016,-,N,,0,0,,,0,,,,N,2,A,-,21802,A,N,A,H,-,A,A,0,Y,-,99,0,0,2,0,0,0,0,0,0,-,-,BERKELEY,ALAMEDA,CA,0,0
6807771,-122.2907944,37.8819542,2014,0103,0,3,4,05,0,1,B,,Y,,,,1200,12,D,G,A,"MASONIC AV","SANTA FE AV",0,,Y,2015-02-18,103,2014-12-03,921,56,19,5,6,0,0,,0,018,C,N,,0,0,,,0,,,,N,2,A,-,21651,A,N,B,H,-,A,D,0,Y,L,04,0,0,1,0,0,0,1,0,0,-,-,BERKELEY,ALAMEDA,CA,0,0
6807770,-122.2769502,37.8535636,2014,0103,0,2,3,09,0,1,C,,,,,,2100,12,B,C,A,"ASHBY AV","CALIFORNIA ST",0,,Y,2016-06-24,103,2014-12-02,1922,33,34,5,6,0,0,,0,011,-,Y,ALA,4,13,-,-,12.64,I,5,S,N,3,A,-,21802,A,N,B,H,-,C,A,0,Y,A,01,0,1,0,0,0,0,0,0,0,-,-,BERKELEY,ALAMEDA,CA,0,0
6807769,-122.264595,37.8555336,2014,0103,0,1,3,-,0,1,A,,,,,,2100,12,D,C,A,"ASHBY AV","WHEELER ST",0,,Y,2015-02-18,103,2014-12-08,1807,10,39,5,6,0,0,,0,010,-,N,,0,13,,,0,,,,Y,2,A,-,0,,N,A,H,-,C,D,0,Y,A,01,0,1,0,0,0,0,0,0,0,-,-,BERKELEY,ALAMEDA,CA,0,0
6807768,-122.2711945,37.8496857,2014,0103,0,3,4,09,0,2,B,,,,,,1200,12,D,C,A,"ADELINE ST","HARMON ST",0,,Y,2015-02-18,103,2014-12-10,1123,96,39,5,6,0,0,,0,010,-,N,,0,0,,,0,,,,N,2,A,-,21802,A,N,A,H,-,A,A,0,Y,A,01,0,0,2,0,0,0,0,0,0,-,-,BERKELEY,ALAMEDA,CA,0,0
6807767,-122.2706223,37.8699837,2014,0103,0,1,4,08,0,1,C,Y,,,,,1800,12,G,B,B,"CENTER ST","MILVIA ST",0,,Y,2015-02-18,103,2014-12-15,1734,55,29,5,6,0,0,,0,004,-,N,,0,0,,,0,,,,N,2,A,-,22107,,N,B,H,-,C,A,0,Y,A,01,0,0,1,0,1,0,0,0,0,-,-,BERKELEY,ALAMEDA,CA,0,0
6806058,-122.2730255,37.871624,2014,0103,0,2,4,03,0,1,B,,,,,,1500,12,C,C,A,"UNIVERSITY AV","MARTIN LUTHER KING JR WY",0,,Y,2015-02-13,103,2014-12-16,1253,8,42,5,6,0,0,,0,003,-,N,,0,0,,,0,,,,N,2,A,-,22350,,N,A,H,-,A,A,0,Y,D,22,0,0,1,0,0,0,0,0,0,-,-,BERKELEY,ALAMEDA,CA,0,0
6806054,-122.2711411,37.8542862,2014,0103,0,2,4,03,0,1,B,,,,,,1200,12,C,C,A,"MARTIN LUTHER KING JR WY","ASHBY AV",0,,Y,2015-02-13,103,2014-12-16,901,96,40,5,6,0,0,,0,012,-,N,,0,13,,,0,,,,N,2,A,-,22350,,N,B,H,-,A,A,0,Y,D,22,0,0,1,0,0,0,0,0,0,-,-,BERKELEY,ALAMEDA,CA,0,0
6806050,-122.2700729,37.8544044,2014,0103,0,1,3,-,0,1,C,Y,,,,,1800,12,G,B,D,"ASHBY AV","OTIS ST",0,,Y,2015-02-18,103,2014-12-15,1613,10,35,5,6,0,0,,0,010,-,N,,0,13,,,0,,,,N,2,A,-,0,,F,B,H,-,A,A,0,Y,-,99,0,1,0,0,1,0,0,0,0,-,-,BERKELEY,ALAMEDA,CA,0,0
6806030,-122.2706528,37.8719406,2014,0103,0,4,4,-,0,1,A,Y,,,,,1500,12,G,B,E,"UNIVERSITY AV","MILVIA ST",45,E,N,2015-02-18,103,2014-12-04,1430,50,24,5,6,0,0,,0,004,-,N,,0,0,,,0,,,,N,2,-,-,0,,N,A,H,-,A,A,0,Y,-,-,0,0,1,0,1,0,0,0,0,-,-,BERKELEY,ALAMEDA,CA,0,0
6796776,-122.2626648,37.8627548,2014,0103,0,5,4,12,0,1,A,,Y,,,,2100,11,B,G,A,"PARKER ST","ELLSWORTH ST",0,,Y,2015-02-03,103,2014-11-07,1848,9,36,5,6,0,0,,0,006,-,N,,0,0,,,0,,,,N,2,A,-,22450,A,N,A,H,-,C,A,0,Y,L,04,0,0,1,0,0,0,1,0,0,-,-,BERKELEY,ALAMEDA,CA,0,0
6788671,-122.258316,37.8752937,2014,0103,0,2,4,10,0,1,A,Y,,,,Y,2400,12,G,B,B,"HEARST AV","LE ROY AV",4,W,N,2015-02-17,103,2014-12-16,2134,69,22,5,6,0,0,,0,002,C,N,,0,123,,,0,,,,N,2,A,-,21950,A,N,B,H,-,C,A,0,Y,I,10,0,0,1,0,1,0,0,0,0,-,-,BERKELEY,ALAMEDA,CA,0,0
6781911,0,0,2014,0103,0,5,4,02,0,1,A,,,,,,2100,10,D,C,A,"ASHBY AV","CLAREMONT AV",10,N,N,2015-01-23,103,2014-10-10,1806,59,37,5,6,0,0,,0,008,-,N,,0,13,,,0,,,,Y,2,A,-,22526,A,N,A,H,-,B,A,0,Y,A,08,0,0,1,0,0,0,0,0,0,-,-,BERKELEY,ALAMEDA,CA,0,0
6780821,0,0,2014,0103,0,6,3,03,0,1,A,,Y,,,,1800,11,H,J,A,"CHANNING WY","CHANNING WY 2328",0,,N,2015-01-28,103,2014-11-22,1710,20,28,5,6,0,0,,0,006,-,N,,0,0,,,0,,,,N,1,A,-,22350,,N,A,H,-,C,D,0,Y,L,04,0,1,0,0,0,0,1,0,0,-,-,BERKELEY,ALAMEDA,CA,0,0
6780750,-122.2868875,37.8528761,2014,0103,0,5,3,08,0,1,B,,Y,,,,1800,12,B,G,A,"RT 123","BURNETT ST",61,S,N,2016-06-18,103,2014-12-12,1631,108,20,5,6,0,0,,0,013,-,Y,ALA,4,123,-,-,1.97,H,-,N,N,2,A,-,22107,,F,B,H,-,B,D,0,Y,A,01,0,1,0,0,0,0,1,0,0,-,-,BERKELEY,ALAMEDA,CA,0,0
6780746,0,0,2014,0103,0,7,3,08,0,2,A,,,,,,2100,12,F,I,A,"UNIVERSITY AV","POLE #1217",23,N,N,2015-03-17,103,2014-12-14,2006,140,22,5,6,0,0,,0,018,-,N,,0,0,,,0,,,,N,1,A,-,22107,,N,A,H,-,C,D,0,Y,A,01,0,2,0,0,0,0,0,0,0,-,-,BERKELEY,ALAMEDA,CA,0,0
6780742,-122.3043671,37.866703,2014,0103,0,2,3,01,0,1,A,,,,,Y,600,12,A,I,A,"UNIVERSITY AV","W FRONTAGE RD",390,E,N,2015-03-17,103,2014-12-09,332,44,20,5,6,0,0,,0,016,-,N,,0,0,,,0,,,,Y,1,A,-,23152,A,N,A,H,-,C,A,0,Y,A,01,0,1,0,0,0,0,0,0,0,-,-,BERKELEY,ALAMEDA,CA,0,0
6780738,-122.278864,37.8533216,2014,0103,0,3,4,03,0,1,C,,,,,,1800,12,C,C,A,"ASHBY AV","SACRAMENTO ST",0,,N,2016-06-24,103,2014-12-10,1720,107,34,5,6,0,0,,0,012,-,Y,ALA,4,13,-,-,12.75,H,-,N,N,2,A,-,22350,,N,B,H,-,C,A,0,Y,A,01,0,0,1,0,0,0,0,0,0,-,-,BERKELEY,ALAMEDA,CA,0,0
6780734,-122.273262,37.8736725,2014,0103,0,4,3,06,0,1,A,,,Y,,,900,12,B,C,A,"MARTIN LUTHER KING JR WY","HEARST AV",120,N,N,2015-03-17,103,2014-12-04,846,50,24,5,6,0,0,,0,003,-,N,,0,13,,,0,,,,N,2,A,-,21755,,N,A,H,-,A,A,0,Y,C,02,0,1,0,0,0,0,0,0,1,-,-,BERKELEY,ALAMEDA,CA,0,0
6780730,-122.2708054,37.8719139,2014,0103,0,1,4,11,0,1,A,Y,,,,,1200,12,G,B,C,"UNIVERSITY AV","MILVIA ST",0,,N,2015-03-17,103,2014-12-01,1122,146,29,5,6,0,0,,0,004,-,N,,0,0,,,0,,,,N,2,A,-,21950,B,N,A,H,-,A,D,0,Y,N,60,0,0,1,0,1,0,0,0,0,-,-,BERKELEY,ALAMEDA,CA,0,0
6780443,-122.3019724,37.8608921,2014,0103,1,7,2,01,0,2,B,Y,,,,Y,300,12,C,C,E,"RT 80 E","UNIVERSITY AV",2270,W,N,2016-05-18,9370,2014-12-21,101,20644,,3,6,0,1,,2,081,-,Y,ALA,4,80,-,-,5.41,H,-,E,Y,3,A,-,23152,A,N,A,H,-,C,D,6,Y,A,01,1,1,0,0,1,0,0,0,0,-,-,BERKELEY,ALAMEDA,CA,-122.1844,37.513
6776888,-122.2599335,37.8545036,2014,0103,0,7,4,17,0,1,A,,Y,,,,2100,10,A,G,A,"TELEGRAPH AV","DOWLING ST",21,N,N,2015-01-26,103,2014-10-26,2032,2,39,5,6,0,0,,0,009,-,N,,0,13,,,0,,,,N,2,A,-,22517,,N,A,H,-,C,D,0,Y,A,01,0,0,1,0,0,0,1,0,0,-,-,BERKELEY,ALAMEDA,CA,0,0
6774163,-122.2933731,37.8689041,2014,0103,0,3,3,09,0,1,A,,Y,,,,2100,10,B,G,A,"UNIVERSITY AV","10TH ST",0,,Y,2015-01-14,103,2014-10-08,2007,109,32,5,6,0,0,,0,016,-,N,,0,0,,,0,,,,N,2,A,-,21801,B,F,A,H,-,C,D,0,Y,A,01,0,1,0,0,0,0,1,0,0,-,-,BERKELEY,ALAMEDA,CA,0,0
6772479,-122.2584534,37.8651237,2014,0103,0,2,4,08,0,1,A,,,,,,1800,11,D,C,A,"DWIGHT WY","TELEGRAPH AV",12,E,N,2015-01-28,103,2014-11-18,1639,150,27,5,6,0,0,,0,007,B,N,,0,0,,,0,,,,N,2,A,-,22107,,N,A,C,-,C,A,0,Y,-,,0,0,1,0,0,0,0,0,0,-,-,BERKELEY,ALAMEDA,CA,0,0
6772346,-122.2408752,37.8564796,2014,0103,0,2,3,05,0,3,A,,,,,,1800,11,B,C,A,"TUNNEL RD","OAK RIDGE RD",230,E,N,2015-01-30,103,2014-11-25,1704,154,38,5,6,0,0,,0,008,-,N,,0,13,,,0,,,,Y,4,A,-,21650,,N,A,A,-,C,D,0,Y,A,01,0,2,1,0,0,0,0,0,0,-,-,BERKELEY,ALAMEDA,CA,0,0
6772345,0,0,2014,0103,0,1,3,08,0,1,A,,Y,,,,2100,11,D,G,A,"SHATTUCK AV","HEARST AV",12,E,N,2015-01-27,103,2014-11-24,1905,69,24,5,6,0,0,,0,002,-,N,,0,0,,,0,,,,N,2,A,-,22107,,N,A,H,-,C,A,0,Y,A,01,0,1,0,0,0,0,1,0,0,-,-,BERKELEY,ALAMEDA,CA,0,0
6772342,0,0,2014,0103,0,5,4,21,0,1,A,,,,,,2100,11,B,E,A,"EMERSON ST","EMERSON ST 2021",30,S,N,2015-01-28,103,2014-11-14,1813,135,39,5,6,0,0,,0,010,-,N,,0,0,,,0,,,,N,3,A,-,22106,,N,A,H,-,C,D,0,Y,A,01,0,0,1,0,0,0,0,0,0,-,-,BERKELEY,ALAMEDA,CA,0,0
6772341,-122.2765121,37.8879852,2014,0103,0,4,4,03,0,1,B,,,,,,1500,11,C,C,A,"MONTEREY AV","THE ALAMEDA",37,W,N,2015-01-27,103,2014-11-20,1443,100,14,5,6,0,0,,0,001,-,N,,0,0,,,0,,,,N,2,A,-,22350,,N,A,H,-,A,A,0,Y,A,01,0,0,1,0,0,0,0,0,0,-,-,BERKELEY,ALAMEDA,CA,0,0