CASEID,POINT_X,POINT_Y,YEAR_,LOCATION,CHPTYPE,DAYWEEK,CRASHSEV,VIOLCAT,KILLED,INJURED,WEATHER1,PEDCOL,BICCOL,MCCOL,TRUCKCOL,ETOH,TIMECAT,MONTH_,CRASHTYP,INVOLVE,PED,PRIMARYRD,SECONDRD,DISTANCE,DIRECT,INTERSECT_,PROCDATE,JURIS,DATE_,TIME_,BADGE,JURIDIST,SHIFT,POP,SPECIAL,BEATTYPE,LAPDDIV,BEATCLAS,BEATNUMB,WEATHER2,STATEHW,CALTRANC,CALTRAND,STROUTE,ROUTESUF,POSTPRE,POSTMILE,LOCATYPE,RAMP,SIDEHW,TOWAWAY,PARTIES,PCF,VIOLCODE,VIOL,VIOLSUB,HITRUN,ROADSURF,RDCOND1,RDCOND2,LIGHTING,RIGHTWAY,CHPRDTYP,NOTPRIV,STFAULT,CHPFAULT,SEVINJ,OTHERINJ,COP,PEDKILL,PEDINJ,BICKILL,BICINJ,MCKILL,MCINJURE,RAMP1,RAMP2,CITY,COUNTY,STATE,X_CHP,Y_CHP
6539166,-122.293835,37.8744025,2014,0103,0,4,4,03,0,1,A,,,,,,1800,5,C,C,A,"SAN PABLO AV","VIRGINIA ST",331,S,N,2016-04-14,103,2014-05-22,1606,100,22,5,6,0,0,,0,018,-,Y,ALA,4,123,-,-,3.54,H,-,N,N,2,A,-,22350,,N,A,H,-,A,D,0,Y,A,01,0,0,1,0,0,0,0,0,0,-,-,BERKELEY,ALAMEDA,CA,0,0
6539162,-122.2569931,37.8565158,2014,0103,0,2,4,03,0,1,A,,,,,,1800,5,C,C,A,"RT 13","REGENT ST",0,,Y,2016-01-28,103,2014-05-20,1546,152,36,5,6,0,0,,0,009,-,Y,ALA,4,13,-,-,11.46,H,-,S,N,2,A,-,22350,,N,A,H,-,A,D,0,Y,A,01,0,0,1,0,0,0,0,0,0,-,-,BERKELEY,ALAMEDA,CA,0,0
6539158,-122.2739258,37.8796234,2014,0103,0,2,3,09,0,1,A,,Y,,,,2100,5,D,G,A,"VINE ST","MARTIN LUTHER KING JR WY",0,,Y,2014-07-25,103,2014-05-27,1805,8,18,5,6,0,0,,0,001,-,N,,0,0,,,0,,,,N,2,A,-,21802,A,N,A,H,-,A,A,0,Y,L,04,0,1,0,0,0,0,1,0,0,-,-,BERKELEY,ALAMEDA,CA,0,0
6539154,-122.2944641,37.8686867,2014,0103,0,7,4,03,0,1,A,,,,,,900,5,C,C,A,"9TH ST","UNIVERSITY AV",0,,Y,2014-07-25,103,2014-05-25,708,33,32,5,6,0,0,,0,016,-,N,,0,0,,,0,,,,N,2,A,-,22350,,N,A,H,-,A,A,0,Y,A,01,0,0,1,0,0,0,0,0,0,-,-,BERKELEY,ALAMEDA,CA,0,0
6539150,-122.269371,37.8541946,2014,0103,0,5,4,08,0,3,A,,,,,,1800,5,D,C,A,"ADELINE ST","EMERSON ST",0,,Y,2014-08-01,103,2014-05-23,1559,28,39,5,6,0,0,,0,010,-,N,,0,0,,,0,,,,N,2,A,-,22107,,N,A,H,-,A,A,0,Y,A,01,0,0,3,0,0,0,0,0,0,-,-,BERKELEY,ALAMEDA,CA,0,0
6539146,-122.2592926,37.8591652,2014,0103,0,7,3,03,0,1,A,,,Y,,,1800,5,H,I,A,"TELEGRAPH AV","STUART ST",139,S,N,2014-07-25,103,2014-05-25,1600,121,36,5,6,0,0,,0,009,-,N,,0,13,,,0,,,,N,1,A,-,22350,,N,A,H,-,A,A,0,Y,C,02,0,1,0,0,0,0,0,0,1,-,-,BERKELEY,ALAMEDA,CA,0,0
6539137,-122.2533646,37.8599854,2014,0103,0,2,3,10,0,1,B,Y,,,,,2400,5,G,B,B,"COLLEGE AV","STUART ST",0,,Y,2014-08-06,103,2014-05-20,2108,54,37,5,6,0,0,,0,008,-,N,,0,0,,,0,,,,N,2,A,-,21950,A,N,A,H,-,C,D,0,Y,D,22,0,1,0,0,1,0,0,0,0,-,-,BERKELEY,ALAMEDA,CA,0,0
6539133,-122.2809448,37.8614082,2014,0103,0,6,4,21,0,2,A,,,,,,1200,5,F,C,A,"SACRAMENTO ST","BLAKE ST",34,N,N,2014-08-08,103,2014-05-17,1049,119,34,5,6,0,0,,0,005,-,N,,0,13,,,0,,,,Y,3,A,-,22106,,N,D,H,-,A,D,0,Y,D,72,0,0,2,0,0,0,0,0,0,-,-,BERKELEY,ALAMEDA,CA,0,0
6537422,0,0,2014,0103,0,2,4,08,0,1,A,,,,,,2100,5,C,E,A,"SPINNAKER WY","MARINA BL",0,W,N,2014-07-28,103,2014-05-13,1940,109,20,5,6,0,0,,0,016,-,N,,0,0,,,0,,,,N,2,A,-,22107,,N,A,H,-,A,D,0,Y,A,01,0,0,1,0,0,0,0,0,0,-,-,BERKELEY,ALAMEDA,CA,0,0
6535915,-122.3064804,37.8783264,2014,0103,0,3,4,11,0,1,A,Y,,,,,1200,5,G,B,D,"GILMAN ST","E SHORE WY",0,,Y,2014-07-25,103,2014-05-07,1100,85,20,5,6,0,0,,0,018,-,N,,0,80,,,0,,,,N,2,A,-,21954,A,N,A,H,-,A,D,0,Y,N,60,0,0,1,0,1,0,0,0,0,-,-,BERKELEY,ALAMEDA,CA,0,0
6535911,-122.2870941,37.8530006,2014,0103,0,3,4,03,0,1,A,,,,,,1500,5,C,C,A,"SAN PABLO BL","BURNETT ST",14,N,N,2014-07-26,103,2014-05-07,1421,160,20,5,6,0,0,,0,015,-,N,,0,0,,,0,,,,N,2,A,-,22350,,N,A,H,-,A,A,0,Y,A,01,0,0,1,0,0,0,0,0,0,-,-,BERKELEY,ALAMEDA,CA,0,0
6535907,-122.2720947,37.8633652,2014,0103,0,3,4,12,0,1,A,,,,,,1200,5,D,C,A,"DWIGHT WY","MARTIN LUTHER KING JR WY",0,,Y,2014-07-25,103,2014-05-07,1038,113,34,5,6,0,0,,0,005,-,N,,0,0,,,0,,,,Y,2,A,-,21453,A,N,A,H,-,A,A,0,Y,A,01,0,0,1,0,0,0,0,0,0,-,-,BERKELEY,ALAMEDA,CA,0,0
6535903,-122.2656021,37.8660545,2014,0103,0,5,3,00,0,1,A,,Y,,,,1500,5,E,I,A,"CHANNING WY","FULTON ST",20,E,N,2014-07-25,103,2014-05-02,1348,128,28,5,6,0,0,,0,006,-,N,,0,0,,,0,,,,N,1,D,-,0,,N,A,H,-,A,A,0,Y,-,-,0,1,0,0,0,0,1,0,0,-,-,BERKELEY,ALAMEDA,CA,0,0
6535899,-122.2715759,37.8486938,2014,0103,0,1,4,03,0,1,A,,,,,,1800,5,C,C,A,"ADELINE ST","ALCATRAZ AV",0,,Y,2014-07-25,103,2014-05-05,1712,10,40,5,6,0,0,,0,011,-,N,,0,0,,,0,,,,N,2,A,-,22350,,N,A,H,-,A,A,0,Y,A,01,0,0,1,0,0,0,0,0,0,-,-,BERKELEY,ALAMEDA,CA,0,0
6535895,0,0,2014,0103,0,2,4,08,0,2,A,,,,,,2100,5,A,C,A,"GRIZZLY PEAK BL","GRIZZLY PEAK BL 1120",0,,N,2014-07-25,103,2014-05-06,2036,104,15,5,6,0,0,,0,002,-,N,,0,0,,,0,,,,Y,2,A,-,22107,,N,A,H,-,C,D,0,Y,A,01,0,0,2,0,0,0,0,0,0,-,-,BERKELEY,ALAMEDA,CA,0,0
6535891,0,0,2014,0103,0,7,3,03,0,1,A,,Y,,,,900,5,H,I,A,"WILDCAT CANYON RD","PARK HILLS RD",1584,S,N,2014-07-25,103,2014-05-04,839,157,15,5,6,0,0,,0,002,-,N,,0,0,,,0,,,,N,1,A,-,22350,,N,A,A,-,A,D,0,Y,L,04,0,1,0,0,0,0,1,0,0,-,-,BERKELEY,ALAMEDA,CA,0,0
6535887,-122.2561951,37.8654137,2014,0103,0,7,4,08,0,1,A,,,Y,,,1500,5,D,C,A,"DWIGHT WY","BOWDITCH ST",0,,Y,2014-07-25,103,2014-05-04,1331,119,36,5,6,0,0,,0,007,-,N,,0,0,,,0,,,,Y,2,A,-,22107,,N,A,H,-,A,D,0,Y,A,01,0,0,1,0,0,0,0,0,1,-,-,BERKELEY,ALAMEDA,CA,0,0
6535879,-122.2670135,37.8723831,2014,0103,0,4,4,10,0,1,A,Y,,,,,1800,5,A,B,B,"UNIVERSITY AV","WALNUT AV",0,,Y,2014-07-25,103,2014-05-01,1717,122,24,5,6,0,0,,0,003,-,N,,0,0,,,0,,,,N,2,A,-,21950,A,N,A,H,-,A,D,0,Y,A,07,0,0,1,0,1,0,0,0,0,-,-,BERKELEY,ALAMEDA,CA,0,0
6535864,-122.2720947,37.8633652,2014,0103,0,6,4,03,0,1,A,,,,,,2100,5,C,C,A,"MARTIN LUTHER KING JR WY","DWIGHT WY",0,,Y,2014-07-25,103,2014-05-10,1914,126,34,5,6,0,0,,0,005,-,N,,0,13,,,0,,,,Y,2,A,-,22350,,N,A,H,-,A,A,0,Y,A,01,0,0,1,0,0,0,0,0,0,-,-,BERKELEY,ALAMEDA,CA,0,0
6535863,-122.2723007,37.8651848,2014,0103,0,6,4,00,0,1,A,,Y,,,,2100,5,D,G,A,"MARTIN LUTHER KING JR WY","CHANNING WY",0,,Y,2014-07-25,103,2014-05-31,1900,106,30,5,6,0,0,,0,005,-,N,,0,13,,,0,,,,N,2,D,-,0,,N,A,H,-,A,A,0,Y,-,-,0,0,1,0,0,0,1,0,0,-,-,BERKELEY,ALAMEDA,CA,0,0
6535860,-122.2821808,37.8713264,2014,0103,0,1,4,09,0,1,A,,,,,,1800,5,D,C,A,"BERKELEY WY","SACRAMENTO ST",0,,Y,2014-07-25,103,2014-05-12,1516,8,23,5,6,0,0,,0,003,-,N,,0,0,,,0,,,,N,2,A,-,21802,A,N,A,H,-,A,A,0,Y,A,01,0,0,1,0,0,0,0,0,0,-,-,BERKELEY,ALAMEDA,CA,0,0
6535856,-122.2980042,37.8650551,2014,0103,0,5,4,09,0,2,A,,,,,,1500,5,D,C,A,"5TH ST","ALLSTON WY",0,,Y,2014-07-25,103,2014-05-09,1308,19,20,5,6,0,0,,0,016,-,N,,0,0,,,0,,,,Y,2,A,-,21802,A,N,A,H,-,A,D,0,Y,A,07,0,0,2,0,0,0,0,0,0,-,-,BERKELEY,ALAMEDA,CA,0,0
6535855,-122.2723007,37.8651848,2014,0103,0,6,3,03,0,1,A,,Y,,,,2100,5,C,E,A,"MARTIN LUTHER KING JR WY","CHANNING WY",0,,Y,2014-07-25,103,2014-05-31,1832,126,30,5,6,0,0,,0,005,-,N,,0,13,,,0,,,,N,2,A,-,22350,,N,A,H,-,A,D,0,Y,L,04,0,1,0,0,0,0,1,0,0,-,-,BERKELEY,ALAMEDA,CA,0,0
6535852,-122.2999191,37.8753128,2014,0103,0,5,4,09,0,1,A,,,,,,1800,5,D,C,A,"JONES ST","6TH ST",40,E,N,2014-07-25,103,2014-05-09,1744,2,21,5,6,0,0,,0,017,-,N,,0,0,,,0,,,,N,2,A,-,21804,A,N,A,H,-,A,A,0,Y,A,01,0,0,1,0,0,0,0,0,0,-,-,BERKELEY,ALAMEDA,CA,0,0
6535851,-122.274231,37.8538933,2014,0103,0,5,4,09,0,1,A,Y,,,,,1800,5,A,C,F,"ASHBY AV","KING ST",0,,Y,2014-07-25,103,2014-05-30,1740,28,40,5,6,0,0,,0,011,-,N,,0,13,,,0,,,,N,3,A,-,21801,A,N,A,H,-,A,A,0,Y,A,01,0,0,1,0,1,0,0,0,0,-,-,BERKELEY,ALAMEDA,CA,0,0
6535848,-122.2886505,37.8743477,2014,0103,0,5,3,00,0,1,B,Y,,,,,600,5,D,B,E,"CHESTNUT ST","VIRGINIA ST",85,N,N,2014-07-25,103,2014-05-09,528,112,22,5,6,0,0,,0,018,-,N,,0,0,,,0,,,,N,3,A,-,20001,A,F,A,H,-,D,D,0,Y,-,99,0,1,0,0,1,0,0,0,0,-,-,BERKELEY,ALAMEDA,CA,0,0
6535847,-122.2949448,37.8806648,2014,0103,0,5,3,09,0,1,A,,,,,,1800,5,D,C,A,"GILMAN ST","KAINS AV",0,,Y,2014-07-25,103,2014-05-30,1729,153,19,5,6,0,0,,0,017,-,N,,0,80,,,0,,,,Y,4,A,-,21802,A,N,A,H,-,A,A,0,Y,A,01,0,1,0,0,0,0,0,0,0,-,-,BERKELEY,ALAMEDA,CA,0,0
6535844,-122.2719955,37.8624649,2014,0103,0,4,4,08,0,3,B,,,,,,1800,5,D,C,A,"MARTIN LUTHER KING JR WY","BLAKE ST",0,,Y,2014-07-25,103,2014-05-08,1640,8,34,5,6,0,0,,0,005,-,N,,0,13,,,0,,,,N,2,A,-,22101,D,N,A,H,-,A,A,0,Y,A,07,0,0,3,0,0,0,0,0,0,-,-,BERKELEY,ALAMEDA,CA,0,0
6535843,-122.2688828,37.8757782,2014,0103,0,4,4,17,0,1,A,,Y,,,,1800,5,E,G,A,"SHATTUCK AV","FRANCISCO ST",41,N,N,2014-07-29,103,2014-05-29,1703,S31,24,5,6,0,0,,0,003,-,N,,0,0,,,0,,,,N,2,A,-,22517,,N,A,H,-,A,A,0,Y,A,01,0,0,1,0,0,0,1,0,0,-,-,BERKELEY,ALAMEDA,CA,0,0
6535595,-122.2665863,37.8556671,2014,0103,0,5,4,08,0,1,B,,,,Y,,1800,5,B,E,A,"SHATTUCK AV","ASHBY AV",144,N,N,2014-08-05,103,2014-05-02,1546,20,39,5,6,0,0,,0,010,-,N,,0,0,,,0,,,,N,2,A,-,22107,,F,A,H,-,A,D,0,Y,F,25,0,0,1,0,0,0,0,0,0,-,-,BERKELEY,ALAMEDA,CA,0,0
6530453,-122.2561951,37.8616562,2014,0103,0,1,4,03,0,1,A,,,,,,2400,5,A,E,A,"DERBY ST","HILLEGASS AV",0,,Y,2015-03-24,103,2014-05-26,2109,111,36,5,6,0,0,,0,009,-,N,,0,0,,,0,,,,Y,2,A,-,22350,,N,A,H,-,C,A,0,Y,A,01,0,0,1,0,0,0,0,0,0,-,-,BERKELEY,ALAMEDA,CA,0,0
6527061,-122.2484402,37.8578953,2014,0103,0,6,3,-,0,1,A,Y,,,,Y,2100,3,G,B,D,"ASHBY AV","PINE AV",7,E,N,2016-03-16,103,2014-03-15,1913,30,37,5,6,0,0,,0,008,-,Y,ALA,4,13,-,-,10.96,I,5,N,N,2,A,-,0,,N,A,H,-,B,D,0,Y,A,01,0,1,0,0,1,0,0,0,0,-,-,BERKELEY,ALAMEDA,CA,0,0
6527057,-122.2789383,37.8895645,2014,0103,0,6,3,03,0,4,A,,,,,,1500,3,E,I,A,"MARIN AV","COLUSA AV",6,W,N,2014-07-08,103,2014-03-15,1422,128,13,5,6,0,0,,0,001,-,N,,0,0,,,0,,,,N,1,A,-,22350,,N,A,H,-,A,A,0,Y,A,01,0,1,3,0,0,0,0,0,0,-,-,BERKELEY,ALAMEDA,CA,0,0
6527053,-122.2555313,37.8567619,2014,0103,0,6,4,04,0,2,F,,,,,,1800,3,C,C,A,"HILLEGASS AV","ASHBY AV",18,N,N,2014-07-08,103,2014-03-15,1506,40,36,5,6,0,0,,0,009,-,N,,0,0,,,0,,,,N,3,A,-,21703,,N,A,H,-,A,D,0,Y,A,01,0,0,2,0,0,0,0,0,0,-,-,BERKELEY,ALAMEDA,CA,0,0
6527049,-122.2794037,37.8897171,2014,0103,0,4,4,09,0,1,A,,,,,,1800,3,B,C,A,"MARIN AV","COLUSA AV",151,W,N,2014-07-08,103,2014-03-13,1528,59,13,5,6,0,0,,0,001,-,N,,0,0,,,0,,,,Y,2,A,-,21804,A,N,A,H,-,A,D,0,Y,A,01,0,0,1,0,0,0,0,0,0,-,-,BERKELEY,ALAMEDA,CA,0,0
6527045,-122.2882919,37.8695374,2014,0103,0,4,3,03,0,1,A,,,Y,,,900,3,C,C,A,"UNIVERSITY AV","CHESTNUT ST",24,E,N,2014-07-08,103,2014-03-13,833,56,22,5,6,0,0,,0,018,-,N,,0,0,,,0,,,,N,3,A,-,22350,,N,A,H,-,A,D,0,Y,A,01,0,1,0,0,0,0,0,0,1,-,-,BERKELEY,ALAMEDA,CA,0,0
6527041,0,0,2014,0103,0,4,3,03,0,1,A,,Y,,,,300,3,E,G,A,"9TH ST","HEINZ AV",287,S,N,2014-07-08,103,2014-03-13,144,54,20,5,6,0,0,,0,015,-,N,,0,0,,,0,,,,N,1,A,-,22350,,N,A,H,-,C,D,0,Y,L,04,0,1,0,0,0,0,1,0,0,-,-,BERKELEY,ALAMEDA,CA,0,0
6526457,-122.2698517,37.8633881,2014,0103,0,3,3,17,0,1,A,,Y,,,,1500,3,B,G,A,"MILVIA ST","DWIGHT WY",90,S,N,2014-07-08,103,2014-03-12,1230,8,29,5,6,0,0,,0,005,-,N,,0,0,,,0,,,,N,2,A,-,22517,,N,A,H,-,A,D,0,Y,A,01,0,1,0,0,0,0,1,0,0,-,-,BERKELEY,ALAMEDA,CA,0,0
6526453,-122.2769502,37.8535636,2014,0103,0,3,3,10,0,1,A,Y,,,,,900,3,G,B,B,"CALIFORNIA ST","RT 13",0,,Y,2015-11-12,103,2014-03-12,856,35,35,5,6,0,0,,0,012,-,Y,ALA,4,13,-,-,12.64,I,5,N,N,2,A,-,21950,A,N,A,H,-,A,A,0,Y,A,01,0,1,0,0,1,0,0,0,0,-,-,BERKELEY,ALAMEDA,CA,0,0
6526449,0,0,2014,0103,0,2,4,03,0,4,A,,,,,,1200,3,B,C,A,"UPLAND AV","CLAREMONT AV",73,E,N,2014-07-08,103,2014-03-11,1018,120,38,5,6,0,0,,0,008,-,N,,0,0,,,0,,,,Y,2,A,-,22350,,N,A,H,-,A,D,0,Y,A,08,0,0,4,0,0,0,0,0,0,-,-,BERKELEY,ALAMEDA,CA,0,0
6526445,-122.2787041,37.8533429,2014,0103,0,7,3,01,0,2,A,,,,,Y,2400,3,A,C,A,"ASHBY AV","SACRAMENTO ST",132,E,N,2016-03-05,103,2014-03-09,2219,84,40,5,6,0,0,,0,011,-,Y,ALA,4,13,-,-,12.74,H,-,S,N,3,A,-,23152,A,N,A,H,-,C,D,0,Y,A,01,0,1,1,0,0,0,0,0,0,-,-,BERKELEY,ALAMEDA,CA,0,0
6526441,-122.2774734,37.8700066,2014,0103,0,7,4,00,0,1,A,,Y,,,,2100,3,D,G,A,"MCGEE AV","ADDISON ST",0,,Y,2014-07-09,103,2014-03-09,1944,98,30,5,6,0,0,,0,004,-,N,,0,0,,,0,,,,N,2,D,-,0,,N,A,H,-,A,D,0,Y,-,-,0,0,1,0,0,0,1,0,0,-,-,BERKELEY,ALAMEDA,CA,0,0
6526437,-122.2614822,37.8684235,2014,0103,0,5,4,10,0,1,A,Y,,,,,1800,3,G,B,B,"BANCROFT WY","DANA ST",0,,Y,2014-07-08,103,2014-03-07,1547,47,28,5,6,0,0,,0,006,-,N,,0,0,,,0,,,,N,2,A,-,21950,A,N,A,H,-,A,A,0,Y,A,01,0,0,1,0,1,0,0,0,0,-,-,BERKELEY,ALAMEDA,CA,0,0
6526433,-122.2867355,37.8521347,2014,0103,0,2,4,06,0,1,B,,Y,,,,1200,3,B,G,A,"ASHBY AV","SAN PABLO AV",15,E,N,2014-07-09,103,2014-03-04,1131,144,20,5,6,0,0,,0,013,-,N,,0,13,,,0,,,,N,2,A,-,21750,,N,A,H,-,A,A,0,Y,A,01,0,0,1,0,0,0,1,0,0,-,-,BERKELEY,ALAMEDA,CA,0,0
6526429,-122.2698822,37.863636,2014,0103,0,2,3,09,0,1,B,,Y,,,,1800,3,D,G,A,"DWIGHT WY","MILVIA ST",0,,Y,2014-07-08,103,2014-03-04,1634,8,29,5,6,0,0,,0,003,-,N,,0,0,,,0,,,,N,2,A,-,21802,A,N,A,H,-,A,A,0,Y,A,01,0,1,0,0,0,0,1,0,0,-,-,BERKELEY,ALAMEDA,CA,0,0
6526425,-122.2729034,37.8706055,2014,0103,0,3,4,-,0,1,C,,Y,,,,2100,3,D,G,A,"MARTIN LUTHER KING JR WY","ADDISON ST",0,,Y,2014-07-08,103,2014-03-05,1803,16,32,5,6,0,0,,0,004,-,N,,0,13,,,0,,,,N,2,A,-,0,,N,B,H,-,B,A,0,Y,A,01,0,0,1,0,0,0,1,0,0,-,-,BERKELEY,ALAMEDA,CA,0,0
6526421,0,0,2014,0103,0,3,3,11,0,1,C,Y,,,,Y,2400,3,B,B,E,"COLLEGE ST","2622 COLLEGE ST",0,,Y,2014-07-08,103,2014-03-05,2204,88,36,5,6,0,0,,0,007,-,N,,0,0,,,0,,,,N,2,A,-,21956,,N,B,H,-,C,A,0,Y,N,60,0,1,0,0,1,0,0,0,0,-,-,BERKELEY,ALAMEDA,CA,0,0
6526417,-122.2539139,37.8657265,2014,0103,0,7,4,10,0,1,A,Y,,,,,2100,3,B,B,B,"DWIGHT WY","COLLEGE AV",0,,Y,2014-07-08,103,2014-03-02,2046,40,37,5,6,0,0,,0,007,-,N,,0,0,,,0,,,,N,2,A,-,21950,A,N,A,H,-,D,A,0,Y,A,07,0,0,1,0,1,0,0,0,0,-,-,BERKELEY,ALAMEDA,CA,0,0
6524500,-122.307765,37.879479,2014,0103,1,5,3,07,0,1,A,,,Y,,,1500,5,F,J,A,"RT 80","GILMAN ST",300,E,N,2016-04-14,9370,2014-05-09,1430,20644,,2,6,0,1,,2,081,-,Y,ALA,4,80,-,-,6.74,H,-,W,Y,2,A,-,21658,A,F,A,H,-,A,D,6,Y,-,99,0,1,0,0,0,0,0,0,1,-,-,BERKELEY,ALAMEDA,CA,-122.1828,37.5247
6523675,-122.2738266,37.8500023,2014,0103,0,2,3,03,0,1,A,Y,Y,,,Y,900,3,H,B,E,"KING ST","FAIRVIEW ST",100,S,N,2014-07-08,103,2014-03-25,705,35,34,5,6,0,0,,0,011,-,N,,0,0,,,0,,,,N,2,A,-,22350,,F,A,H,-,A,A,0,Y,L,04,0,1,0,0,1,0,0,0,0,-,-,BERKELEY,ALAMEDA,CA,0,0
6523671,-122.2913895,37.8663559,2014,0103,0,2,4,09,0,4,A,,,,,,1800,3,D,C,A,"SAN PABLO AV","ALLSTON WY",0,,Y,2014-07-08,103,2014-03-25,1716,109,31,5,6,0,0,,0,016,-,N,,0,123,,,0,,,,N,2,A,-,21801,A,N,A,H,-,A,A,0,Y,A,01,0,0,4,0,0,0,0,0,0,-,-,BERKELEY,ALAMEDA,CA,0,0
6523663,-122.2895966,37.8694839,2014,0103,0,1,4,09,0,1,C,,,,,,1500,3,D,C,A,"UNIVERSITY AV","CURTIS ST",0,,Y,2014-07-08,103,2014-03-31,1311,56,22,5,6,0,0,,0,014,-,N,,0,0,,,0,,,,N,2,A,-,21802,A,F,B,H,-,A,A,0,Y,A,01,0,0,1,0,0,0,0,0,0,-,-,BERKELEY,ALAMEDA,CA,0,0
6523659,-122.2922821,37.8691254,2014,0103,0,1,4,03,0,1,A,,,,,,300,3,D,C,A,"UNIVERSITY AV","SAN PABLO AV",0,,Y,2014-07-08,103,2014-03-31,129,60,31,5,6,0,0,,0,018,-,N,,0,0,,,0,,,,Y,2,A,-,22350,,F,A,H,-,C,A,0,Y,A,01,0,0,1,0,0,0,0,0,0,-,-,BERKELEY,ALAMEDA,CA,0,0
6523655,-122.2586441,37.8660164,2014,0103,0,1,2,11,0,1,B,Y,,,,,1800,3,G,B,B,"HASTE ST","TELEGRAPH AV",0,,Y,2014-07-08,103,2014-03-31,1638,80,28,5,6,0,0,,0,006,-,N,,0,0,,,0,,,,N,2,A,-,21456,B,N,B,H,-,A,A,0,Y,N,60,1,0,0,0,1,0,0,0,0,-,-,BERKELEY,ALAMEDA,CA,0,0
6518664,-122.3066261,37.8762391,2014,0103,1,2,4,03,0,3,A,,,,,,1500,5,C,C,A,"RT 80","GILMAN ST",600,W,N,2016-04-19,9370,2014-05-20,1430,20279,,2,6,0,1,,2,081,-,Y,ALA,4,80,-,-,6.51,H,-,E,N,2,A,-,22350,,N,A,H,-,A,D,6,Y,A,07,0,0,3,0,0,0,0,0,0,-,-,BERKELEY,ALAMEDA,CA,-122.30642,37.87552
6517935,-122.3041774,37.8676461,2014,0103,1,4,4,03,0,1,A,,,,,,1800,5,C,C,A,"RT 80","UNIVERSITY AV",300,E,N,2016-04-14,9370,2014-05-29,1535,14952,,2,6,0,1,,2,081,-,Y,ALA,4,80,-,-,5.9,H,-,W,N,3,A,-,22350,,N,A,H,-,A,D,6,Y,D,22,0,0,1,0,0,0,0,0,0,-,-,BERKELEY,ALAMEDA,CA,-122.30424,37.86835
6513331,-122.2993164,37.8677101,2014,0103,0,3,4,05,0,1,A,,,,,,300,6,A,C,A,"UNIVERSITY AV","4TH ST",190,N,N,2015-01-02,103,2014-06-11,41,00001,,5,6,0,0,,0,,-,N,,0,0,,,0,,,,Y,2,A,-,21651,B,N,A,H,-,C,D,0,Y,A,01,0,0,1,0,0,0,0,0,0,-,-,BERKELEY,ALAMEDA,CA,-122.18196,37.52278
6511038,-122.2992704,37.8500142,2014,0103,1,3,4,03,0,1,A,,,,,,1800,5,C,C,A,"RT 80","ASHBY AV",969,W,N,2016-04-14,9370,2014-05-21,1615,017736,,2,6,0,1,,2,081,-,Y,ALA,4,80,-,-,4.63,H,-,W,Y,3,A,-,22350,,N,A,H,-,A,D,6,Y,A,01,0,0,1,0,0,0,0,0,0,-,-,BERKELEY,ALAMEDA,CA,-122.17586,37.51601
6508318,-122.2820816,37.8704453,2014,0103,0,7,3,05,0,1,A,,Y,,,,2400,3,B,G,A,"UNIVERSITY AV","SACRAMENTO ST",0,,Y,2014-07-08,103,2014-03-23,2112,140,30,5,6,0,0,,0,014,-,N,,0,0,,,0,,,,N,2,A,-,21650,1,N,A,H,-,C,A,0,Y,L,04,0,1,0,0,0,0,1,0,0,-,-,BERKELEY,ALAMEDA,CA,0,0
6508314,-122.2700958,37.8654633,2014,0103,0,6,4,08,0,1,A,,,,,,1800,3,A,C,A,"CHANNING WY","MILVIA ST",0,,Y,2014-07-08,103,2014-03-22,1731,126,29,5,6,0,0,,0,005,-,N,,0,0,,,0,,,,N,2,A,-,22107,,N,A,H,-,A,D,0,Y,A,01,0,0,1,0,0,0,0,0,0,-,-,BERKELEY,ALAMEDA,CA,0,0
6508310,-122.2607346,37.8648338,2014,0103,0,5,4,12,0,1,A,,Y,,,,1200,3,D,G,A,"DWIGHT WY","DANA ST",0,,Y,2014-07-08,103,2014-03-21,1131,119,28,5,6,0,0,,0,006,-,N,,0,0,,,0,,,,N,2,A,-,21453,A,N,A,H,-,A,A,0,Y,L,04,0,0,1,0,0,0,1,0,0,-,-,BERKELEY,ALAMEDA,CA,0,0
6508306,-122.3005066,37.8766327,2014,0103,0,4,4,03,0,1,A,,,,,,1800,3,C,C,A,"6TH ST","PAGE ST",75,N,N,2014-07-08,103,2014-03-20,1642,109,21,5,6,0,0,,0,017,-,N,,0,0,,,0,,,,N,2,A,-,22350,,N,A,H,-,A,D,0,Y,A,01,0,0,1,0,0,0,0,0,0,-,-,BERKELEY,ALAMEDA,CA,0,0
6508302,-122.2584076,37.8651352,2014,0103,0,2,4,09,0,1,A,,,,,,1200,3,D,C,A,"DWIGHT WY","TELEGRAPH AV",25,E,N,2014-07-08,103,2014-03-18,1146,37,26,5,6,0,0,,0,007,-,N,,0,0,,,0,,,,Y,3,A,-,21804,A,N,A,H,-,A,A,0,Y,A,07,0,0,1,0,0,0,0,0,0,-,-,BERKELEY,ALAMEDA,CA,0,0
6508299,-122.2714691,37.8573456,2014,0103,0,5,4,08,0,1,A,,,,,,2100,3,C,E,A,"MARTIN LUTHER KING JR WY","OREGON ST",110,N,N,2015-03-03,103,2014-03-21,2024,84,34,5,6,0,0,,0,012,-,N,,0,13,,,0,,,,Y,2,A,-,22107,,N,A,H,-,C,D,0,Y,A,01,0,0,1,0,0,0,0,0,0,-,-,BERKELEY,ALAMEDA,CA,0,0
6508298,-122.2933884,37.8725662,2014,0103,0,2,4,10,0,1,A,Y,,,,,1500,3,A,B,B,"SAN PABLO AV","FRANCISCO ST",3,S,N,2014-07-08,103,2014-03-18,1249,59,21,5,6,0,0,,0,017,-,N,,0,123,,,0,,,,N,2,A,-,21950,A,N,A,H,-,A,A,0,Y,A,01,0,0,1,0,1,0,0,0,0,-,-,BERKELEY,ALAMEDA,CA,0,0