CASEID,POINT_X,POINT_Y,YEAR_,LOCATION,CHPTYPE,DAYWEEK,CRASHSEV,VIOLCAT,KILLED,INJURED,WEATHER1,PEDCOL,BICCOL,MCCOL,TRUCKCOL,ETOH,TIMECAT,MONTH_,CRASHTYP,INVOLVE,PED,PRIMARYRD,SECONDRD,DISTANCE,DIRECT,INTERSECT_,PROCDATE,JURIS,DATE_,TIME_,BADGE,JURIDIST,SHIFT,POP,SPECIAL,BEATTYPE,LAPDDIV,BEATCLAS,BEATNUMB,WEATHER2,STATEHW,CALTRANC,CALTRAND,STROUTE,ROUTESUF,POSTPRE,POSTMILE,LOCATYPE,RAMP,SIDEHW,TOWAWAY,PARTIES,PCF,VIOLCODE,VIOL,VIOLSUB,HITRUN,ROADSURF,RDCOND1,RDCOND2,LIGHTING,RIGHTWAY,CHPRDTYP,NOTPRIV,STFAULT,CHPFAULT,SEVINJ,OTHERINJ,COP,PEDKILL,PEDINJ,BICKILL,BICINJ,MCKILL,MCINJURE,RAMP1,RAMP2,CITY,COUNTY,STATE,X_CHP,Y_CHP
6998051,-122.2494736,37.8529358,2015,0103,0,2,2,17,0,1,A,,Y,,,,900,5,B,E,A,"CLAREMONT AV","BROOKSIDE AV",0,,Y,2015-07-21,103,2015-05-05,749,85,38,5,6,0,0,,0,008,-,N,,0,0,,,0,,,,N,2,A,-,22517,,N,A,H,-,A,D,0,Y,A,01,1,0,0,0,0,0,1,0,0,-,-,BERKELEY,ALAMEDA,CA,0,0
6998055,-122.2986603,37.8743057,2015,0103,0,1,3,12,0,4,A,,,,,,2100,5,B,C,A,"7TH ST","CEDAR ST",0,,Y,2015-07-24,103,2015-05-04,2023,135,21,5,6,0,0,,0,004,-,N,,0,0,,,0,,,,N,3,A,-,22450,A,N,A,H,-,B,A,0,Y,A,01,0,2,2,0,0,0,0,0,0,-,-,BERKELEY,ALAMEDA,CA,0,0
6999077,-122.300061,37.8530756,2015,0103,1,3,4,07,0,1,A,,,Y,,,1800,7,B,C,A,"RT 80","ASHBY AV",2112,E,N,2017-01-11,9370,2015-07-01,1607,19866,,2,6,0,1,,2,081,-,Y,ALA,4,80,-,-,4.85,H,-,W,Y,3,A,-,21658,A,N,A,H,-,A,D,6,Y,C,02,0,0,1,0,0,0,0,0,1,-,-,BERKELEY,ALAMEDA,CA,-122.30098,37.85665
7001269,-122.2907944,37.8645782,2015,0103,0,6,3,08,0,1,A,,,,,,1500,5,C,C,A,"SAN PABLO AV","BANCROFT WY",14,S,N,2015-07-23,103,2015-05-30,1303,108,20,5,6,0,0,,0,013,-,N,,0,123,,,0,,,,N,3,A,-,22107,,N,A,H,-,A,D,0,Y,A,01,0,1,0,0,0,0,0,0,0,-,-,BERKELEY,ALAMEDA,CA,0,0
7001277,-122.2692261,37.8546333,2015,0103,0,6,4,03,0,1,A,,,,,,2400,5,C,C,A,"ADELINE ST","ASHBY AV",0,,N,2015-07-23,103,2015-05-30,2207,84,35,5,6,0,0,,0,010,-,N,,0,0,,,0,,,,N,2,A,-,22350,,N,A,H,-,C,A,0,Y,A,01,0,0,1,0,0,0,0,0,0,-,-,BERKELEY,ALAMEDA,CA,0,0
7002486,-122.2670135,37.857605,2015,0103,0,6,4,21,0,1,B,Y,,,,,1500,5,G,B,E,"OREGON ST","SHATTUCK AV",47,W,N,2015-07-27,103,2015-05-23,1353,57,35,5,6,0,0,,0,010,-,N,,0,0,,,0,,,,N,2,A,-,22106,,N,A,H,-,A,D,0,Y,A,01,0,0,1,0,1,0,0,0,0,-,-,BERKELEY,ALAMEDA,CA,0,0
7002490,-122.2882184,37.8570723,2015,0103,0,6,4,21,0,1,A,,,,,,1200,5,B,C,A,"RT 123","WARD ST",80,N,N,2016-12-10,103,2015-05-23,1152,108,20,5,6,0,0,,0,013,-,Y,ALA,4,123,-,-,2.28,H,-,N,N,2,A,-,22106,,F,A,H,-,A,D,0,Y,A,07,0,0,1,0,0,0,0,0,0,-,-,BERKELEY,ALAMEDA,CA,0,0
7002494,-122.2861456,37.8505617,2015,0103,0,5,3,08,0,1,A,,Y,,,,2100,5,B,G,A,"RT 123","HASKELL ST",0,,Y,2016-12-10,103,2015-05-22,1847,108,20,5,6,0,0,,0,013,-,Y,ALA,4,123,-,-,1.81,I,5,N,N,2,A,-,22107,,N,A,H,-,A,D,0,Y,A,01,0,1,0,0,0,0,1,0,0,-,-,BERKELEY,ALAMEDA,CA,0,0
7002502,-122.2706223,37.8699837,2015,0103,0,3,4,10,0,1,B,Y,,,,,1800,5,G,B,B,"MILVIA ST","CENTER ST",0,,Y,2015-07-24,103,2015-05-20,1730,123,29,5,6,0,0,,0,006,-,N,,0,0,,,0,,,,N,2,A,-,21950,A,N,A,H,-,A,A,0,Y,A,01,0,0,1,0,1,0,0,0,0,-,-,BERKELEY,ALAMEDA,CA,0,0
7002506,0,0,2015,0103,0,2,2,00,0,1,A,,Y,,,,900,5,H,G,A,"LA LOMA AV","QUARRY ST",100,W,N,2015-07-24,103,2015-05-19,600,7,16,5,6,0,0,,0,001,-,N,,0,0,,,0,,,,N,2,A,-,21760,B,F,A,H,-,B,D,0,Y,A,01,1,0,0,0,0,0,1,0,0,-,-,BERKELEY,ALAMEDA,CA,0,0
7002514,-122.2578888,37.8578873,2015,0103,0,4,4,01,0,1,B,,Y,,,Y,2400,5,B,G,A,"RUSSELL ST","FLORENCE ST",186,E,N,2015-07-24,103,2015-05-28,2141,22,36,5,6,0,0,,0,007,-,N,,0,0,,,0,,,,N,2,A,-,23152,A,F,A,H,-,C,D,0,Y,A,01,0,0,1,0,0,0,1,0,0,-,-,BERKELEY,ALAMEDA,CA,0,0
7002518,-122.2990799,37.8677483,2015,0103,0,4,3,03,0,2,A,,,,,,2100,5,C,C,A,"UNIVERSITY AV","6TH ST",400,W,N,2015-07-24,103,2015-05-28,1933,121,20,5,6,0,0,,0,014,-,N,,0,0,,,0,,,,N,2,A,-,22350,,N,A,H,-,A,D,0,Y,A,01,0,1,1,0,0,0,0,0,0,-,-,BERKELEY,ALAMEDA,CA,0,0
7002963,-122.2711945,37.8496857,2015,0103,0,2,4,08,0,1,B,,Y,Y,,,2100,6,B,G,A,"ADELINE ST","HARMON ST",0,,Y,2015-08-14,103,2015-06-09,1930,76,40,5,6,0,0,,0,011,-,N,,0,0,,,0,,,,N,2,A,-,22107,,N,A,H,-,A,D,0,Y,C,02,0,0,1,0,0,0,1,0,0,-,-,BERKELEY,ALAMEDA,CA,0,0
7002967,-122.2782898,37.8496666,2015,0103,0,1,4,03,0,1,A,,,,,,1800,6,C,C,A,"SACRAMENTO ST","FAIRVIEW ST",0,,Y,2015-08-05,103,2015-06-08,1721,8,40,5,6,0,0,,0,011,-,N,,0,13,,,0,,,,N,2,A,-,22350,,N,A,H,-,A,D,0,Y,A,07,0,0,1,0,0,0,0,0,0,-,-,BERKELEY,ALAMEDA,CA,0,0
7002971,-122.2718353,37.847374,2015,0103,0,3,4,09,0,2,A,,Y,,,,1800,6,A,C,A,"MARTIN LUTHER KING JR WY","ADELINE ST",58,S,N,2015-08-05,103,2015-06-10,1546,69,40,5,6,0,0,,0,011,-,N,,0,13,,,0,,,,Y,2,A,-,21801,A,N,A,H,-,A,A,0,Y,A,01,0,0,2,0,0,0,0,0,0,-,-,BERKELEY,ALAMEDA,CA,0,0
7002975,-122.3056641,37.8664131,2015,0103,0,3,4,03,0,1,B,,,,,,1800,6,C,C,A,"W FRONTAGE RD","UNIVERSITY AV",0,,Y,2015-08-05,103,2015-06-10,1529,59,20,5,6,0,0,,0,013,-,N,,0,0,,,0,,,,Y,2,A,-,22350,,N,A,H,-,A,D,0,Y,A,01,0,0,1,0,0,0,0,0,0,-,-,BERKELEY,ALAMEDA,CA,0,0
7002979,-122.2845383,37.8701401,2015,0103,0,4,3,08,0,1,A,,,,,,1200,6,B,E,A,"UNIVERSITY AV","ACTON ST",63,W,N,2015-08-14,103,2015-06-11,1128,81,22,5,6,0,0,,0,003,-,N,,0,0,,,0,,,,N,2,A,-,22107,,N,A,H,-,A,D,0,Y,A,01,0,1,0,0,0,0,0,0,0,-,-,BERKELEY,ALAMEDA,CA,0,0
7002983,-122.2695541,37.8820152,2015,0103,0,4,4,21,0,1,A,,Y,,,,900,6,D,G,A,"ROSE ST","SHATTUCK AV",0,,Y,2015-08-14,103,2015-06-11,813,5,17,5,6,0,0,,0,002,-,N,,0,0,,,0,,,,N,2,A,-,22106,,N,A,H,-,A,D,0,Y,A,01,0,0,1,0,0,0,1,0,0,-,-,BERKELEY,ALAMEDA,CA,0,0
7002987,-122.2685242,37.8727303,2015,0103,0,1,3,17,0,1,A,,Y,,,,1500,6,D,G,A,"SHATTUCK AV","UNIVERSITY AV",189,N,N,2015-08-05,103,2015-06-08,1237,100,24,5,6,0,0,,0,006,-,N,,0,0,,,0,,,,N,2,A,-,22517,,N,A,H,-,A,D,0,Y,A,01,0,1,0,0,0,0,1,0,0,-,-,BERKELEY,ALAMEDA,CA,0,0
7002991,-122.258873,37.8671494,2015,0103,0,5,4,07,0,2,A,,,,,,2100,6,B,C,A,"TELEGRAPH AV","CHANNING WY",86,N,N,2015-08-05,103,2015-06-05,2028,44,28,5,6,0,0,,0,007,-,N,,0,13,,,0,,,,N,3,A,-,21658,A,N,A,H,-,C,A,0,Y,A,01,0,0,2,0,0,0,0,0,0,-,-,BERKELEY,ALAMEDA,CA,0,0
7002995,-122.2760086,37.8884048,2015,0103,0,2,4,08,0,1,A,,,,,,1500,6,B,E,A,"MONTEREY AV","THE ALAMEDA AV",176,E,N,2015-08-05,103,2015-06-02,1315,106,12,5,6,0,0,,0,002,-,N,,0,0,,,0,,,,N,2,A,-,22107,,N,A,H,-,A,D,0,Y,A,01,0,0,1,0,0,0,0,0,0,-,-,BERKELEY,ALAMEDA,CA,0,0
7002999,-122.2719879,37.8623962,2015,0103,0,3,4,09,0,1,A,,,,,,1500,6,D,C,A,"MARTIN LUTHER KING JR WY","BLAKE ST",25,S,N,2015-08-05,103,2015-06-03,1425,37,35,5,6,0,0,,0,005,-,N,,0,13,,,0,,,,N,2,A,-,21804,A,N,A,H,-,A,A,0,Y,A,01,0,0,1,0,0,0,0,0,0,-,-,BERKELEY,ALAMEDA,CA,0,0
7003003,-122.2516708,37.8535156,2015,0103,0,5,3,08,0,1,A,,,,,,1800,6,B,C,A,"LEWISTON AV","WOOLSEY ST",160,S,N,2015-08-05,103,2015-06-05,1737,126,38,5,6,0,0,,0,008,-,N,,0,0,,,0,,,,Y,2,A,-,22107,,N,A,H,-,A,D,0,Y,A,01,0,1,0,0,0,0,0,0,0,-,-,BERKELEY,ALAMEDA,CA,0,0
7003007,-122.267395,37.8630562,2015,0103,0,1,3,12,0,1,A,,Y,,,,1200,6,D,G,A,"SHATTUCK AV","BLAKE ST",0,,Y,2015-08-05,103,2015-06-01,943,146,35,5,6,0,0,,0,009,-,N,,0,0,,,0,,,,N,2,A,-,22450,A,N,A,H,-,A,A,0,Y,L,04,0,1,0,0,0,0,1,0,0,-,-,BERKELEY,ALAMEDA,CA,0,0
7003008,-122.2423019,37.8531914,2015,0103,0,7,4,01,0,1,A,,,,,Y,2100,6,C,E,A,"THE UPLANDS","ROANOKE RD",194,E,N,2015-08-05,103,2015-06-14,2040,30,38,5,6,0,0,,0,008,-,N,,0,0,,,0,,,,Y,2,A,-,23152,F,N,A,H,-,D,D,0,Y,A,01,0,0,1,0,0,0,0,0,0,-,-,BERKELEY,ALAMEDA,CA,0,0
7003011,-122.2941208,37.880825,2015,0103,0,1,4,09,0,2,B,,,,,,900,6,D,C,A,"GILMAN ST","STANNAGE AV",0,,Y,2015-08-05,103,2015-06-01,826,101,19,5,6,0,0,,0,004,-,N,,0,80,,,0,,,,Y,2,A,-,21802,A,N,B,H,-,A,A,0,Y,A,01,0,0,2,0,0,0,0,0,0,-,-,BERKELEY,ALAMEDA,CA,0,0
7003016,-122.2518463,37.8668137,2015,0103,0,2,3,00,0,1,A,,Y,,,,1800,6,A,G,A,"PIEDMONT AV","HASTE ST",0,,Y,2015-08-12,103,2015-06-16,1706,80,27,5,6,0,0,,0,008,-,N,,0,0,,,0,,,,N,2,A,-,22801,A,N,A,H,-,A,D,0,Y,A,01,0,1,0,0,0,0,1,0,0,-,-,BERKELEY,ALAMEDA,CA,0,0
7003024,-122.2673721,37.862133,2015,0103,0,2,4,03,0,1,A,,,,,,1500,6,C,C,A,"PARKER ST","SHATTUCK AV",26,W,N,2015-08-05,103,2015-06-16,1329,21,35,5,6,0,0,,0,009,-,N,,0,0,,,0,,,,N,2,A,-,22350,,N,A,D,-,A,A,0,Y,M,44,0,0,1,0,0,0,0,0,0,-,-,BERKELEY,ALAMEDA,CA,0,0
7003028,-122.2606277,37.8666878,2015,0103,0,6,3,00,0,1,A,,Y,,,Y,300,6,H,J,A,"CHANNING WY","TELEGRAPH AV",528,W,N,2015-08-05,103,2015-06-13,224,30,28,5,6,0,0,,0,007,-,N,,0,0,,,0,,,,N,2,D,-,0,,F,A,H,-,C,D,0,Y,-,-,0,1,0,0,0,0,0,0,0,-,-,BERKELEY,ALAMEDA,CA,0,0
7003032,-122.2982254,37.8693275,2015,0103,0,7,4,01,0,2,A,,,,,Y,2100,6,C,D,A,"HEARST AV","6TH ST",12,S,N,2015-08-05,103,2015-06-14,1904,2,21,5,6,0,0,,0,014,-,N,,0,123,,,0,,,,N,2,A,-,23153,A,N,A,H,-,A,A,0,Y,A,08,0,0,2,0,0,0,0,0,0,-,-,BERKELEY,ALAMEDA,CA,0,0
7003036,-122.2534084,37.8569749,2015,0103,0,7,4,04,0,1,A,,,,,,1800,6,C,C,A,"ASHBY AV","COLLEGE AV",120,W,N,2016-12-20,103,2015-06-14,1540,44,39,5,6,0,0,,0,008,-,Y,ALA,4,13,-,-,11.25,H,-,S,N,2,A,-,21703,,N,A,H,-,A,A,0,Y,A,01,0,0,1,0,0,0,0,0,0,-,-,BERKELEY,ALAMEDA,CA,0,0
7003040,-122.2867843,37.8521338,2015,0103,0,6,3,03,0,3,A,,,,,,1800,6,C,C,A,"RT 123","RT 13",25,N,N,2016-12-10,103,2015-06-13,1647,108,20,5,6,0,0,,0,013,-,Y,ALA,4,123,-,-,1.92,H,-,S,Y,3,A,-,22350,,N,A,H,-,A,A,0,Y,A,01,0,1,2,0,0,0,0,0,0,-,-,BERKELEY,ALAMEDA,CA,0,0
7004741,-122.2986195,37.8472119,2015,0103,1,3,4,03,0,1,A,,,,,,1200,7,C,C,A,"RT 80","ASHBY AV",100,W,N,2017-01-11,9370,2015-07-22,1055,20939,,1,6,0,1,,2,081,-,Y,ALA,4,80,-,-,4.43,H,-,W,Y,3,A,-,22350,,N,A,A,-,A,D,6,Y,A,01,0,0,1,0,0,0,0,0,0,-,-,BERKELEY,ALAMEDA,CA,-122.17547,37.50484
7005025,-122.3069085,37.8764761,2015,0103,1,3,4,03,0,1,A,,,,,,1800,7,C,C,A,"RT 80","GILMAN ST",500,W,N,2017-01-11,9370,2015-07-08,1543,019866,,2,6,0,1,,2,081,-,Y,ALA,4,80,-,-,6.53,H,-,W,Y,4,A,-,22350,,N,A,H,-,A,D,6,Y,A,01,0,0,1,0,0,0,0,0,0,-,-,BERKELEY,ALAMEDA,CA,-122.1824,37.5231
7010924,-122.2862244,37.8505135,2015,0103,0,4,4,10,0,1,A,Y,,,,,1800,6,G,B,B,"SAN PABLO AV","HASKELL ST",0,,Y,2015-08-07,103,2015-06-25,1620,26,20,5,6,0,0,,0,013,-,N,,0,123,,,0,,,,N,2,A,-,21950,A,N,A,H,-,A,A,0,Y,D,22,0,0,1,0,1,0,0,0,0,-,-,BERKELEY,ALAMEDA,CA,0,0
7010925,-122.2597198,37.8561859,2015,0103,0,5,4,22,0,1,A,,,,,,1200,6,B,C,A,"TELEGRAPH AV","ASHBY AV",0,,Y,2015-08-10,103,2015-06-26,1111,12,12,5,6,0,0,,0,008,-,N,,0,13,,,0,,,,Y,2,B,-,0,,N,A,H,-,A,A,0,Y,A,01,0,0,1,0,0,0,0,0,0,-,-,BERKELEY,ALAMEDA,CA,0,0
7010926,-122.2528992,37.857048,2015,0103,0,3,4,03,0,1,A,,,,,,1200,6,C,C,A,"W ASHBY AV","N COLLEGE AV",48,E,N,2015-08-07,103,2015-06-24,1050,149,29,5,6,0,0,,0,008,-,N,,0,0,,,0,,,,N,3,A,-,22350,,N,A,H,-,A,A,0,Y,A,01,0,0,1,0,0,0,0,0,0,-,-,BERKELEY,ALAMEDA,CA,0,0
7010928,-122.2845459,37.8910866,2015,0103,0,2,4,10,0,1,A,Y,,,,Y,1500,6,G,B,B,"SOLANO AV","ORDWAY ST",0,,Y,2015-08-07,103,2015-06-23,1444,69,13,5,6,0,0,,0,001,-,N,,0,0,,,0,,,,N,2,A,-,21950,A,N,A,H,-,C,A,0,Y,A,01,0,0,1,0,1,0,0,0,0,-,-,BERKELEY,ALAMEDA,CA,0,0
7010929,-122.2977448,37.8680344,2015,0103,0,7,4,12,0,2,A,,,,,,2100,6,D,C,A,"6TH ST","UNIVERSITY AV",0,,Y,2015-08-10,103,2015-06-21,2057,2,32,5,6,0,0,,0,014,-,N,,0,0,,,0,,,,N,2,A,-,21453,A,N,A,H,-,C,A,0,Y,A,07,0,0,2,0,0,0,0,0,0,-,-,BERKELEY,ALAMEDA,CA,0,0
7010930,-122.2769502,37.8535636,2015,0103,0,6,4,09,0,1,A,,Y,,,,1200,6,D,G,A,"CALIFORNIA ST","ASHBY AV",0,,Y,2016-12-13,103,2015-06-20,955,152,11,5,6,0,0,,0,011,-,Y,ALA,4,13,-,-,12.64,I,5,N,N,2,A,-,21802,A,N,A,H,-,A,A,0,Y,L,04,0,0,1,0,0,0,1,0,0,-,-,BERKELEY,ALAMEDA,CA,0,0
7010931,-122.2719955,37.8624649,2015,0103,0,4,4,09,0,1,A,,Y,,,,2100,6,D,G,A,"BLAKE ST","MARTIN LUTHER KING JR WY",0,,Y,2015-08-07,103,2015-06-18,1858,8,35,5,6,0,0,,0,005,-,N,,0,0,,,0,,,,N,2,A,-,21802,A,N,A,H,-,A,A,0,Y,L,04,0,0,1,0,0,0,1,0,0,-,-,BERKELEY,ALAMEDA,CA,0,0
7010932,-122.2677994,37.8639107,2015,0103,0,3,4,03,0,2,A,,,,,Y,1200,6,C,C,A,"DWIGHT WY","SHATTUCK AV",95,W,N,2015-08-10,103,2015-06-17,951,85,29,5,6,0,0,,0,005,-,N,,0,0,,,0,,,,N,3,A,-,22350,,N,A,H,-,A,A,0,Y,A,01,0,0,2,0,0,0,0,0,0,-,-,BERKELEY,ALAMEDA,CA,0,0
7010933,-122.2693405,37.8796577,2015,0103,0,3,4,17,0,1,A,,Y,,,,1200,6,H,G,A,"SHATTUCK AV","VINE ST",200,S,N,2015-08-07,103,2015-06-17,906,144,17,5,6,0,0,,0,002,-,N,,0,0,,,0,,,,N,2,A,-,22517,,N,A,H,-,A,D,0,Y,A,01,0,0,1,0,0,0,1,0,0,-,-,BERKELEY,ALAMEDA,CA,0,0
7010934,-122.2765732,37.8888741,2015,0103,0,3,4,01,0,1,A,,,,,Y,300,6,H,C,A,"THE ALAMEDA","MARIN AV",0,,Y,2015-08-07,103,2015-06-17,155,62,12,5,6,0,0,,0,001,-,N,,0,0,,,0,,,,Y,3,A,-,23153,A,F,A,H,-,C,A,0,Y,A,01,0,0,1,0,0,0,0,0,0,-,-,BERKELEY,ALAMEDA,CA,0,0
7012313,-122.3031134,37.8640328,2015,0103,1,7,3,01,0,3,A,,,,,Y,300,7,C,C,A,"RT 80","UNIVERSITY AV",1070,W,N,2017-01-11,9370,2015-07-19,55,21046,,3,6,0,1,,2,081,-,Y,ALA,4,80,-,-,5.64,H,-,W,Y,3,A,-,23152,A,M,A,H,-,C,D,6,Y,A,01,0,2,1,0,0,0,0,0,0,-,-,BERKELEY,ALAMEDA,CA,-122.3032,37.86389
7015855,-122.3008507,37.8559913,2015,0103,1,7,3,07,0,2,A,,,,,,300,7,B,C,A,"RT 80","ASHBY AV",3204,E,N,2017-01-11,9370,2015-07-19,105,021046,,3,6,0,1,,2,081,-,Y,ALA,4,80,-,-,5.06,H,-,W,Y,2,A,-,21658,A,N,A,H,-,C,D,6,Y,A,01,0,1,1,0,0,0,0,0,0,-,-,BERKELEY,ALAMEDA,CA,-122.30163,37.85764
7015863,-122.3055299,37.8728882,2015,0103,1,7,4,03,0,1,A,,,,,,1800,7,C,C,A,"RT 80","GILMAN ST",1848,W,N,2017-01-11,9370,2015-07-19,1520,021050,,2,6,0,1,,2,081,-,Y,ALA,4,80,-,-,6.27,H,-,E,Y,2,A,-,22350,,N,A,H,-,A,D,6,Y,A,01,0,0,1,0,0,0,0,0,0,-,-,BERKELEY,ALAMEDA,CA,-122.182,37.5223
7019560,-122.2698822,37.863636,2015,0103,0,4,3,12,0,1,A,,Y,,,,2400,7,D,G,A,"MILVIA ST","DWIGHT WY",0,,Y,2015-09-04,103,2015-07-30,2221,1,35,5,6,0,0,,0,009,-,N,,0,0,,,0,,,,N,2,A,-,22450,A,N,A,H,-,C,A,0,Y,L,04,0,1,0,0,0,0,1,0,0,-,-,BERKELEY,ALAMEDA,CA,0,0
7023675,-122.2676926,37.8657761,2015,0103,0,4,4,11,0,1,A,Y,,,,,1800,2,B,B,D,"SHATTUCK AV","CHANNING WY",0,,Y,2015-08-13,103,2015-02-05,1749,8,29,5,6,0,0,,0,006,-,N,,0,0,,,0,,,,N,2,A,-,21954,A,N,A,H,-,C,A,0,Y,N,60,0,0,1,0,1,0,0,0,0,-,-,BERKELEY,ALAMEDA,CA,0,0
7032206,-122.2973251,37.866703,2015,0103,0,5,3,01,0,1,A,,,,,Y,300,7,C,C,A,"6TH ST","ADDISON ST",0,,Y,2015-09-19,103,2015-07-31,125,62,32,5,6,0,0,,0,014,-,N,,0,0,,,0,,,,Y,4,A,-,23152,A,N,A,H,-,C,D,0,Y,A,07,0,1,0,0,0,0,0,0,0,-,-,BERKELEY,ALAMEDA,CA,0,0
7044203,-122.2855225,37.8523712,2015,0103,0,3,4,08,0,1,A,,,,,Y,2100,7,C,E,A,"ASHBY AV","SAN PABLO AV",375,E,N,2015-09-11,103,2015-07-01,1811,59,40,5,6,0,0,,0,013,-,N,,0,13,,,0,,,,Y,2,A,-,22107,,N,A,H,-,A,D,0,Y,A,07,0,0,1,0,0,0,0,0,0,-,-,BERKELEY,ALAMEDA,CA,0,0
7045673,-122.2600403,37.8576088,2015,0103,0,1,4,21,0,1,B,Y,,,,Y,1200,8,H,B,F,"RUSSELL ST","TELEGRAPH AV",157,W,N,2015-09-19,103,2015-08-03,1006,120,36,5,6,0,0,,0,007,-,N,,0,0,,,0,,,,N,2,A,-,22106,,N,A,H,-,A,D,0,Y,A,01,0,0,1,0,1,0,0,0,0,-,-,BERKELEY,ALAMEDA,CA,0,0
7045677,-122.2955856,37.8684654,2015,0103,0,6,4,03,0,3,A,,,,,,1500,8,C,C,A,"UNIVERSITY AV","8TH ST",0,,Y,2015-09-19,103,2015-08-01,1214,111,21,5,6,0,0,,0,014,-,N,,0,0,,,0,,,,Y,5,A,-,22350,,N,A,H,-,A,A,0,Y,A,01,0,0,3,0,0,0,0,0,0,-,-,BERKELEY,ALAMEDA,CA,0,0
7045681,0,0,2015,0103,0,3,4,08,0,1,A,,Y,,,,2400,7,B,G,A,"COLLEGE AV","DURANT AV",19,N,N,2015-09-10,103,2015-07-29,2108,80,28,5,6,0,0,,0,008,-,N,,0,0,,,0,,,,N,2,A,-,22100,B,N,A,H,-,C,A,0,Y,A,01,0,0,1,0,0,0,1,0,0,-,-,BERKELEY,ALAMEDA,CA,0,0
7045685,-122.2701874,37.8672943,2015,0103,0,1,4,10,0,1,A,Y,,,,,1800,7,B,B,B,"BANCROFT WY","MILVIA ST",22,E,N,2015-09-10,103,2015-07-27,1703,8,29,5,6,0,0,,0,005,-,N,,0,0,,,0,,,,N,2,A,-,21950,A,N,A,H,-,A,A,0,Y,A,01,0,0,1,0,1,0,0,0,0,-,-,BERKELEY,ALAMEDA,CA,0,0
7045689,-122.2912765,37.8665312,2015,0103,0,4,4,03,0,1,A,,,,,,1800,7,C,C,A,"SAN PABLO AV","ALLSTON WY",0,,Y,2017-01-21,103,2015-07-30,1757,135,31,5,6,0,0,,0,014,-,Y,ALA,4,123,-,-,2.96,H,-,N,N,2,A,-,22350,,N,A,H,-,A,A,0,Y,A,01,0,0,1,0,0,0,0,0,0,-,-,BERKELEY,ALAMEDA,CA,0,0
7045693,-122.2755051,37.873024,2015,0103,0,4,2,10,0,1,A,Y,,,,,1800,7,G,B,C,"HEARST AV","GRANT ST",0,,Y,2015-09-10,103,2015-07-30,1646,102,23,5,6,0,0,,0,003,-,N,,0,123,,,0,,,,N,2,A,-,21950,A,N,A,H,-,A,D,0,Y,A,01,1,0,0,0,1,0,0,0,0,-,-,BERKELEY,ALAMEDA,CA,0,0
7045705,-122.275856,37.8481445,2015,0103,0,7,4,08,0,1,A,,Y,,,,2100,7,D,G,A,"CALIFORNIA ST","ALCATRAZ AV",0,,Y,2015-09-10,103,2015-07-26,2000,79,40,5,6,0,0,,0,011,-,N,,0,0,,,0,,,,N,2,A,-,22107,,N,A,H,-,A,D,0,Y,L,04,0,0,1,0,0,0,1,0,0,-,-,BERKELEY,ALAMEDA,CA,0,0
7045709,-122.2568128,37.8565404,2015,0103,0,2,4,-,0,1,A,,,Y,,,1800,7,H,C,A,"ASHBY AV","REGENT ST",0,,Y,2016-12-22,103,2015-07-21,1527,9,23,5,6,0,0,,0,007,-,Y,ALA,4,13,-,-,11.45,I,5,S,N,2,-,-,0,,F,A,H,-,A,A,0,Y,-,-,0,0,1,0,0,0,0,0,1,-,-,BERKELEY,ALAMEDA,CA,0,0
7045713,-122.2705307,37.8800659,2015,0103,0,7,3,10,0,1,A,Y,,,,,2100,7,G,B,B,"HENRY ST","VINE ST",0,,Y,2015-09-10,103,2015-07-26,1853,127,17,5,6,0,0,,0,002,-,N,,0,0,,,0,,,,N,2,A,-,21950,A,N,A,H,-,A,A,0,Y,A,07,0,1,0,0,1,0,0,0,0,-,-,BERKELEY,ALAMEDA,CA,0,0
7045717,-122.2523804,37.8695946,2015,0103,0,6,3,03,0,1,A,,,,,,2400,7,B,E,A,"BANCROFT WY","PIEDMONT AV",0,,Y,2015-09-10,103,2015-07-25,2257,30,27,5,6,0,0,,0,008,-,N,,0,0,,,0,,,,Y,3,A,-,22350,,N,A,H,-,C,D,0,Y,A,01,0,1,0,0,0,0,0,0,0,-,-,BERKELEY,ALAMEDA,CA,0,0
7045721,-122.2934036,37.8688965,2015,0103,0,5,4,03,0,3,A,,,,,,1800,7,C,C,A,"UNIVERSITY AV","10TH ST",10,W,N,2015-09-10,103,2015-07-24,1718,52,32,5,6,0,0,,0,014,-,N,,0,0,,,0,,,,N,2,A,-,22350,,N,A,H,-,A,D,0,Y,A,01,0,0,3,0,0,0,0,0,0,-,-,BERKELEY,ALAMEDA,CA,0,0
7045725,-122.2544397,37.8569073,2015,0103,0,6,4,08,0,1,A,,,,,,900,7,C,C,A,"ASHBY AV","BENVENUE AV",47,W,N,2017-01-14,103,2015-07-25,615,47,39,5,6,0,0,,0,007,-,Y,ALA,4,13,-,-,11.31,H,-,N,Y,2,A,-,22107,,N,A,H,-,A,D,0,Y,A,01,0,0,1,0,0,0,0,0,0,-,-,BERKELEY,ALAMEDA,CA,0,0
7045729,-122.2955856,37.8684654,2015,0103,0,4,4,10,0,1,A,Y,,,,,1800,7,G,B,B,"UNIVERSITY AV","8TH ST",0,,Y,2016-07-20,103,2015-07-16,1623,36,21,5,6,0,0,,0,014,-,N,,0,0,,,0,,,,N,2,A,-,21950,A,N,A,H,-,A,A,0,Y,A,01,0,0,1,0,1,0,0,0,0,-,-,BERKELEY,ALAMEDA,CA,0,0