CASEID,POINT_X,POINT_Y,YEAR_,LOCATION,CHPTYPE,DAYWEEK,CRASHSEV,VIOLCAT,KILLED,INJURED,WEATHER1,PEDCOL,BICCOL,MCCOL,TRUCKCOL,ETOH,TIMECAT,MONTH_,CRASHTYP,INVOLVE,PED,PRIMARYRD,SECONDRD,DISTANCE,DIRECT,INTERSECT_,PROCDATE,JURIS,DATE_,TIME_,BADGE,JURIDIST,SHIFT,POP,SPECIAL,BEATTYPE,LAPDDIV,BEATCLAS,BEATNUMB,WEATHER2,STATEHW,CALTRANC,CALTRAND,STROUTE,ROUTESUF,POSTPRE,POSTMILE,LOCATYPE,RAMP,SIDEHW,TOWAWAY,PARTIES,PCF,VIOLCODE,VIOL,VIOLSUB,HITRUN,ROADSURF,RDCOND1,RDCOND2,LIGHTING,RIGHTWAY,CHPRDTYP,NOTPRIV,STFAULT,CHPFAULT,SEVINJ,OTHERINJ,COP,PEDKILL,PEDINJ,BICKILL,BICINJ,MCKILL,MCINJURE,RAMP1,RAMP2,CITY,COUNTY,STATE,X_CHP,Y_CHP
7095267,-122.3064804,37.8783264,2015,0103,0,7,4,08,0,1,A,,,,,,1500,8,D,C,A,"GILMAN ST",EASTSHORE,0,,Y,2015-10-15,103,2015-08-09,1317,111,20,5,6,0,0,,0,004,-,N,,0,80,,,0,,,,Y,2,A,-,22107,,N,A,H,-,A,D,0,Y,A,01,0,0,1,0,0,0,0,0,0,-,-,BERKELEY,ALAMEDA,CA,0,0
7095271,-122.2671738,37.8918266,2015,0103,0,6,3,10,0,1,A,Y,,,,,1200,8,G,B,B,"SANTA BARBARA RD","SPRUCE ST",0,,Y,2015-10-15,103,2015-08-08,957,157,14,5,6,0,0,,0,001,-,N,,0,0,,,0,,,,N,2,A,-,21950,A,N,A,H,-,A,D,0,Y,A,01,0,1,0,0,1,0,0,0,0,-,-,BERKELEY,ALAMEDA,CA,0,0
7095276,-122.2912765,37.8665312,2015,0103,0,1,4,03,0,1,A,,Y,,,,2100,8,H,G,A,"ALLSTON WY","SAN PABLO AV",0,,Y,2017-01-21,103,2015-08-10,1811,135,29,5,6,0,0,,0,014,-,Y,ALA,4,123,-,-,2.96,H,-,N,N,2,A,-,22350,,N,A,H,-,A,D,0,Y,L,04,0,0,1,0,0,0,1,0,0,-,-,BERKELEY,ALAMEDA,CA,0,0
7095310,-122.2624588,37.874794,2015,0103,0,4,3,17,0,1,A,,,Y,,,1500,8,B,C,A,"HEARST AV","EUCLID AV",662,W,N,2015-10-15,103,2015-08-13,1304,106,25,5,6,0,0,,0,002,-,N,,0,123,,,0,,,,N,2,A,-,22517,,N,A,H,-,A,D,0,Y,A,01,0,1,0,0,0,0,0,0,1,-,-,BERKELEY,ALAMEDA,CA,0,0
7095314,-122.2934113,37.8726349,2015,0103,0,3,4,09,0,2,A,,,,,Y,2100,8,D,C,A,"SAN PABLO AV","FRANCISCO ST",22,W,N,2015-10-15,103,2015-08-12,1822,69,22,5,6,0,0,,0,004,-,N,,0,123,,,0,,,,N,2,A,-,21800,A,N,A,H,-,A,A,0,Y,A,01,0,0,2,0,0,0,0,0,0,-,-,BERKELEY,ALAMEDA,CA,0,0
7095318,-122.2690659,37.877346,2015,0103,0,2,4,10,0,1,A,Y,,,,Y,2400,8,G,B,C,"SHATTUCK AV","LINCOLN ST",55,E,N,2015-10-15,103,2015-08-11,2127,69,24,5,6,0,0,,0,002,-,N,,0,0,,,0,,,,N,2,A,-,21950,A,N,A,H,-,C,D,0,Y,A,01,0,0,1,0,1,0,0,0,0,-,-,BERKELEY,ALAMEDA,CA,0,0
7095326,-122.2784424,37.8533516,2015,0103,0,6,4,08,0,1,A,,,,,,600,8,B,E,A,"ASHBY AV","SACRAMENTO ST",195,E,N,2015-10-15,103,2015-08-08,513,157,34,5,6,0,0,,0,011,-,N,,0,13,,,0,,,,N,2,A,-,22107,,N,A,H,-,C,D,0,Y,A,01,0,0,1,0,0,0,0,0,0,-,-,BERKELEY,ALAMEDA,CA,0,0
7095330,-122.2781779,37.8534097,2015,0103,0,5,3,17,0,1,A,,Y,,,,1500,8,B,G,A,"ASHBY AV","SACRAMENTO ST",257,E,N,2017-01-11,103,2015-08-07,1412,57,34,5,6,0,0,,0,012,-,Y,ALA,4,13,-,-,12.71,H,-,N,N,2,A,-,22517,,N,A,H,-,A,D,0,Y,A,01,0,1,0,0,0,0,1,0,0,-,-,BERKELEY,ALAMEDA,CA,0,0
7095334,-122.2960521,37.880855,2015,0103,0,5,3,08,0,1,A,,,,,,1200,8,E,I,A,"RT 123","GILMAN ST",181,N,N,2017-01-21,103,2015-08-07,934,15,20,5,6,0,0,,0,004,-,Y,ALA,4,123,-,-,4.01,H,-,S,N,1,A,-,22107,,N,A,H,-,A,D,0,Y,A,01,0,1,0,0,0,0,0,0,0,-,-,BERKELEY,ALAMEDA,CA,0,0
7095338,0,0,2015,0103,0,4,4,05,0,1,B,,Y,,,,1800,8,D,G,A,"SAN PABLO AV","SAN PABLO AV 2366",0,,Y,2015-10-15,103,2015-08-06,1608,122,32,5,6,0,0,,0,013,-,N,,0,123,,,0,,,,N,2,A,-,21650,,N,A,H,-,A,D,0,Y,L,04,0,0,1,0,0,0,1,0,0,-,-,BERKELEY,ALAMEDA,CA,0,0
7095342,-122.270752,37.8719215,2015,0103,0,4,3,08,0,1,A,,Y,,,,1800,8,B,G,A,"UNIVERSITY AV","MILVIA ST",14,E,N,2015-10-15,103,2015-08-06,1528,37,,5,6,0,0,,0,006,-,N,,0,0,,,0,,,,N,2,A,-,22107,,F,-,H,-,A,A,0,Y,L,04,0,1,0,0,0,0,1,0,0,-,-,BERKELEY,ALAMEDA,CA,0,0
7095346,0,0,2015,0103,0,4,3,17,0,1,B,,Y,,,,1200,8,B,G,A,"4TH ST","4TH ST 1825",0,,Y,2015-10-15,103,2015-08-06,918,144,20,5,6,0,0,,0,014,-,N,,0,0,,,0,,,,N,2,A,-,22517,,N,A,H,-,A,D,0,Y,A,01,0,1,0,0,0,0,1,0,0,-,-,BERKELEY,ALAMEDA,CA,0,0
7109478,-122.2706375,37.8511353,2015,0103,0,1,3,08,0,1,A,,Y,,,,2100,6,H,A,A,"ADELINE ST","FAIRVIEW ST",185,N,N,2015-11-17,103,2015-06-22,1818,8,39,5,6,0,0,,0,011,-,N,,0,0,,,0,,,,N,1,A,-,22107,,N,A,H,-,A,A,0,Y,L,04,0,1,0,0,0,0,1,0,0,-,-,BERKELEY,ALAMEDA,CA,0,0
7113951,-122.259613,37.864975,2015,0103,0,2,3,08,0,1,A,,,Y,,,1500,9,B,C,A,"DWIGHT WY","TELEGRAPH AV",328,W,N,2015-11-24,103,2015-09-08,1341,146,36,5,6,0,0,,0,007,-,N,,0,0,,,0,,,,N,3,A,-,22107,,N,A,D,E,A,D,0,Y,A,01,0,1,0,0,0,0,0,0,1,-,-,BERKELEY,ALAMEDA,CA,0,0
7113952,-122.2708054,37.8719139,2015,0103,0,4,4,03,0,1,A,,,,,,1800,9,C,C,A,"UNIVERSITY AV","MILVIA ST",0,,Y,2015-11-24,103,2015-09-10,1626,153,29,5,6,0,0,,0,003,-,N,,0,0,,,0,,,,Y,3,A,-,22350,,M,A,H,-,A,A,0,Y,D,22,0,0,1,0,0,0,0,0,0,-,-,BERKELEY,ALAMEDA,CA,0,0
7115892,-122.293936,37.8498202,2015,0103,0,2,3,08,0,2,A,,,,,,300,10,D,C,A,"ASHBY AV","7TH ST",910,W,N,2017-01-27,103,2015-10-20,124,15,20,5,6,0,0,,0,013,-,Y,ALA,4,13,-,-,13.615,H,-,S,N,2,A,-,22107,,N,A,H,-,C,D,0,Y,J,48,0,1,1,0,0,0,0,0,0,-,-,BERKELEY,ALAMEDA,CA,0,0
7115896,-122.2955856,37.8684654,2015,0103,0,1,4,03,0,1,A,,,,,,2100,10,C,C,A,"UNIVERSITY AV","8TH ST",0,,Y,2015-12-23,103,2015-10-19,1813,135,11,5,6,0,0,,0,014,-,N,,0,0,,,0,,,,N,2,A,-,22350,,N,A,H,-,B,A,0,Y,J,48,0,0,1,0,0,0,0,0,0,-,-,BERKELEY,ALAMEDA,CA,0,0
7116116,-122.2729034,37.8706055,2015,0103,0,1,4,10,0,1,A,Y,,,,,1200,9,G,B,B,"MARTIN LUTHER KING JR WY","ADDISON ST",0,,Y,2015-12-02,103,2015-09-28,1158,144,30,5,6,0,0,,0,003,-,N,,0,13,,,0,,,,N,2,A,-,21950,A,N,A,H,-,A,D,0,Y,I,11,0,0,1,0,1,0,0,0,0,-,-,BERKELEY,ALAMEDA,CA,0,0
7116120,-122.2662659,37.8531036,2015,0103,0,2,3,03,0,1,A,,,,,,1800,9,C,C,A,"SHATTUCK AV","PRINCE ST",0,,Y,2015-11-20,103,2015-09-29,1603,146,39,5,6,0,0,,0,010,-,N,,0,0,,,0,,,,Y,2,A,-,22350,,N,A,H,-,A,D,0,Y,A,01,0,1,0,0,0,0,0,0,0,-,-,BERKELEY,ALAMEDA,CA,0,0
7116124,-122.305542,37.8785248,2015,0103,0,3,4,01,0,1,C,,,,,Y,1500,9,D,C,A,"GILMAN ST","2ND ST",83,E,N,2015-11-20,103,2015-09-30,1202,101,20,5,6,0,0,,0,004,-,N,,0,80,,,0,,,,Y,2,A,-,23152,A,N,B,H,-,A,D,0,Y,A,01,0,0,1,0,0,0,0,0,0,-,-,BERKELEY,ALAMEDA,CA,0,0
7116326,-122.2686844,37.8745155,2015,0103,0,6,4,17,0,2,A,,Y,,,,1800,9,A,G,A,"SHATTUCK AV","DELAWARE ST",113,S,N,2016-01-13,103,2015-09-19,1511,2,24,5,6,0,0,,0,006,-,N,,0,0,,,0,,,,N,3,A,-,22517,,N,A,H,-,A,D,0,Y,A,01,0,0,2,0,0,0,2,0,0,-,-,BERKELEY,ALAMEDA,CA,0,0
7117362,-122.2685547,37.8730965,2015,0103,0,3,3,10,0,1,A,Y,,,,,1500,9,G,B,B,"SHATTUCK AV","BERKELEY WY",0,,Y,2015-11-20,103,2015-09-02,1431,59,24,5,6,0,0,,0,002,-,N,,0,0,,,0,,,,N,2,A,-,21950,A,N,A,H,-,A,A,0,Y,A,01,0,1,0,0,1,0,0,0,0,-,-,BERKELEY,ALAMEDA,CA,0,0
7117366,-122.2732239,37.8577538,2015,0103,0,3,3,12,0,1,A,,Y,,,,2100,9,D,G,A,"GRANT ST","STUART ST",0,,Y,2015-11-20,103,2015-09-02,1902,121,34,5,6,0,0,,0,012,-,N,,0,0,,,0,,,,N,2,A,-,22450,A,N,A,H,-,A,D,0,Y,L,04,0,1,0,0,0,0,1,0,0,-,-,BERKELEY,ALAMEDA,CA,0,0
7117370,-122.2970505,37.8802338,2015,0103,0,4,3,10,0,1,A,Y,,,,,2100,9,G,B,B,"10TH ST","GILMAN ST",0,,Y,2015-11-20,103,2015-09-03,1832,128,19,5,6,0,0,,0,004,-,N,,0,0,,,0,,,,N,2,A,-,21950,A,N,A,H,-,A,A,0,Y,A,01,0,1,0,0,1,0,0,0,0,-,-,BERKELEY,ALAMEDA,CA,0,0
7117374,-122.2780457,37.8589935,2015,0103,0,4,4,12,0,1,A,,Y,,,,900,9,D,G,A,"DERBY ST","CALIFORNIA ST",0,,Y,2015-11-20,103,2015-09-03,732,148,34,5,6,0,0,,0,012,-,N,,0,0,,,0,,,,N,2,A,-,22450,A,N,A,H,-,A,A,0,Y,L,04,0,0,1,0,0,0,1,0,0,-,-,BERKELEY,ALAMEDA,CA,0,0
7117378,-122.2686768,37.8749771,2015,0103,0,2,4,10,0,1,A,Y,,,,Y,2100,9,G,B,B,"SHATTUCK AV","DELAWARE ST",56,N,N,2015-11-20,103,2015-09-01,1925,69,24,5,6,0,0,,0,002,-,N,,0,0,,,0,,,,N,2,A,-,21950,A,N,A,H,-,B,A,0,Y,A,01,0,0,1,0,1,0,0,0,0,-,-,BERKELEY,ALAMEDA,CA,0,0
7117387,-122.25,37.8679695,2015,0103,0,2,3,03,0,1,B,,Y,,,,2100,9,H,A,A,"PROSPECT ST","CHANNING WY",38,S,N,2015-11-20,103,2015-09-15,1832,80,27,5,6,0,0,,0,008,-,N,,0,0,,,0,,,,N,1,A,-,22350,,N,A,H,-,A,A,0,Y,L,04,0,1,0,0,0,0,1,0,0,-,-,BERKELEY,ALAMEDA,CA,0,0
7117391,-122.2843246,37.8701668,2015,0103,0,2,2,17,0,1,A,,,Y,,,2100,9,D,C,A,"UNIVERSITY AV","ACTON ST",0,,Y,2015-11-20,103,2015-09-15,1936,146,22,5,6,0,0,,0,003,-,N,,0,0,,,0,,,,Y,2,A,-,21451,A,N,A,H,-,B,A,0,Y,A,01,1,0,0,0,0,0,0,0,1,-,-,BERKELEY,ALAMEDA,CA,0,0
7117399,-122.2931061,37.871685,2015,0103,0,3,3,12,0,1,A,,Y,,,,1800,9,B,G,A,"SAN PABLO AV","DELAWARE ST",0,,Y,2015-11-20,103,2015-09-16,1707,8,21,5,6,0,0,,0,004,-,N,,0,123,,,0,,,,N,2,A,-,21453,A,N,B,H,-,A,A,0,Y,L,04,0,1,0,0,0,0,1,0,0,-,-,BERKELEY,ALAMEDA,CA,0,0
7117407,-122.2661896,37.8824654,2015,0103,0,3,4,03,0,1,A,,Y,,,,900,9,D,G,A,"ROSE ST","SPRUCE ST",0,,Y,2015-11-20,103,2015-09-16,649,106,16,5,6,0,0,,0,002,-,N,,0,0,,,0,,,,N,2,A,-,22350,,F,A,H,-,A,A,0,Y,-,99,0,0,1,0,0,0,1,0,0,-,-,BERKELEY,ALAMEDA,CA,0,0
7117411,-122.2892303,37.8812332,2015,0103,0,3,3,10,0,1,B,Y,,,,,1800,9,G,B,B,"GILMAN ST","NEILSON ST",0,,Y,2015-11-20,103,2015-09-16,1636,33,19,5,6,0,0,,0,004,-,N,,0,80,,,0,,,,N,2,A,-,21950,A,N,A,H,-,A,A,0,Y,A,01,0,1,0,0,1,0,0,0,0,-,-,BERKELEY,ALAMEDA,CA,0,0
7117412,-122.2710419,37.890995,2015,0103,0,6,4,03,0,2,A,,,,,,2100,9,C,C,A,"MARIN AV","SHATTUCK AV",50,E,N,2015-12-02,103,2015-09-05,2014,127,14,5,6,0,0,,0,001,-,N,,0,0,,,0,,,,Y,3,A,-,22350,,N,A,H,-,A,D,0,Y,A,07,0,0,2,0,0,0,0,0,0,-,-,BERKELEY,ALAMEDA,CA,0,0
7117415,-122.2857895,37.8726158,2015,0103,0,4,4,12,0,1,A,Y,,,,,900,9,G,B,B,"FRANKLIN ST","DELAWARE ST",0,,Y,2015-11-20,103,2015-09-10,820,64,22,5,6,0,0,,0,003,-,N,,0,0,,,0,,,,N,2,A,-,22450,A,F,A,H,-,A,A,0,Y,A,01,0,0,1,0,1,0,0,0,0,-,-,BERKELEY,ALAMEDA,CA,0,0
7117416,-122.2943954,37.8684769,2015,0103,0,7,4,21,0,1,A,,,,,,1200,9,D,C,A,"9TH ST","UNIVERSITY AV",79,S,N,2015-12-02,103,2015-09-06,1026,24,32,5,6,0,0,,0,014,-,N,,0,0,,,0,,,,N,2,A,-,22106,,N,A,H,-,A,D,0,Y,A,08,0,0,1,0,0,0,0,0,0,-,-,BERKELEY,ALAMEDA,CA,0,0
7117419,-122.2454529,37.8598061,2015,0103,0,3,3,06,0,1,A,,,Y,,,1800,9,D,C,A,"CLAREMONT BL","AVALON AV",0,,Y,2015-11-30,103,2015-09-09,1705,59,37,5,6,0,0,,0,008,-,N,,0,0,,,0,,,,Y,2,A,-,21754,,N,A,H,-,A,A,0,Y,C,02,0,1,0,0,0,0,0,0,1,-,-,BERKELEY,ALAMEDA,CA,0,0
7117420,-122.2669525,37.8585167,2015,0103,0,6,3,01,0,1,A,,,,,Y,2400,9,A,C,A,"SHATTUCK AV","STUART ST",0,,Y,2015-11-20,103,2015-09-05,2210,60,35,5,6,0,0,,0,010,-,N,,0,0,,,0,,,,N,2,A,-,23152,A,N,A,H,-,C,A,0,Y,A,01,0,1,0,0,0,0,0,0,0,-,-,BERKELEY,ALAMEDA,CA,0,0
7117423,-122.2908255,37.8647475,2015,0103,0,2,4,09,0,2,B,,,,,,1800,9,B,C,A,"SAN PABLO AV","BANCROFT WY",0,,Y,2017-01-21,103,2015-09-15,1603,33,32,5,6,0,0,,0,013,-,Y,ALA,4,123,-,-,2.83,I,5,S,N,2,A,-,21802,A,N,A,H,-,A,A,0,Y,A,01,0,0,2,0,0,0,0,0,0,-,-,BERKELEY,ALAMEDA,CA,0,0
7117424,-122.2659912,37.8705635,2015,0103,0,3,3,10,0,1,A,Y,,,,,1200,9,G,B,D,"OXFORD ST","CENTER ST",0,,Y,2015-11-20,103,2015-09-09,1156,4,26,5,6,0,0,,0,006,-,N,,0,0,,,0,,,,N,2,A,-,21950,A,N,A,H,-,A,A,0,Y,A,01,0,1,0,0,1,0,0,0,0,-,-,BERKELEY,ALAMEDA,CA,0,0
7117427,-122.2907944,37.8608551,2015,0103,0,6,3,09,0,1,A,,,,,,1500,9,D,C,A,"DWIGHT WY","10TH ST",0,,Y,2015-11-20,103,2015-09-12,1256,108,20,5,6,0,0,,0,013,-,N,,0,0,,,0,,,,Y,3,A,-,21802,A,N,A,H,-,A,D,0,Y,A,01,0,1,0,0,0,0,0,0,0,-,-,BERKELEY,ALAMEDA,CA,0,0
7117428,-122.2801056,37.8577957,2015,0103,0,2,3,06,0,1,A,,Y,,,,1800,9,B,G,A,"SACRAMENTO ST","WARD ST",0,,Y,2015-11-20,103,2015-09-08,1750,33,33,5,6,0,0,,0,012,-,N,,0,13,,,0,,,,N,2,A,-,21755,,N,A,H,-,A,A,0,Y,L,04,0,1,0,0,0,0,1,0,0,-,-,BERKELEY,ALAMEDA,CA,0,0
7117431,0,0,2015,0103,0,1,4,21,0,1,A,Y,,,,,1800,9,C,B,F,"ASHBY AV","ASHBY AV 1045",0,,N,2015-12-02,103,2015-09-14,1732,25,24,5,6,0,0,,0,013,-,N,,0,13,,,0,,,,N,2,A,-,22106,,N,A,H,-,A,D,0,Y,A,01,0,0,1,0,1,0,0,0,0,-,-,BERKELEY,ALAMEDA,CA,0,0
7117432,-122.2518539,37.8672714,2015,0103,0,5,4,09,0,1,A,,,,,,1200,9,C,C,A,"PIEDMONT AV","CHANNING WY",189,S,N,2015-11-20,103,2015-09-04,1008,47,27,5,6,0,0,,0,008,-,N,,0,0,,,0,,,,N,2,A,-,21804,A,N,A,H,-,A,D,0,Y,A,08,0,0,1,0,0,0,0,0,0,-,-,BERKELEY,ALAMEDA,CA,0,0
7117435,-122.2831345,37.8799057,2015,0103,0,5,4,03,0,2,A,,,,,,900,9,C,D,A,"SACRAMENTO ST","ADA ST",0,,Y,2015-11-20,103,2015-09-11,806,64,19,5,6,0,0,,0,004,-,N,,0,13,,,0,,,,N,3,A,-,22350,,N,A,H,-,A,D,0,Y,A,01,0,0,2,0,0,0,0,0,0,-,-,BERKELEY,ALAMEDA,CA,0,0
7117436,-122.2823944,37.8730736,2015,0103,0,6,4,03,0,2,A,,,,,,2100,9,C,C,A,"SACRAMENTO ST","DELAWARE ST",0,,Y,2015-11-20,103,2015-09-05,1805,55,12,5,6,0,0,,0,003,-,N,,0,13,,,0,,,,N,2,A,-,22350,,F,A,H,-,A,A,0,Y,-,,0,0,2,0,0,0,0,0,0,-,-,BERKELEY,ALAMEDA,CA,0,0
7117439,-122.2734909,37.8778534,2015,0103,0,5,4,03,0,1,A,,,,,,1800,9,C,C,A,"CEDAR ST","MARTIN LUTHER KING JR WY",80,E,N,2015-11-20,103,2015-09-11,1756,15,17,5,6,0,0,,0,002,-,N,,0,0,,,0,,,,N,3,A,-,22350,,N,A,H,-,A,A,0,Y,A,01,0,0,1,0,0,0,0,0,0,-,-,BERKELEY,ALAMEDA,CA,0,0
7117440,-122.2675705,37.8648643,2015,0103,0,6,4,03,0,1,A,,,Y,,,2100,9,E,J,A,"HASTE ST","SHATTUCK AV",0,,Y,2015-11-20,103,2015-09-05,2005,126,29,5,6,0,0,,0,009,-,N,,0,0,,,0,,,,N,2,A,-,22350,,N,A,H,-,C,A,0,Y,C,03,0,0,1,0,0,0,0,0,1,-,-,BERKELEY,ALAMEDA,CA,0,0
7121608,-122.2663116,37.8733635,2015,0103,0,2,4,08,0,1,A,,Y,,,,900,9,D,G,A,"OXFORD ST","BERKELEY WY",0,,Y,2015-11-24,103,2015-09-29,817,4,26,5,6,0,0,,0,006,-,N,,0,0,,,0,,,,N,2,A,-,22107,,F,A,H,-,A,A,0,Y,-,,0,0,1,0,0,0,1,0,0,-,-,BERKELEY,ALAMEDA,CA,0,0
7121612,-122.2816467,37.8658066,2015,0103,0,7,3,09,0,2,A,,,,,,2100,9,D,C,A,"BANCROFT AV","SACRAMENTO ST",0,,Y,2016-07-19,103,2015-09-27,1830,21,30,5,6,0,0,,0,005,-,N,,0,0,,,0,,,,Y,2,A,-,21802,A,N,A,H,-,A,A,0,Y,A,01,0,1,1,0,0,0,0,0,0,-,-,BERKELEY,ALAMEDA,CA,0,0
7121616,0,0,2015,0103,0,1,3,17,0,1,A,,Y,,,,1200,9,A,G,A,"TELEGRAPH AV","TELEGRAPH AV 2628",0,,Y,2015-11-24,103,2015-09-28,1117,2,36,5,6,0,0,,0,007,-,N,,0,13,,,0,,,,N,2,A,-,22517,,N,A,H,-,A,D,0,Y,A,07,0,1,0,0,0,0,1,0,0,-,-,BERKELEY,ALAMEDA,CA,0,0
7121620,-122.2561951,37.8654137,2015,0103,0,5,3,12,0,1,A,,Y,,,,300,9,D,G,A,"DWIGHT WY","BOWDITCH ST",0,,Y,2015-11-24,103,2015-09-25,6,55,36,5,6,0,0,,0,008,-,N,,0,0,,,0,,,,N,2,A,-,22450,A,N,A,H,-,C,A,0,Y,L,04,0,1,0,0,0,0,1,0,0,-,-,BERKELEY,ALAMEDA,CA,0,0
7121624,-122.2723007,37.8465767,2015,0103,0,4,3,05,0,1,A,,Y,,,,2100,9,E,G,A,"62ND ST","ADELINE ST",0,,Y,2015-11-24,103,2015-09-24,2004,33,40,5,6,0,0,,0,011,-,N,,0,0,,,0,,,,N,2,A,-,21650,1,F,A,H,-,C,A,0,Y,L,04,0,1,0,0,0,0,1,0,0,-,-,BERKELEY,ALAMEDA,CA,0,0
7121628,-122.2542725,37.8568764,2015,0103,0,4,4,09,0,1,A,,,,,,1800,9,D,C,A,"ASHBY AV","BENVENUE AV",0,,Y,2015-11-24,103,2015-09-24,1736,37,38,5,6,0,0,,0,007,-,N,,0,13,,,0,,,,N,2,A,-,21801,A,N,A,H,-,A,A,0,Y,A,01,0,0,1,0,0,0,0,0,0,-,-,BERKELEY,ALAMEDA,CA,0,0
7121632,-122.2684937,37.870285,2015,0103,0,3,3,11,0,1,A,Y,,,,,2100,9,G,B,D,"CENTER ST","SHATTUCK AV",119,W,N,2015-11-24,103,2015-09-23,1818,59,29,5,6,0,0,,0,006,-,N,,0,0,,,0,,,,N,2,A,-,21955,,N,A,H,-,B,D,0,Y,N,60,0,1,0,0,1,0,0,0,0,-,-,BERKELEY,ALAMEDA,CA,0,0
7121636,-122.2933731,37.8689041,2015,0103,0,3,4,08,0,1,A,,,Y,,,1800,9,D,D,A,"UNIVERSITY AV","10TH ST",0,,Y,2015-11-24,103,2015-09-23,1603,135,32,5,6,0,0,,0,014,-,N,,0,0,,,0,,,,N,2,A,-,22107,,N,A,H,-,A,D,0,Y,A,01,0,0,1,0,0,0,0,0,1,-,-,BERKELEY,ALAMEDA,CA,0,0
7121640,-122.2830048,37.8789063,2015,0103,0,2,4,03,0,2,A,,,,,Y,1500,9,C,C,A,"SACRAMENTO ST","ROSE ST",0,,Y,2015-11-24,103,2015-09-22,1300,128,18,5,6,0,0,,0,002,-,N,,0,13,,,0,,,,N,2,A,-,22350,,N,A,H,-,A,A,0,Y,A,01,0,0,2,0,0,0,0,0,0,-,-,BERKELEY,ALAMEDA,CA,0,0
7121644,-122.2946014,37.8529358,2015,0103,0,2,3,03,0,1,A,,Y,,,,900,9,E,I,A,"HEINZ AV","7TH ST",789,W,N,2015-11-24,103,2015-09-22,854,119,20,5,6,0,0,,0,013,-,N,,0,0,,,0,,,,N,1,A,-,22350,,N,A,A,-,A,D,0,Y,L,04,0,1,0,0,0,0,1,0,0,-,-,BERKELEY,ALAMEDA,CA,0,0
7121648,-122.2680054,37.8684959,2015,0103,0,1,4,11,0,1,A,Y,,,,,2400,9,G,B,B,"SHATTUCK AV","KITTREDGE ST",0,,Y,2015-11-24,103,2015-09-21,2138,14,29,5,6,0,0,,0,006,-,N,,0,0,,,0,,,,N,2,A,-,21453,D,N,A,H,-,C,A,0,Y,N,60,0,0,1,0,1,0,0,0,0,-,-,BERKELEY,ALAMEDA,CA,0,0
7121652,-122.2589798,37.8614159,2015,0103,0,1,3,12,0,2,A,,,Y,,,900,9,D,C,A,"TELEGRAPH AV","DERBY ST",0,,Y,2015-11-24,103,2015-09-21,703,37,38,5,6,0,0,,0,007,-,N,,0,13,,,0,,,,N,2,A,-,21453,A,N,A,H,-,A,A,0,Y,A,08,0,2,0,0,0,0,0,0,2,-,-,BERKELEY,ALAMEDA,CA,0,0
7121656,-122.2548904,37.8859253,2015,0103,0,1,3,18,0,1,A,,Y,,,,900,9,H,J,A,"CAMPUS DR","GLENDALE AV",201,N,N,2015-11-24,103,2015-09-21,637,144,16,5,6,0,0,,0,001,-,N,,0,0,,,0,,,,N,1,C,-,0,,N,A,H,-,A,D,0,Y,-,-,0,1,0,0,0,0,1,0,0,-,-,BERKELEY,ALAMEDA,CA,0,0
7121660,0,0,2015,0103,0,1,3,03,0,1,A,,,,,,300,9,B,C,A,"COLLEGE AV","COLLEGE AV 2500",0,,Y,2015-11-24,103,2015-09-21,208,30,36,5,6,0,0,,0,008,-,N,,0,0,,,0,,,,Y,4,A,-,22350,,N,A,H,-,C,D,0,Y,A,01,0,1,0,0,0,0,0,0,0,-,-,BERKELEY,ALAMEDA,CA,0,0
7121664,-122.2805328,37.8769531,2015,0103,0,5,3,09,0,1,A,,Y,,,,900,9,D,G,A,"CEDAR ST","CALIFORNIA ST",0,,Y,2015-11-24,103,2015-09-18,829,57,23,5,6,0,0,,0,002,-,N,,0,0,,,0,,,,N,2,A,-,21802,B,N,A,H,-,A,A,0,Y,A,01,0,1,0,0,0,0,1,0,0,-,-,BERKELEY,ALAMEDA,CA,0,0
7121668,-122.2535706,37.8621063,2015,0103,0,7,3,11,0,1,A,Y,,,,,1200,9,G,B,B,"COLLEGE AV","DERBY ST",0,,Y,2015-11-30,103,2015-09-20,1028,47,37,5,6,0,0,,0,008,-,N,,0,0,,,0,,,,N,2,A,-,21950,B,N,A,H,-,A,D,0,Y,N,60,0,1,0,0,1,0,0,0,0,-,-,BERKELEY,ALAMEDA,CA,0,0
7121672,-122.2594452,37.868679,2015,0103,0,4,3,08,0,1,A,,Y,,,,1800,9,B,G,A,"BANCROFT WY","TELEGRAPH AV",62,W,N,2015-11-24,103,2015-09-17,1759,8,28,5,6,0,0,,0,007,-,N,,0,0,,,0,,,,N,2,A,-,22107,,N,A,E,-,A,A,0,Y,L,04,0,1,0,0,0,0,1,0,0,-,-,BERKELEY,ALAMEDA,CA,0,0
7121681,-122.2706757,37.8818665,2015,0103,0,2,3,09,0,1,A,,,Y,,,1500,9,H,A,A,"HENRY ST","ROSE ST",0,,Y,2015-11-24,103,2015-09-29,1214,106,17,5,6,0,0,,0,002,-,N,,0,0,,,0,,,,Y,2,A,-,21801,A,N,A,H,-,A,A,0,Y,A,01,0,1,0,0,0,0,0,0,1,-,-,BERKELEY,ALAMEDA,CA,0,0
7121685,-122.254425,37.8683243,2015,0103,0,3,4,12,0,1,A,,Y,,,,300,9,B,G,A,"COLLEGE AV","W COLLEGE AV",15,E,N,2015-11-24,103,2015-09-30,206,40,28,5,6,0,0,,0,007,-,N,,0,0,,,0,,,,N,2,A,-,21457,A,N,A,H,-,C,A,0,Y,L,04,0,0,1,0,0,0,1,0,0,-,-,BERKELEY,ALAMEDA,CA,0,0