CASEID,POINT_X,POINT_Y,YEAR_,LOCATION,CHPTYPE,DAYWEEK,CRASHSEV,VIOLCAT,KILLED,INJURED,WEATHER1,PEDCOL,BICCOL,MCCOL,TRUCKCOL,ETOH,TIMECAT,MONTH_,CRASHTYP,INVOLVE,PED,PRIMARYRD,SECONDRD,DISTANCE,DIRECT,INTERSECT_,PROCDATE,JURIS,DATE_,TIME_,BADGE,JURIDIST,SHIFT,POP,SPECIAL,BEATTYPE,LAPDDIV,BEATCLAS,BEATNUMB,WEATHER2,STATEHW,CALTRANC,CALTRAND,STROUTE,ROUTESUF,POSTPRE,POSTMILE,LOCATYPE,RAMP,SIDEHW,TOWAWAY,PARTIES,PCF,VIOLCODE,VIOL,VIOLSUB,HITRUN,ROADSURF,RDCOND1,RDCOND2,LIGHTING,RIGHTWAY,CHPRDTYP,NOTPRIV,STFAULT,CHPFAULT,SEVINJ,OTHERINJ,COP,PEDKILL,PEDINJ,BICKILL,BICINJ,MCKILL,MCINJURE,RAMP1,RAMP2,CITY,COUNTY,STATE,X_CHP,Y_CHP
8010457,-122.2691956,37.8784065,2016,0103,0,5,3,03,0,1,A,,Y,,,,2400,2,E,I,A,"CEDAR ST","SHATTUCK AV",0,,Y,2016-04-05,103,2016-02-12,2252,127,24,5,6,0,0,,0,002,-,N,,0,0,,,0,,,,N,1,A,-,22350,,N,A,H,-,C,D,0,Y,L,04,0,1,0,0,0,0,1,0,0,-,-,BERKELEY,ALAMEDA,CA,0,0
8010461,-122.2626877,37.8771553,2016,0103,0,4,3,03,0,1,A,,Y,,,,2400,2,H,G,A,"SCENIC AV","VIRGINIA ST",132,S,N,2016-04-05,103,2016-02-11,2122,33,25,5,6,0,0,,0,002,-,N,,0,0,,,0,,,,N,1,A,-,22350,,N,A,G,-,C,D,0,Y,L,04,0,1,0,0,0,0,1,0,0,-,-,BERKELEY,ALAMEDA,CA,0,0
8010465,-122.2865997,37.851948,2016,0103,0,6,4,12,0,1,A,,,,,,2100,2,D,C,A,"RT 13","RT 123",0,,N,2017-02-13,103,2016-02-13,2029,108,20,5,6,0,0,,0,013,-,Y,ALA,4,123,-,-,1.906,I,5,N,Y,2,A,-,21453,A,F,A,H,-,C,A,0,Y,A,01,0,0,1,0,0,0,0,0,0,-,-,BERKELEY,ALAMEDA,CA,0,0
8010469,-122.2837216,37.8527542,2016,0103,0,1,3,08,0,1,A,,,Y,,,2100,2,B,C,A,"RT 13","MABEL ST",252,W,N,2017-02-13,103,2016-02-15,2036,66,33,5,6,0,0,,0,013,-,Y,ALA,4,13,-,-,13.02,I,6,S,Y,3,A,-,22107,,N,A,H,-,C,D,0,Y,A,01,0,1,0,0,0,0,0,0,1,-,-,BERKELEY,ALAMEDA,CA,0,0
8010480,-122.2918137,37.8681588,2016,0103,0,4,4,21,0,1,C,Y,,,,,1500,2,G,B,C,"RT 123","ADDISON ST",9,N,N,2017-02-09,103,2016-02-18,1300,119,20,5,6,0,0,,0,014,-,Y,ALA,4,123,-,-,3.08,I,5,N,N,2,A,-,22106,,N,B,H,-,A,D,0,Y,I,11,0,0,1,0,1,0,0,0,0,-,-,BERKELEY,ALAMEDA,CA,0,0
8010521,-122.2675705,37.8648643,2016,0103,0,5,4,12,0,1,C,,,,,,2100,2,B,C,A,"SHATTUCK AV","HASTE ST",0,,Y,2016-04-05,103,2016-02-19,2024,126,29,5,6,0,0,,0,009,-,N,,0,0,,,0,,,,Y,2,A,-,21453,A,N,B,H,-,C,A,0,Y,A,01,0,0,1,0,0,0,0,0,0,-,-,BERKELEY,ALAMEDA,CA,0,0
8010525,0,0,2016,0103,0,4,3,03,0,1,C,,,,,,600,2,B,I,A,"SAN PABLO AV","SAN PABLO AV 2117",0,,N,2016-04-05,103,2016-02-18,514,85,31,5,6,0,0,,0,014,-,N,,0,123,,,0,,,,Y,1,A,-,22350,,N,B,H,-,C,D,0,Y,A,01,0,1,0,0,0,0,0,0,0,-,-,BERKELEY,ALAMEDA,CA,0,0
8010529,-122.2663498,37.8538246,2016,0103,0,3,3,10,0,1,C,Y,,,,,2100,2,A,B,B,"SHATTUCK AV","ESSEX ST",0,,Y,2016-04-05,103,2016-02-17,1926,10,39,5,6,0,0,,0,010,-,N,,0,0,,,0,,,,N,2,A,-,21950,A,N,B,H,-,C,D,0,Y,A,01,0,1,0,0,1,0,0,0,0,-,-,BERKELEY,ALAMEDA,CA,0,0
8010541,-122.2753296,37.8713264,2016,0103,0,1,3,10,0,1,A,Y,,,,,2100,2,G,B,B,"W UNIVERSITY AV","S GRANT ST",0,,Y,2016-04-18,103,2016-02-15,1918,149,30,5,6,0,0,,0,003,-,N,,0,0,,,0,,,,N,2,A,-,21950,A,N,A,H,-,C,D,0,Y,A,01,0,1,0,0,1,0,0,0,0,-,-,BERKELEY,ALAMEDA,CA,0,0
8010545,-122.2669067,37.8786736,2016,0103,0,1,4,12,0,3,A,,,,,,300,2,D,C,A,"CEDAR ST E","OXFORD ST N",0,,Y,2016-04-05,103,2016-02-15,132,22,17,5,6,0,0,,0,002,-,N,,0,0,,,0,,,,Y,2,A,-,21457,A,N,A,H,-,C,A,0,Y,A,01,0,0,3,0,0,0,0,0,0,-,-,BERKELEY,ALAMEDA,CA,0,0
8010549,-122.2718353,37.8475342,2016,0103,0,6,3,03,0,2,A,,,,,,1200,2,D,C,A,"ADELINE ST","M L KING JR WAY",0,,Y,2016-11-14,103,2016-02-13,1114,135,40,5,6,0,0,,0,011,-,N,,0,0,,,0,,,,N,2,A,-,22350,,N,A,H,-,A,A,0,Y,A,01,0,1,1,0,0,0,0,0,0,-,-,BERKELEY,ALAMEDA,CA,0,0
8010553,-122.2842712,37.8701706,2016,0103,0,3,4,12,0,1,A,,,,,,1200,2,D,C,A,"UNIVERSITY AV","ACTON ST",16,E,N,2016-04-05,103,2016-02-17,931,101,31,5,6,0,0,,0,003,-,N,,0,0,,,0,,,,Y,2,A,-,21453,A,N,A,H,-,A,A,0,Y,A,01,0,0,1,0,0,0,0,0,0,-,-,BERKELEY,ALAMEDA,CA,0,0
8010557,-122.2718353,37.8475342,2016,0103,0,3,4,01,0,1,A,,,,,Y,300,2,A,I,A,"M L KING JR WAY","ADELINE ST",0,,Y,2016-04-21,103,2016-02-17,241,88,40,5,6,0,0,,0,011,-,N,,0,0,,,0,,,,N,1,A,-,23153,A,F,A,H,-,C,A,0,Y,A,01,0,0,1,0,0,0,0,0,0,-,-,BERKELEY,ALAMEDA,CA,0,0
8010641,-122.2800064,37.880024,2016,0103,0,6,4,01,0,1,A,,,,,,300,2,A,E,A,"ROSE ST","MCGEE AV",0,,Y,2016-04-06,103,2016-02-13,3,15,18,5,6,0,0,,0,002,-,N,,0,0,,,0,,,,Y,2,A,-,23152,E,N,A,H,-,C,D,0,Y,A,01,0,0,1,0,0,0,0,0,0,-,-,BERKELEY,ALAMEDA,CA,0,0
8012242,-122.2659912,37.867836,2016,0103,0,2,2,01,0,1,B,,Y,,,,1800,2,C,G,A,"FULTON ST","BANCROFT WY",0,,Y,2016-04-07,103,2016-02-02,1658,143,29,5,6,0,0,,0,003,-,N,,0,0,,,0,,,,Y,2,A,-,23152,E,N,A,H,-,A,A,0,Y,A,01,1,0,0,0,0,0,1,0,0,-,-,BERKELEY,ALAMEDA,CA,0,0
8012243,-122.2638321,37.8940849,2016,0103,0,3,3,09,0,1,A,,,,,,1800,2,D,C,A,"EUCLID AV","REGAL RD",0,,Y,2016-04-07,103,2016-02-10,1529,100,15,5,6,0,0,,0,001,-,N,,0,0,,,0,,,,N,2,A,-,21802,A,N,A,H,-,A,D,0,Y,A,01,0,1,0,0,0,0,0,0,0,-,-,BERKELEY,ALAMEDA,CA,0,0
8012246,-122.2660065,37.8806267,2016,0103,0,2,4,10,0,1,A,Y,,,,Y,2400,2,G,B,B,"S SPRUCE ST","E VINE ST",0,,Y,2016-04-07,103,2016-02-02,2328,149,16,5,6,0,0,,0,002,-,N,,0,0,,,0,,,,N,2,A,-,21950,A,N,A,H,-,C,A,0,Y,A,01,0,0,1,0,1,0,0,0,0,-,-,BERKELEY,ALAMEDA,CA,0,0
8012250,-122.2669525,37.8585167,2016,0103,0,3,4,09,0,1,B,,,,,,1800,2,D,C,A,"SHATTUCK AV","STUART ST",0,,Y,2016-04-07,103,2016-02-03,1545,125,35,5,6,0,0,,0,010,-,N,,0,0,,,0,,,,Y,2,A,-,21802,A,N,A,H,-,A,D,0,Y,A,01,0,0,1,0,0,0,0,0,0,-,-,BERKELEY,ALAMEDA,CA,0,0
8012262,-122.2936859,37.8734245,2016,0103,0,5,4,17,0,1,A,,Y,,,,2100,2,H,G,A,"SAN PABLO AV","VIRGINIA ST",0,,Y,2016-04-07,103,2016-02-05,1848,102,22,5,6,0,0,,0,004,-,N,,0,123,,,0,,,,N,2,A,-,22517,,N,A,H,-,C,D,0,Y,A,01,0,0,1,0,0,0,1,0,0,-,-,BERKELEY,ALAMEDA,CA,0,0
8012266,-122.2727966,37.8696938,2016,0103,0,1,3,09,0,1,A,,Y,,,,900,2,D,G,A,"CENTER ST","MARTIN LUTHER KING JR WY",0,,Y,2016-04-07,103,2016-02-01,811,4,29,5,6,0,0,,0,005,-,N,,0,0,,,0,,,,N,2,A,-,21801,A,N,A,H,-,A,A,0,Y,A,01,0,1,0,0,0,0,1,0,0,-,-,BERKELEY,ALAMEDA,CA,0,0
8012270,-122.2680664,37.8785248,2016,0103,0,1,4,12,0,1,A,,,,,,1200,2,D,C,A,"CEDAR CT","WALNUT ST",0,,Y,2016-04-07,103,2016-02-01,1048,96,16,5,6,0,0,,0,002,-,N,,0,0,,,0,,,,N,2,A,-,22450,A,N,A,G,-,A,A,0,Y,A,01,0,0,1,0,0,0,0,0,0,-,-,BERKELEY,ALAMEDA,CA,0,0
8012274,-122.2668533,37.8576241,2016,0103,0,1,4,03,0,1,A,,,,,,1500,2,C,C,A,"SHATTUCK AV","OREGON ST",0,,Y,2016-04-07,103,2016-02-01,1410,10,35,5,6,0,0,,0,010,-,N,,0,0,,,0,,,,N,2,A,-,22350,,N,A,H,-,A,D,0,Y,A,01,0,0,1,0,0,0,0,0,0,-,-,BERKELEY,ALAMEDA,CA,0,0
8012278,-122.2624359,37.8965416,2016,0103,0,1,3,08,0,1,A,,,,,,2400,2,A,E,A,"MARIN AV","KEELER AV",102,E,N,2016-04-07,103,2016-02-01,2212,15,15,5,6,0,0,,0,001,-,N,,0,0,,,0,,,,Y,2,A,-,22107,,N,A,H,-,C,D,0,Y,A,01,0,1,0,0,0,0,0,0,0,-,-,BERKELEY,ALAMEDA,CA,0,0
8012282,-122.264946,37.8624763,2016,0103,0,7,4,09,0,1,A,,Y,,,,1800,2,D,G,A,"PARKER ST","FULTON ST",0,,Y,2016-04-07,103,2016-02-07,1639,57,39,5,6,0,0,,0,009,-,N,,0,0,,,0,,,,N,2,A,-,21802,A,N,A,H,-,A,A,0,Y,A,01,0,0,1,0,0,0,1,0,0,-,-,BERKELEY,ALAMEDA,CA,0,0
8012286,-122.2700958,37.8654633,2016,0103,0,7,4,00,0,1,A,Y,,,,,1800,2,G,B,B,"MILVIA ST","CHANNING WY",0,,Y,2016-04-11,103,2016-02-07,1654,14,29,5,6,0,0,,0,005,-,N,,0,0,,,0,,,,N,2,D,-,0,,N,A,H,-,A,A,0,Y,-,-,0,0,1,0,1,0,0,0,0,-,-,BERKELEY,ALAMEDA,CA,0,0
8012290,-122.2837296,37.8651314,2016,0103,0,1,4,03,0,1,A,,,,,,1800,2,C,E,A,"ACTON ST","BANCROFT WY",154,S,N,2016-04-07,103,2016-02-08,1526,17,11,5,6,0,0,,0,005,-,N,,0,0,,,0,,,,N,2,A,-,22350,,N,A,H,-,A,D,0,Y,A,01,0,0,1,0,0,0,0,0,0,-,-,BERKELEY,ALAMEDA,CA,0,0
8012294,-122.2913895,37.8663559,2016,0103,0,1,4,08,0,1,A,,,,,,1800,2,A,C,A,"SAN PABLO AV","ALLSTON WY",0,,Y,2016-04-07,103,2016-02-08,1656,33,31,5,6,0,0,,0,014,-,N,,0,123,,,0,,,,N,2,A,-,22107,,N,A,H,-,A,A,0,Y,A,01,0,0,1,0,0,0,0,0,0,-,-,BERKELEY,ALAMEDA,CA,0,0
8012298,0,0,2016,0103,0,6,3,21,0,1,A,Y,,,,,2100,2,G,B,F,"DURANT AV","DURANT AV 2450",0,,Y,2016-04-07,103,2016-02-06,2015,48,28,5,6,0,0,,0,007,-,N,,0,0,,,0,,,,N,2,A,-,22106,,N,A,G,-,C,D,0,Y,A,01,0,1,0,0,1,0,0,0,0,-,-,BERKELEY,ALAMEDA,CA,0,0
8012302,-122.3021927,37.8671532,2016,0103,0,7,4,08,0,1,A,,,,,,1500,2,A,I,A,"UNIVERSITY AV","2ND ST",0,,Y,2016-04-07,103,2016-02-07,1201,S9,21,5,6,0,0,,0,014,-,N,,0,0,,,0,,,,N,1,A,-,22107,,N,A,H,-,A,D,0,Y,A,01,0,0,1,0,0,0,0,0,0,-,-,BERKELEY,ALAMEDA,CA,0,0
8012306,-122.2665329,37.8552742,2016,0103,0,2,3,03,0,1,A,,Y,,,,1200,2,B,G,A,"ASHBY AV","SHATTUCK AV",0,,Y,2016-04-07,103,2016-02-09,1146,85,35,5,6,0,0,,0,010,-,N,,0,13,,,0,,,,N,2,A,-,22350,,N,A,H,-,A,A,0,Y,L,04,0,1,0,0,0,0,1,0,0,-,-,BERKELEY,ALAMEDA,CA,0,0
8012310,-122.2838516,37.8618355,2016,0103,0,6,4,01,0,1,A,,,,,,1500,2,H,E,A,"DWIGHT WY","VALLEY ST",0,,Y,2016-04-06,103,2016-02-06,1219,7,3,5,6,0,0,,0,001,-,N,,0,0,,,0,,,,Y,3,A,-,23152,E,N,A,H,-,A,D,0,Y,A,01,0,0,1,0,0,0,0,0,0,-,-,BERKELEY,ALAMEDA,CA,0,0
8012314,-122.2826004,37.8752861,2016,0103,0,3,4,03,0,1,A,,,,,,1800,2,C,C,A,"SACRAMENTO ST","LINCOLN ST",190,S,N,2016-04-07,103,2016-02-10,1704,17,11,5,6,0,0,,0,003,-,N,,0,13,,,0,,,,N,2,A,-,22350,,N,A,H,-,B,A,0,Y,A,01,0,0,1,0,0,0,0,0,0,-,-,BERKELEY,ALAMEDA,CA,0,0
8012318,-122.2852554,37.8910522,2016,0103,0,2,3,03,0,1,A,,Y,,,,2100,2,C,G,A,"SOLANO AV","PERALTA ST",117,E,N,2016-04-07,103,2016-02-09,1826,17,11,5,6,0,0,,0,001,-,N,,0,0,,,0,,,,N,2,A,-,22350,,N,A,H,-,C,A,0,Y,L,04,0,1,0,0,0,0,1,0,0,-,-,BERKELEY,ALAMEDA,CA,0,0
8036820,-122.2741165,37.881424,2016,0103,0,1,4,12,0,1,A,,,,,,1500,3,D,C,A,"MARTIN LUTHER KING JR WY","ROSE ST",0,,Y,2016-05-13,103,2016-03-14,1340,144,17,5,6,0,0,,0,002,-,N,,0,13,,,0,,,,N,2,A,-,21453,A,N,A,H,-,A,A,0,Y,D,22,0,0,1,0,0,0,0,0,0,-,-,BERKELEY,ALAMEDA,CA,0,0
8036848,-122.2580734,37.8564433,2016,0103,0,1,4,03,0,1,B,,,,,,1200,3,C,C,A,"ASHBY AV","FLORENCE ST",0,,Y,2017-02-09,103,2016-03-21,1156,17,11,5,6,0,0,,0,007,-,Y,ALA,4,13,-,-,11.52,H,-,N,N,3,A,-,22350,,N,B,H,-,A,A,0,Y,A,01,0,0,1,0,0,0,0,0,0,-,-,BERKELEY,ALAMEDA,CA,0,0
8036881,-122.253055,37.8570157,2016,0103,0,5,4,01,0,1,C,,,,,Y,2400,3,D,D,A,"COLLEGE AV","ASHBY AV",0,,Y,2017-02-09,103,2016-03-04,2344,30,39,5,6,0,0,,0,008,-,Y,ALA,4,13,-,-,11.23,I,5,S,Y,3,A,-,23152,A,N,B,H,-,C,A,0,Y,D,22,0,0,1,0,0,0,0,0,0,-,-,BERKELEY,ALAMEDA,CA,0,0
8036882,-122.2732239,37.8733444,2016,0103,0,5,4,09,0,1,B,,,,,,1800,3,D,C,A,"MARTIN LUTHER KING JR WY","HEARST ST",0,,Y,2016-05-10,103,2016-03-04,1652,153,23,5,6,0,0,,0,003,-,N,,0,13,,,0,,,,Y,2,A,-,21801,A,N,B,H,-,A,A,0,Y,A,01,0,0,1,0,0,0,0,0,0,-,-,BERKELEY,ALAMEDA,CA,0,0
8036885,-122.2820816,37.8704453,2016,0103,0,6,4,08,0,1,C,,,,,,2100,3,B,C,A,"UNIVERSITY AV","SACRAMENTO ST",0,,Y,2016-05-11,103,2016-03-05,1941,55,30,5,6,0,0,,0,003,-,N,,0,0,,,0,,,,N,2,A,-,22107,,N,B,H,-,C,A,0,Y,A,01,0,0,1,0,0,0,0,0,0,-,-,BERKELEY,ALAMEDA,CA,0,0
8036886,0,0,2016,0103,0,7,2,11,0,1,C,Y,,,,,2400,3,G,B,D,"UNIVERSITY AV","UNIVERSITY AV 1716",0,,Y,2016-05-10,103,2016-03-06,2246,79,23,5,6,0,0,,0,003,-,N,,0,0,,,0,,,,N,2,A,-,21954,A,N,B,H,-,C,D,0,Y,N,60,1,0,0,0,1,0,0,0,0,-,-,BERKELEY,ALAMEDA,CA,0,0
8036890,-122.2730255,37.871624,2016,0103,0,1,4,09,0,1,B,,,,,,600,3,D,C,A,"MARTIN LUTHER KING JR WY","UNIVERSITY AV",0,,Y,2016-05-10,103,2016-03-07,520,109,24,5,6,0,0,,0,003,C,N,,0,13,,,0,,,,N,2,A,-,21802,A,N,B,H,-,C,A,0,Y,A,01,0,0,1,0,0,0,0,0,0,-,-,BERKELEY,ALAMEDA,CA,0,0
8036893,0,0,2016,0103,0,4,4,08,0,1,C,,,,Y,,1500,3,D,C,A,"ADELINE ST","63RD ST",0,,Y,2016-05-11,103,2016-03-10,1246,16,40,5,6,0,0,,0,011,-,N,,0,0,,,0,,,,N,2,A,-,22107,,N,B,H,-,A,D,0,Y,F,77,0,0,1,0,0,0,0,0,0,-,-,BERKELEY,ALAMEDA,CA,0,0
8036894,-122.2787323,37.8514748,2016,0103,0,1,4,10,0,1,B,Y,,,,,2100,3,G,B,B,"SACRAMENTO ST","PRINCE ST",0,,Y,2016-05-10,103,2016-03-07,1855,16,40,5,6,0,0,,0,011,-,N,,0,13,,,0,,,,N,2,A,-,21950,A,N,B,H,-,C,A,0,Y,A,01,0,0,1,0,1,0,0,0,0,-,-,BERKELEY,ALAMEDA,CA,0,0
8036897,-122.2843246,37.8701668,2016,0103,0,2,4,12,0,3,A,,,,,,2400,3,D,C,A,"UNIVERSITY AV","ACTON ST",0,,Y,2016-05-24,103,2016-03-22,2129,54,22,5,6,0,0,,0,003,-,N,,0,0,,,0,,,,N,2,A,-,21453,A,N,A,H,-,C,A,0,Y,D,22,0,0,3,0,0,0,0,0,0,-,-,BERKELEY,ALAMEDA,CA,0,0
8036898,-122.2612,37.8794136,2016,0103,0,2,4,12,0,1,A,,,,,,900,3,D,C,A,"EUCLID AV","CEDAR ST",0,,Y,2016-05-10,103,2016-03-08,836,144,11,5,6,0,0,,0,002,-,N,,0,0,,,0,,,,N,2,A,-,21453,A,N,A,H,-,A,A,0,Y,A,01,0,0,1,0,0,0,0,0,0,-,-,BERKELEY,ALAMEDA,CA,0,0
8036902,-122.2711945,37.8496857,2016,0103,0,2,4,03,0,1,B,,,,,,2100,3,C,C,A,"ADELINE ST","HARMON ST",0,,N,2016-05-10,103,2016-03-08,1845,33,39,5,6,0,0,,0,011,-,N,,0,0,,,0,,,,N,2,A,-,22350,,F,A,H,-,C,D,0,Y,A,01,0,0,1,0,0,0,0,0,0,-,-,BERKELEY,ALAMEDA,CA,0,0
8036906,-122.2460098,37.8572235,2016,0103,0,2,3,10,0,2,B,Y,,,,,2100,3,G,B,B,"CLAREMONT AV","CLAREMONT CRES",0,,Y,2016-05-10,103,2016-03-08,1940,8,38,5,6,0,0,,0,008,-,N,,0,0,,,0,,,,N,3,A,-,21950,A,N,A,H,-,C,A,0,Y,A,01,0,2,0,0,2,0,0,0,0,-,-,BERKELEY,ALAMEDA,CA,0,0
8036910,-122.2949295,37.8806267,2016,0103,0,3,3,09,0,1,C,,Y,,,,900,3,A,G,A,"KAINS AV","GILMAN ST",15,S,N,2016-05-10,103,2016-03-09,706,59,19,5,6,0,0,,0,004,-,N,,0,0,,,0,,,,N,2,A,-,21804,A,N,B,H,-,A,D,0,Y,A,01,0,1,0,0,0,0,1,0,0,-,-,BERKELEY,ALAMEDA,CA,0,0
8036914,-122.2691422,37.8490334,2016,0103,0,4,4,03,0,1,C,,,,,,1800,3,C,C,A,"ALCATRAZ AV","DOVER ST",0,,Y,2016-05-10,103,2016-03-10,1759,16,39,5,6,0,0,,0,011,-,N,,0,0,,,0,,,,N,2,A,-,22350,,N,A,H,-,C,D,0,Y,A,01,0,0,1,0,0,0,0,0,0,-,-,BERKELEY,ALAMEDA,CA,0,0
8036918,0,0,2016,0103,0,3,4,03,0,1,A,,,,,,1200,3,E,I,A,"SOLANO AV","SOLANO AV 1888",0,,Y,2016-05-10,103,2016-03-23,1110,144,13,5,6,0,0,,0,002,-,N,,0,0,,,0,,,,Y,1,A,-,22350,,N,A,H,-,A,D,0,Y,A,01,0,0,1,0,0,0,0,0,0,-,-,BERKELEY,ALAMEDA,CA,0,0
8036922,-122.2917862,37.8764458,2016,0103,0,4,3,03,0,1,A,Y,,,,,1500,3,G,B,E,"CORNELL AV","HOPKINS ST",4,N,N,2016-05-10,103,2016-03-24,1313,101,19,5,6,0,0,,0,004,-,N,,0,0,,,0,,,,N,2,A,-,22350,,F,A,H,-,A,D,0,Y,A,01,0,1,0,0,1,0,0,0,0,-,-,BERKELEY,ALAMEDA,CA,0,0
8036926,-122.292244,37.8690186,2016,0103,0,5,4,03,0,1,A,,,,,,1200,3,C,C,A,"SAN PABLO AV","UNIVERSITY AV",40,S,N,2016-05-10,103,2016-03-25,1143,49,31,5,6,0,0,,0,014,-,N,,0,123,,,0,,,,N,2,A,-,22350,,N,A,H,-,A,D,0,Y,A,01,0,0,1,0,0,0,0,0,0,-,-,BERKELEY,ALAMEDA,CA,0,0
8036930,-122.2795029,37.8679161,2016,0103,0,6,3,12,0,2,A,,Y,,,,1500,3,A,G,A,"CALIFORNIA ST","ALLSTON WY",0,,Y,2016-05-10,103,2016-03-26,1253,38,30,5,6,0,0,,0,005,-,N,,0,0,,,0,,,,N,2,A,-,22450,A,N,A,H,-,A,A,0,Y,L,04,0,1,1,0,0,0,1,0,0,-,-,BERKELEY,ALAMEDA,CA,0,0
8036934,0,0,2016,0103,0,6,3,03,0,4,A,,,,,,2100,3,C,E,A,"SHATTUCK AV","SHUTTUCK AV 1500",0,,Y,2016-05-10,103,2016-03-26,2024,127,17,5,6,0,0,,0,002,-,N,,0,0,,,0,,,,Y,4,A,-,22350,,N,A,H,-,A,A,0,Y,-,,0,2,2,0,0,0,0,0,0,-,-,BERKELEY,ALAMEDA,CA,0,0
8036938,0,0,2016,0103,0,6,3,03,0,1,A,,,,,Y,2400,3,A,I,A,"UNIVERSITY AV","MARINA BL",0,,Y,2016-05-10,103,2016-03-26,2358,60,20,5,6,0,0,,0,014,-,N,,0,0,,,0,,,,N,1,A,-,22350,,N,A,H,-,C,A,0,Y,A,01,0,1,0,0,0,0,0,0,0,-,-,BERKELEY,ALAMEDA,CA,0,0
8036942,-122.2698517,37.8530197,2016,0103,0,7,3,11,0,1,A,Y,,,,Y,1200,3,G,B,D,"ADELINE ST","ESSEX ST",143,S,N,2016-05-10,103,2016-03-27,1132,57,39,5,6,0,0,,0,010,-,N,,0,0,,,0,,,,N,2,A,-,21954,A,N,A,H,-,A,D,0,Y,N,60,0,1,0,0,1,0,0,0,0,-,-,BERKELEY,ALAMEDA,CA,0,0
8036946,-122.2743301,37.8832359,2016,0103,0,7,3,12,0,2,A,Y,,,,,2100,3,G,B,B,"MARTIN LUTHER KING JR WY","BERRYMAN ST",0,,Y,2016-05-10,103,2016-03-27,1956,127,17,5,6,0,0,,0,002,-,N,,0,13,,,0,,,,N,3,A,-,22450,A,N,A,H,-,B,A,0,Y,A,07,0,1,1,0,2,0,0,0,0,-,-,BERKELEY,ALAMEDA,CA,0,0
8036950,-122.2648239,37.8789444,2016,0103,0,2,3,10,0,1,A,Y,,,,,2100,3,A,B,B,"CEDAR ST","ARCH ST",56,W,N,2016-05-10,103,2016-03-29,1850,69,16,5,6,0,0,,0,001,-,N,,0,0,,,0,,,,N,2,A,-,21950,A,N,A,H,-,A,A,0,Y,A,01,0,1,0,0,1,0,0,0,0,-,-,BERKELEY,ALAMEDA,CA,0,0
8036954,-122.2867813,37.8521233,2016,0103,0,3,3,03,0,1,A,,,,,,1200,3,B,C,A,"SAN PABLO AV","ASHBY AV",0,,Y,2016-05-12,103,2016-03-30,1039,85,20,5,6,0,0,,0,013,-,N,,0,123,,,0,,,,N,2,A,-,22350,,N,A,H,-,A,D,0,Y,A,01,0,1,0,0,0,0,0,0,0,-,-,BERKELEY,ALAMEDA,CA,0,0
8036957,-122.2663116,37.8733635,2016,0103,0,5,4,10,0,1,B,Y,,,,,1500,3,G,B,B,"OXFORD ST","BERKELEY WY",0,,Y,2016-05-10,103,2016-03-04,1421,48,26,5,6,0,0,,0,006,C,N,,0,0,,,0,,,,N,2,A,-,21950,A,N,B,H,-,A,A,0,Y,A,01,0,0,1,0,1,0,0,0,0,-,-,BERKELEY,ALAMEDA,CA,0,0
8036958,0,0,2016,0103,0,3,4,03,0,2,A,,,,,,1800,3,C,C,A,"UNIVERSITY AV","UNIVERSITY AV 1936",0,,Y,2016-05-10,103,2016-03-30,1536,1,29,5,6,0,0,,0,003,-,N,,0,0,,,0,,,,N,2,A,-,22350,,N,A,H,-,A,D,0,Y,A,01,0,0,2,0,0,0,0,0,0,-,-,BERKELEY,ALAMEDA,CA,0,0
8036975,-122.2876872,37.854912,2016,0103,0,1,3,10,0,2,B,Y,,,,,1800,3,G,B,B,"OREGON ST","SAN PABLO AV",0,,Y,2017-02-09,103,2016-03-21,1750,8,33,5,6,0,0,,0,013,-,Y,ALA,4,123,-,-,2.12,I,5,S,N,3,A,-,21950,A,N,B,H,-,A,A,0,Y,A,01,0,1,1,0,2,0,0,0,0,-,-,BERKELEY,ALAMEDA,CA,0,0
8036979,-122.2577244,37.8564886,2016,0103,0,3,4,03,0,1,A,,,,,,1500,3,C,C,A,"RT 13","COLBY ST",120,E,N,2017-02-07,103,2016-03-02,1350,138,21,5,6,0,0,,0,007,-,Y,ALA,4,13,-,-,11.5,H,-,N,N,3,A,-,22350,,N,A,H,-,A,A,0,Y,A,01,0,0,1,0,0,0,0,0,0,-,-,BERKELEY,ALAMEDA,CA,0,0
8036983,-122.2924943,37.8703459,2016,0103,0,4,3,09,0,1,B,,,,,,1200,3,D,D,A,"RT 123","HEARST AV",28,N,N,2017-02-17,103,2016-03-03,1105,119,22,5,6,0,0,,0,014,-,Y,ALA,4,123,-,-,3.24,I,5,N,Y,2,A,-,21802,A,N,B,C,H,A,D,0,Y,A,01,0,1,0,0,0,0,0,0,0,-,-,BERKELEY,ALAMEDA,CA,0,0
8036987,-122.2902451,37.8628464,2016,0103,0,3,3,10,0,1,A,Y,,,,,2100,3,D,B,B,"CHANNING WY","SAN PABLO AV",0,,Y,2016-05-17,103,2016-03-23,1944,122,32,5,6,0,0,,0,013,-,Y,,0,0,,,0,,,,N,2,A,-,21950,A,N,A,H,-,C,D,0,Y,A,01,0,1,0,0,1,0,0,0,0,-,-,BERKELEY,ALAMEDA,CA,0,0
8037008,0,0,2016,0103,0,5,4,21,0,1,C,,Y,,,,2400,3,B,G,A,"BLAKE ST","BLAKE ST 1734",0,,-,2016-05-17,103,2016-03-11,2351,89,34,5,6,0,0,,0,005,-,N,,0,0,,,0,,,,N,2,A,-,22106,,N,B,H,-,C,D,0,Y,A,07,0,0,1,0,0,0,1,0,0,-,-,BERKELEY,ALAMEDA,CA,0,0