CASEID,POINT_X,POINT_Y,YEAR_,LOCATION,CHPTYPE,DAYWEEK,CRASHSEV,VIOLCAT,KILLED,INJURED,WEATHER1,PEDCOL,BICCOL,MCCOL,TRUCKCOL,ETOH,TIMECAT,MONTH_,CRASHTYP,INVOLVE,PED,PRIMARYRD,SECONDRD,DISTANCE,DIRECT,INTERSECT_,PROCDATE,JURIS,DATE_,TIME_,BADGE,JURIDIST,SHIFT,POP,SPECIAL,BEATTYPE,LAPDDIV,BEATCLAS,BEATNUMB,WEATHER2,STATEHW,CALTRANC,CALTRAND,STROUTE,ROUTESUF,POSTPRE,POSTMILE,LOCATYPE,RAMP,SIDEHW,TOWAWAY,PARTIES,PCF,VIOLCODE,VIOL,VIOLSUB,HITRUN,ROADSURF,RDCOND1,RDCOND2,LIGHTING,RIGHTWAY,CHPRDTYP,NOTPRIV,STFAULT,CHPFAULT,SEVINJ,OTHERINJ,COP,PEDKILL,PEDINJ,BICKILL,BICINJ,MCKILL,MCINJURE,RAMP1,RAMP2,CITY,COUNTY,STATE,X_CHP,Y_CHP
8112881,-122.2732315,37.8540459,2016,0103,0,2,4,09,0,1,A,,,,,,1500,7,D,C,A,"ASHBY AV","ELLIS ST",0,,Y,2016-12-08,103,2016-07-19,1217,151,34,5,6,0,0,,0,012,-,N,,0,13,,,0,,,,N,2,A,-,21802,A,N,A,H,-,A,D,0,Y,A,07,0,0,1,0,0,0,0,0,0,-,-,BERKELEY,ALAMEDA,CA,0,0
8112885,-122.2696915,37.8682938,2016,0103,0,1,4,11,0,1,A,Y,,,,,1500,7,G,B,D,"KITTREDGE ST","HAROLD WY",0,,Y,2016-09-06,103,2016-07-18,1318,119,29,5,6,0,0,,0,006,-,N,,0,0,,,0,,,,N,2,A,-,21954,A,N,A,H,-,A,D,0,Y,N,60,0,0,1,0,1,0,0,0,0,-,-,BERKELEY,ALAMEDA,CA,0,0
8112889,-122.2619019,37.8527336,2016,0103,0,4,3,10,0,1,A,Y,,,,,1500,7,G,B,B,"WOOLSEY ST","DEAKIN ST",0,,Y,2016-11-08,103,2016-07-21,1225,128,39,5,6,0,0,,0,007,-,N,,0,0,,,0,,,,N,2,A,-,21950,A,N,A,H,-,A,A,0,Y,A,01,0,1,0,0,1,0,0,0,0,-,-,BERKELEY,ALAMEDA,CA,0,0
8112893,-122.2727966,37.8696938,2016,0103,0,3,4,03,0,1,A,,Y,,,,1200,7,E,I,A,"MARTIN LUTHER KING JR WY","CENTER ST",0,,-,2016-09-06,103,2016-07-20,1147,128,29,5,6,0,0,,0,005,-,N,,0,13,,,0,,,,N,1,A,-,22350,,N,A,H,-,A,D,0,Y,L,04,0,0,1,0,0,0,1,0,0,-,-,BERKELEY,ALAMEDA,CA,0,0
8112897,-122.2791138,37.8532753,2016,0103,0,2,4,03,0,1,A,,,,,,2100,7,C,C,A,"SACRAMENTO ST","ASHBY AV",0,,Y,2016-11-03,103,2016-07-19,1808,146,40,5,6,0,0,,0,012,-,N,,0,13,,,0,,,,N,3,A,-,22350,,N,A,H,-,A,D,0,Y,A,07,0,0,1,0,0,0,0,0,0,-,-,BERKELEY,ALAMEDA,CA,0,0
8112901,-122.2929306,37.8717117,2016,0103,0,2,4,21,0,1,B,Y,,,,Y,2100,7,G,B,F,"DELAWARE ST","SAN PABLO AV",50,E,-,2016-11-19,103,2016-07-19,2041,1,22,5,6,0,0,,0,014,-,N,,0,0,,,0,,,,N,2,A,-,22106,,N,A,H,-,B,D,0,Y,A,01,0,0,1,0,1,0,0,0,0,-,-,BERKELEY,ALAMEDA,CA,0,0
8112905,-122.2775726,37.8914566,2016,0103,0,5,4,21,0,1,A,Y,,,,,1800,7,G,B,E,"SOLANO AV","THE ALAMEDA ST",125,W,N,2016-11-03,103,2016-07-29,1700,119,13,5,6,0,0,,0,001,-,N,,0,0,,,0,,,,N,2,A,-,22106,,N,A,H,-,A,D,0,Y,N,60,0,0,1,0,1,0,0,0,0,-,-,BERKELEY,ALAMEDA,CA,0,0
8112909,-122.2830811,37.8555832,2016,0103,0,5,4,05,0,1,A,,Y,,,,900,7,D,G,A,"PARK ST","OREGON ST",0,,Y,2016-11-03,103,2016-07-29,834,104,31,5,6,0,0,,0,012,-,N,,0,0,,,0,,,,N,2,A,-,21650,,N,A,H,-,A,D,0,Y,L,04,0,0,1,0,0,0,1,0,0,-,-,BERKELEY,ALAMEDA,CA,0,0
8112913,-122.2684631,37.8722153,2016,0103,0,6,4,12,0,2,A,,,,,,2400,7,D,C,A,"SHATTUCK AV","UNIVERSITY AV",0,,Y,2016-09-09,103,2016-07-30,2354,7,24,5,6,0,0,,0,006,-,N,,0,0,,,0,,,,N,2,A,-,21453,A,N,A,H,-,C,A,0,Y,A,01,0,0,2,0,0,0,0,0,0,-,-,BERKELEY,ALAMEDA,CA,0,0
8112917,-122.2686234,37.8738747,2016,0103,0,5,4,03,0,1,A,,,,,,2100,7,C,C,A,"SHATTUCK AV","HEARST AV",0,,Y,2016-09-06,103,2016-07-29,1848,7,24,5,6,0,0,,0,006,-,N,,0,0,,,0,,,,Y,3,A,-,22350,,N,A,H,-,A,A,0,Y,A,01,0,0,1,0,0,0,0,0,0,-,-,BERKELEY,ALAMEDA,CA,0,0
8112921,-122.2708054,37.8719139,2016,0103,0,6,4,03,0,1,A,,Y,,,,900,7,H,A,A,"UNIVERSITY AV","MILVIA ST",0,,Y,2016-11-02,103,2016-07-30,625,157,29,5,6,0,0,,0,003,-,N,,0,0,,,0,,,,N,1,A,-,22350,,N,A,H,-,C,D,0,Y,L,04,0,0,1,0,0,0,1,0,0,-,-,BERKELEY,ALAMEDA,CA,0,0
8112925,-122.2665329,37.8552742,2016,0103,0,6,4,-,0,1,A,,,,,,1800,7,B,C,A,"SHATTUCK AV","ASHBY AV",0,,Y,2016-11-03,103,2016-07-16,1759,126,39,5,6,0,0,,0,010,-,N,,0,0,,,0,,,,N,2,A,-,0,,N,A,H,-,A,A,0,Y,-,-,0,0,1,0,0,0,0,0,0,-,-,BERKELEY,ALAMEDA,CA,0,0
8112926,-122.2675705,37.8648643,2016,0103,0,2,4,12,0,1,A,,,,,,2100,7,D,C,A,"HASTE ST","SHATTUCK AV",0,,Y,2016-09-07,103,2016-07-12,2034,8,29,5,6,0,0,,0,009,-,N,,0,0,,,0,,,,Y,3,A,-,21453,A,N,A,H,-,A,A,0,Y,A,01,0,0,1,0,0,0,0,0,0,-,-,BERKELEY,ALAMEDA,CA,0,0
8112929,-122.2603455,37.8760033,2016,0103,0,4,4,11,0,1,A,Y,,,,,2100,7,G,B,D,"RIDGE RD","EUCLID AV",0,,-,2016-11-03,103,2016-07-28,1824,9,25,5,6,0,0,,0,002,-,N,,0,0,,,0,,,,N,2,A,-,21950,B,N,A,H,-,A,D,0,Y,N,60,0,0,1,0,1,0,0,0,0,-,-,BERKELEY,ALAMEDA,CA,0,0
8112930,-122.2944641,37.8686867,2016,0103,0,1,4,12,0,1,A,,,,,,1500,7,D,C,A,"9TH ST","UNIVERSITY AV",0,,Y,2016-09-07,103,2016-07-11,1318,10,23,5,6,0,0,,0,014,-,N,,0,0,,,0,,,,N,2,A,-,21453,A,N,A,H,-,A,A,0,Y,A,01,0,0,1,0,0,0,0,0,0,-,-,BERKELEY,ALAMEDA,CA,0,0
8112933,-122.3081665,37.8779945,2016,0103,0,1,4,03,0,2,A,,,,,,2100,7,C,C,A,"GILMAN ST","W FRONTAGE RD",0,,Y,2016-11-03,103,2016-07-25,1802,1,20,5,6,0,0,,0,015,-,N,,0,80,,,0,,,,N,2,A,-,22350,,N,A,H,-,A,A,0,Y,A,08,0,0,2,0,0,0,0,0,0,-,-,BERKELEY,ALAMEDA,CA,0,0
8112934,-122.2823944,37.8730736,2016,0103,0,2,4,03,0,1,A,,Y,,,,1500,7,E,I,A,"DELAWARE ST","SACRAMENTO ST",0,,-,2016-09-07,103,2016-07-12,1259,46,23,5,6,0,0,,0,003,-,N,,0,0,,,0,,,,N,1,A,-,22350,,N,A,H,-,A,D,0,Y,L,04,0,0,1,0,0,0,1,0,0,-,-,BERKELEY,ALAMEDA,CA,0,0
8112937,0,0,2016,0103,0,1,4,-,0,1,A,Y,,,,,1800,7,G,B,F,"CARLETON ST","SAN PABLO AV",91,W,N,2016-11-02,103,2016-07-25,1619,146,20,5,6,0,0,,0,013,-,N,,0,0,,,0,,,,N,2,A,-,0,,N,A,G,-,A,D,0,Y,-,-,0,0,1,0,1,0,0,0,0,-,-,BERKELEY,ALAMEDA,CA,0,0
8112938,-122.2718353,37.8475342,2016,0103,0,2,4,10,0,1,A,Y,,,,,2100,7,D,B,B,"ADELINE ST","M L KING JR WY",0,,Y,2016-09-07,103,2016-07-12,1849,8,40,5,6,0,0,,0,011,-,N,,0,0,,,0,,,,N,2,A,-,21950,A,N,A,H,-,A,A,0,Y,A,01,0,0,1,0,1,0,0,0,0,-,-,BERKELEY,ALAMEDA,CA,0,0
8112941,0,0,2016,0103,0,4,4,21,0,1,A,Y,,,,,1500,7,G,B,E,"BLAKE ST","BLAKE ST 2240",0,,-,2016-11-03,103,2016-07-28,1440,27,36,5,6,0,0,,0,009,-,N,,0,0,,,0,,,,N,2,A,-,22106,,N,A,H,-,A,D,0,Y,A,01,0,0,1,0,1,0,0,0,0,-,-,BERKELEY,ALAMEDA,CA,0,0
8112942,-122.2531509,37.8584824,2016,0103,0,1,4,00,0,1,A,,,,,,1800,7,C,C,A,"RUSSELL ST","COLLEGE AV",15,N,N,2016-09-07,103,2016-07-11,1508,155,36,5,6,0,0,,0,008,-,N,,0,0,,,0,,,,N,2,D,-,0,,N,A,H,-,A,D,0,Y,-,-,0,0,1,0,0,0,0,0,0,-,-,BERKELEY,ALAMEDA,CA,0,0
8112945,-122.248436,37.866066,2016,0103,0,3,3,-,0,1,A,,,Y,,,900,7,H,J,A,"DWIGHT WY","HILLSIDE AV",0,,Y,2016-11-02,103,2016-07-27,827,138,27,5,6,0,0,,0,008,-,N,,0,0,,,0,,,,N,2,A,-,0,,N,A,H,-,A,D,0,Y,-,-,0,1,0,0,0,0,0,0,1,-,-,BERKELEY,ALAMEDA,CA,0,0
8112946,-122.2581558,37.8833313,2016,0103,0,5,4,05,0,1,A,,,,,,1200,7,B,C,A,"LA LOMA AV","BUENA VISTA WY",558,N,N,2016-09-07,103,2016-07-08,1150,38,16,5,6,0,0,,0,001,-,N,,0,0,,,0,,,,N,2,A,-,21460,A,F,A,H,-,A,D,0,Y,-,99,0,0,1,0,0,0,0,0,0,-,-,BERKELEY,ALAMEDA,CA,0,0
8112949,-122.2730255,37.871624,2016,0103,0,7,4,12,0,1,A,,,,,,900,7,D,C,A,"UNIVERSITY AV","MARTIN LUTHER KING JR WY",0,,Y,2016-11-03,103,2016-07-24,657,57,29,5,6,0,0,,0,004,-,N,,0,0,,,0,,,,N,2,A,-,21453,A,N,A,H,-,A,A,0,Y,A,08,0,0,1,0,0,0,0,0,0,-,-,BERKELEY,ALAMEDA,CA,0,0
8112950,-122.2686462,37.8564758,2016,0103,0,6,3,09,0,1,A,,Y,,,,1800,7,D,G,A,"RUSSELL ST","ADELINE ST",0,,Y,2016-11-08,103,2016-07-23,1501,57,35,5,6,0,0,,0,010,-,N,,0,0,,,0,,,,N,3,A,-,21802,A,F,A,H,-,A,A,0,Y,L,04,0,1,0,0,0,0,1,0,0,-,-,BERKELEY,ALAMEDA,CA,0,0
8112953,-122.2665329,37.8552742,2016,0103,0,1,4,10,0,1,A,Y,,,,,1500,7,G,B,B,"SHATTUCK AV","ASHBY AV",0,,Y,2016-11-02,103,2016-07-25,1444,151,29,5,6,0,0,,0,010,-,N,,0,0,,,0,,,,N,2,A,-,21950,A,N,A,H,-,C,A,0,Y,A,01,0,0,1,0,1,0,0,0,0,-,-,BERKELEY,ALAMEDA,CA,0,0
8112954,-122.2741547,37.8483582,2016,0103,0,3,2,06,0,1,A,,,Y,,,2100,7,B,C,A,"ALCATRAZ AV","KING ST",153,W,N,2016-09-07,103,2016-07-06,1802,99,40,5,6,0,0,,0,011,-,N,,0,0,,,0,,,,N,2,A,-,21755,,N,A,H,-,A,D,0,Y,C,02,1,0,0,0,0,0,0,0,1,-,-,BERKELEY,ALAMEDA,CA,0,0
8112957,-122.2660599,37.8701439,2016,0103,0,1,4,03,0,3,A,Y,,,,,900,7,E,I,F,"OXFORD LN","OXFORD ST",42,W,N,2016-11-03,103,2016-07-25,810,82,29,5,6,0,0,,0,006,-,N,,0,0,,,0,,,,Y,2,A,-,22350,,N,A,E,-,A,D,0,Y,A,01,0,0,3,0,1,0,0,0,0,-,-,BERKELEY,ALAMEDA,CA,0,0
8112958,-122.2676926,37.8657761,2016,0103,0,1,3,12,0,1,A,,,,,,300,7,E,I,A,"CHANNING WY","SHATTUCK AV",0,,Y,2016-09-07,103,2016-07-11,117,30,29,5,6,0,0,,0,009,-,N,,0,0,,,0,,,,Y,2,A,-,21453,A,F,A,H,-,C,A,0,Y,-,,0,1,0,0,0,0,0,0,0,-,-,BERKELEY,ALAMEDA,CA,0,0
8112972,-122.2591705,37.8599739,2016,0103,0,7,2,12,0,1,A,,Y,,,,1200,6,B,G,A,"TELEGRAPH AV","STUART ST",157,N,N,2016-11-02,103,2016-06-26,1030,138,36,5,6,0,0,,0,007,-,N,,0,13,,,0,,,,N,2,A,-,21453,A,N,A,H,-,A,D,0,Y,L,04,1,0,0,0,0,0,1,0,0,-,-,BERKELEY,ALAMEDA,CA,0,0
8112976,-122.260231,37.8769836,2016,0103,0,2,4,03,0,1,A,,,,,,1200,6,C,C,A,"LE CONTE AV","EUCLID AV",85,E,N,2016-09-06,103,2016-06-28,1009,138,25,5,6,0,0,,0,002,-,N,,0,0,,,0,,,,N,2,A,-,22350,,F,A,H,-,A,D,0,Y,A,01,0,0,1,0,0,0,0,0,0,-,-,BERKELEY,ALAMEDA,CA,0,0
8120009,-122.2587357,37.863266,2016,0103,0,3,4,12,0,1,A,,,,,,900,7,D,C,A,"TELEGRAPH AV","PARKER ST",0,,Y,2016-09-13,103,2016-07-27,812,96,36,5,6,0,0,,0,009,-,N,,0,13,,,0,,,,N,2,A,-,22450,A,N,A,H,-,A,A,0,Y,-,-,0,0,1,0,0,0,0,0,0,-,-,BERKELEY,ALAMEDA,CA,0,0
8126731,-122.2741165,37.881424,2016,0103,0,2,4,12,0,1,A,,Y,,,,900,7,D,G,A,"ROSE ST","MARTIN LUTHER KING JR WY",0,,Y,2016-11-19,103,2016-07-19,835,85,17,5,6,0,0,,0,002,-,N,,0,0,,,0,,,,N,2,A,-,21453,A,N,A,H,-,A,A,0,Y,A,01,0,0,1,0,0,0,1,0,0,-,-,BERKELEY,ALAMEDA,CA,0,0
8131772,-122.2814127,37.8532129,2016,0103,0,4,3,09,0,3,A,,,,,,1800,8,D,C,A,"ACTON ST","ASHBY AV",0,,Y,2017-02-18,103,2016-08-18,1616,8,40,5,6,0,0,,0,012,-,Y,ALA,4,13,-,-,12.89,I,5,N,Y,3,A,-,21802,A,N,A,H,-,A,A,0,Y,A,07,0,1,2,0,0,0,0,0,0,-,-,BERKELEY,ALAMEDA,CA,0,0
8131776,-122.2842754,37.8526501,2016,0103,0,2,4,03,0,2,B,,,,,,900,8,C,C,A,"RT 13","MABEL ST",183,W,N,2017-02-18,103,2016-08-02,721,119,22,5,6,0,0,,0,013,-,Y,ALA,4,13,-,-,13.05,H,-,S,N,3,A,-,22350,,M,A,H,-,A,D,0,Y,-,,0,0,2,0,0,0,0,0,0,-,-,BERKELEY,ALAMEDA,CA,0,0
8131780,-122.2710741,37.8542898,2016,0103,0,7,3,12,0,2,A,,,,,,900,8,D,C,A,"ASHBY AV","MARTIN LUTHER KING JR WY",0,,Y,2017-02-18,103,2016-08-07,756,104,34,5,6,0,0,,0,010,-,Y,ALA,4,13,-,-,12.32,I,5,S,Y,2,A,-,21453,A,N,A,H,-,A,A,0,Y,A,07,0,1,1,0,0,0,0,0,0,-,-,BERKELEY,ALAMEDA,CA,0,0
8131800,-122.2837216,37.8527542,2016,0103,0,2,3,09,0,1,A,,Y,,,,2100,8,B,G,A,"ASHBY AV","MABEL ST",0,,Y,2017-03-07,103,2016-08-30,1933,33,40,5,6,0,0,,0,012,-,Y,ALA,4,13,-,-,13.02,I,5,N,N,2,A,-,21801,A,N,A,H,-,A,A,0,Y,A,01,0,1,0,0,0,0,1,0,0,-,-,BERKELEY,ALAMEDA,CA,0,0
8143297,-122.2942734,37.8752441,2016,0103,0,1,2,-,0,1,A,Y,,,,Y,1500,6,G,B,E,"SAN PABLO AV","CEDAR ST",22,N,N,2016-11-08,103,2016-06-20,1318,144,22,5,6,0,0,,0,004,-,N,,0,123,,,0,,,,N,2,A,I,0,,N,A,H,-,A,A,0,Y,N,60,1,0,0,0,1,0,0,0,0,-,-,BERKELEY,ALAMEDA,CA,0,0
8151475,-122.3010788,37.8784256,2016,0103,0,7,4,21,0,4,B,,,,,,1800,8,D,C,A,"6TH ST","GILMAN ST",357,S,N,2016-10-26,103,2016-08-14,1741,20,20,5,6,0,0,,0,004,-,N,,0,0,,,0,,,,N,3,A,-,22106,,N,A,H,-,A,D,0,Y,A,01,0,0,4,0,0,0,0,0,0,-,-,BERKELEY,ALAMEDA,CA,0,0
8162365,-122.3000565,37.8752861,2016,0103,0,5,4,12,0,1,A,,,,,,1500,9,D,C,A,"6TH ST","JONES ST",0,,Y,2016-11-29,103,2016-09-16,1210,104,21,5,6,0,0,,0,004,-,N,,0,0,,,0,,,,Y,2,A,-,22450,A,F,A,H,-,A,D,0,Y,A,07,0,0,1,0,0,0,0,0,0,-,-,BERKELEY,ALAMEDA,CA,0,0
8162385,-122.2806549,37.8604546,2016,0103,0,3,4,03,0,3,A,,,,,,900,9,C,C,A,"SACRAMENTO ST","PARKER ST",0,,Y,2016-12-01,103,2016-09-07,815,118,33,5,6,0,0,,0,012,-,N,,0,13,,,0,,,,Y,2,A,-,22350,,N,A,H,-,A,D,0,Y,A,01,0,0,3,0,0,0,0,0,0,-,-,BERKELEY,ALAMEDA,CA,0,0
8162389,-122.2982559,37.8693199,2016,0103,0,3,3,10,0,1,A,Y,,,,,1800,9,G,B,B,"HEARST AV","6TH ST",21,W,N,2016-11-21,103,2016-09-07,1618,1,21,5,6,0,0,,0,014,-,N,,0,123,,,0,,,,N,2,A,-,21950,A,N,A,H,-,A,A,0,Y,D,22,0,1,0,0,1,0,0,0,0,-,-,BERKELEY,ALAMEDA,CA,0,0
8162393,-122.2974167,37.8680954,2016,0103,0,4,4,08,0,1,A,Y,,,,,1800,9,B,E,E,"UNIVERSITY AV","6TH ST",97,E,N,2016-11-29,103,2016-09-08,1748,1,32,5,6,0,0,,0,014,-,N,,0,0,,,0,,,,N,3,A,-,22107,,N,A,H,-,A,D,0,Y,I,20,0,0,1,0,1,0,0,0,0,-,-,BERKELEY,ALAMEDA,CA,0,0
8162482,-122.281723,37.8531342,2016,0103,0,5,4,03,0,2,A,,,,,,1800,9,C,C,A,"ASHBY AV","ACTON ST",93,W,N,2016-11-21,103,2016-09-09,1626,71,33,5,6,0,0,,0,012,-,N,,0,13,,,0,,,,Y,2,A,-,22350,,N,A,H,-,A,D,0,Y,D,22,0,0,2,0,0,0,0,0,0,-,-,BERKELEY,ALAMEDA,CA,0,0
8162494,-122.2516251,37.8659058,2016,0103,0,3,4,03,0,1,A,,Y,,,,1800,9,D,G,A,"PIEDMONT AV","DWIGHT WY",0,,Y,2016-11-21,103,2016-09-21,1502,17,11,5,6,0,0,,0,008,-,N,,0,0,,,0,,,,N,2,A,-,22350,,N,A,D,-,A,D,0,Y,L,04,0,0,1,0,0,0,1,0,0,-,-,BERKELEY,ALAMEDA,CA,0,0
8162498,-122.2774582,37.8561249,2016,0103,0,4,4,17,0,1,A,,Y,,,,900,9,D,G,A,"CALIFORNIA ST","OREGON ST",70,S,N,2016-11-21,103,2016-09-22,837,118,34,5,6,0,0,,0,012,-,N,,0,0,,,0,,,,N,2,A,-,22517,,N,A,H,-,A,D,0,Y,D,22,0,0,1,0,0,0,1,0,0,-,-,BERKELEY,ALAMEDA,CA,0,0
8163305,-122.27388,37.8715134,2016,0103,0,2,3,14,0,1,A,,Y,,,,2100,9,C,G,A,"UNIVERSITY AV","MARTIN LUTHER KING JR WY",250,W,N,2016-11-15,103,2016-09-20,2013,89,23,5,6,0,0,,0,003,-,N,,0,0,,,0,,,,N,2,A,-,21201,D,N,A,H,-,C,D,0,Y,L,04,0,1,0,0,0,0,1,0,0,-,-,BERKELEY,ALAMEDA,CA,0,0
8163309,-122.3096466,37.8777161,2016,0103,0,7,3,01,0,1,A,,,,,Y,600,9,A,I,A,"GILMAN ST","BUCHANAN ST",0,,Y,2016-11-15,103,2016-09-11,452,135,20,5,6,0,0,,0,004,-,N,,0,80,,,0,,,,N,1,A,-,23152,A,N,A,H,-,C,D,0,Y,A,01,0,1,0,0,0,0,0,0,0,-,-,BERKELEY,ALAMEDA,CA,0,0
8163317,-122.280014,37.8861847,2016,0103,0,4,3,11,0,1,A,Y,,,,,1800,9,A,B,E,"MONTEREY AV","SONOMA AV",0,,Y,2016-11-15,103,2016-09-22,1714,122,13,5,6,0,0,,0,002,-,N,,0,0,,,0,,,,N,2,A,-,21954,A,N,A,H,-,A,D,0,Y,N,60,0,1,0,0,1,0,0,0,0,-,-,BERKELEY,ALAMEDA,CA,0,0
8163321,-122.2680817,37.8703346,2016,0103,0,2,3,01,0,1,A,,Y,,,Y,2400,9,E,G,A,"SHATTUCK AV","CENTER ST",0,,Y,2016-11-15,103,2016-09-20,2223,21,29,5,6,0,0,,0,006,-,N,,0,0,,,0,,,,N,2,A,-,23152,E,N,A,H,-,C,A,0,Y,A,01,0,1,0,0,0,0,1,0,0,-,-,BERKELEY,ALAMEDA,CA,0,0
8163325,-122.2608261,37.875,2016,0103,0,4,2,03,0,1,A,,,Y,,,1200,9,A,E,A,"HEARST AV","EUCLID AV",184,W,N,2016-11-15,103,2016-09-22,1009,106,25,5,6,0,0,,0,002,-,N,,0,123,,,0,,,,N,2,A,-,22350,,N,A,H,-,A,D,0,Y,C,03,1,0,0,0,0,0,0,0,1,-,-,BERKELEY,ALAMEDA,CA,0,0
8163329,-122.2952805,37.8749962,2016,0103,0,4,4,-,0,1,A,,Y,,,,1500,9,D,G,A,"10TH ST","CEDAR ST",0,,Y,2016-11-15,103,2016-09-08,1315,8,21,5,6,0,0,,0,004,-,N,,0,0,,,0,,,,N,2,-,-,0,,N,A,H,-,A,D,0,Y,-,-,0,0,1,0,0,0,1,0,0,-,-,BERKELEY,ALAMEDA,CA,0,0
8163333,-122.2711487,37.8543549,2016,0103,0,6,4,08,0,1,A,,Y,,,,2100,9,D,G,A,"MARTIN LUTHER KING JR WY","ASHBY AV",25,N,N,2016-11-15,103,2016-09-10,1941,55,40,5,6,0,0,,0,012,-,N,,0,13,,,0,,,,N,2,A,-,22107,,N,A,H,-,C,A,0,Y,L,04,0,0,1,0,0,0,1,0,0,-,-,BERKELEY,ALAMEDA,CA,0,0
8163337,-122.2599792,37.8612747,2016,0103,0,4,3,10,0,1,A,Y,,,,,1500,9,G,B,B,"DERBY ST","DANA ST",0,,Y,2016-11-15,103,2016-09-08,1327,37,38,5,6,0,0,,0,007,-,N,,0,0,,,0,,,,N,2,A,-,21950,A,N,A,H,-,A,A,0,Y,A,01,0,1,0,0,1,0,0,0,0,-,-,BERKELEY,ALAMEDA,CA,0,0
8163341,-122.2567749,37.8681259,2016,0103,0,5,4,11,0,1,A,Y,,Y,,,1200,9,A,B,B,"DURANT AV","BOWDITCH ST",0,,Y,2016-11-15,103,2016-09-09,1002,38,28,5,6,0,0,,0,007,-,N,,0,0,,,0,,,,N,2,A,-,21950,B,N,A,H,-,A,A,0,Y,N,60,0,0,1,0,1,0,0,0,0,-,-,BERKELEY,ALAMEDA,CA,0,0
8163345,-122.2592316,37.8595467,2016,0103,0,2,4,11,0,1,A,Y,,,,,900,9,G,B,B,"STUART ST","TELEGRAPH AV",0,,Y,2016-11-15,103,2016-09-06,747,6,23,5,6,0,0,,0,007,-,N,,0,0,,,0,,,,N,3,A,-,21954,A,N,A,H,-,A,A,0,Y,N,60,0,0,1,0,1,0,0,0,0,-,-,BERKELEY,ALAMEDA,CA,0,0
8163349,-122.2919846,37.8681564,2016,0103,0,6,4,09,0,3,A,,,,,,900,9,D,C,A,"SAN PABLO AV","ADDISON ST",0,,Y,2016-11-15,103,2016-09-03,820,38,31,5,6,0,0,,0,014,-,N,,0,123,,,0,,,,N,2,A,-,21801,A,N,A,H,-,A,A,0,Y,A,01,0,0,3,0,0,0,0,0,0,-,-,BERKELEY,ALAMEDA,CA,0,0
8163353,-122.2739258,37.8796234,2016,0103,0,3,4,09,0,1,A,,,,,,2100,9,D,C,A,"MARTIN LUTHER KING JR WY","E VINE ST",0,,Y,2016-11-15,103,2016-09-07,1909,149,17,5,6,0,0,,0,002,-,N,,0,13,,,0,,,,N,2,A,-,21804,A,N,A,H,-,A,D,0,Y,A,01,0,0,1,0,0,0,0,0,0,-,-,BERKELEY,ALAMEDA,CA,0,0
8163357,-122.2873917,37.8539238,2016,0103,0,2,3,03,0,3,A,,,,,,1500,9,C,C,A,"SAN PABLO AV","RUSSELL ST",139,N,N,2016-11-15,103,2016-09-06,1257,53,20,5,6,0,0,,0,013,-,N,,0,123,,,0,,,,N,3,A,-,22350,,N,A,H,-,A,D,0,Y,A,01,0,1,2,0,0,0,0,0,0,-,-,BERKELEY,ALAMEDA,CA,0,0
8163762,-122.2814102,37.8531952,2016,0103,0,3,4,07,0,3,A,,,,,,1200,9,C,C,A,"ASHBY AV","ACTON ST",0,,Y,2016-11-18,103,2016-09-14,1109,96,33,5,6,0,0,,0,012,-,N,,0,13,,,0,,,,N,2,A,-,21658,A,N,A,H,-,A,D,0,Y,A,01,0,0,3,0,0,0,0,0,0,-,-,BERKELEY,ALAMEDA,CA,0,0
8163766,0,0,2016,0103,0,1,3,09,0,1,A,,Y,,,,2100,9,H,G,A,"SHATTUCK AV","SHATTUCK AV 1550",0,,N,2016-11-18,103,2016-09-12,1944,122,25,5,6,0,0,,0,002,-,N,,0,0,,,0,,,,N,2,A,-,21801,A,N,A,H,-,D,A,0,Y,L,04,0,1,0,0,0,0,1,0,0,-,-,BERKELEY,ALAMEDA,CA,0,0
8163770,-122.2867813,37.8521233,2016,0103,0,4,4,05,0,1,A,,Y,,,,1500,9,D,G,A,"SAN PABLO AV","ASHBY AV",0,,Y,2016-11-18,103,2016-09-15,1244,8,20,5,6,0,0,,0,013,-,N,,0,123,,,0,,,,N,2,A,-,21650,1,F,A,H,-,A,A,0,Y,L,04,0,0,1,0,0,0,1,0,0,-,-,BERKELEY,ALAMEDA,CA,0,0
8163774,-122.2473831,37.855526,2016,0103,0,4,3,08,0,2,A,,,,,,900,9,B,D,A,"CLAREMONT AV","OAKVALE AV",0,,Y,2016-11-18,103,2016-09-15,823,93,38,5,6,0,0,,0,008,-,N,,0,0,,,0,,,,Y,2,A,-,22107,,N,A,H,-,A,A,0,Y,A,01,0,1,1,0,0,0,0,0,0,-,-,BERKELEY,ALAMEDA,CA,0,0
8163778,-122.2858658,37.8615761,2016,0103,0,4,4,08,0,1,A,,,,,,900,9,D,C,A,"DWIGHT WY","BONAR ST",0,,Y,2016-11-18,103,2016-09-15,758,30,31,5,6,0,0,,0,005,-,N,,0,0,,,0,,,,Y,3,A,-,22107,,N,A,H,-,A,D,0,Y,A,01,0,0,1,0,0,0,0,0,0,-,-,BERKELEY,ALAMEDA,CA,0,0
8163782,-122.2686234,37.8738747,2016,0103,0,3,4,08,0,1,A,,,,,,2100,9,A,C,A,"HEARST AV","SHATTUCK AV",0,,Y,2016-11-18,103,2016-09-14,1812,17,11,5,6,0,0,,0,006,-,N,,0,123,,,0,,,,Y,2,A,-,22107,,N,A,H,-,B,A,0,Y,A,08,0,0,1,0,0,0,0,0,0,-,-,BERKELEY,ALAMEDA,CA,0,0