CASEID,POINT_X,POINT_Y,YEAR_,LOCATION,CHPTYPE,DAYWEEK,CRASHSEV,VIOLCAT,KILLED,INJURED,WEATHER1,PEDCOL,BICCOL,MCCOL,TRUCKCOL,ETOH,TIMECAT,MONTH_,CRASHTYP,INVOLVE,PED,PRIMARYRD,SECONDRD,DISTANCE,DIRECT,INTERSECT_,PROCDATE,JURIS,DATE_,TIME_,BADGE,JURIDIST,SHIFT,POP,SPECIAL,BEATTYPE,LAPDDIV,BEATCLAS,BEATNUMB,WEATHER2,STATEHW,CALTRANC,CALTRAND,STROUTE,ROUTESUF,POSTPRE,POSTMILE,LOCATYPE,RAMP,SIDEHW,TOWAWAY,PARTIES,PCF,VIOLCODE,VIOL,VIOLSUB,HITRUN,ROADSURF,RDCOND1,RDCOND2,LIGHTING,RIGHTWAY,CHPRDTYP,NOTPRIV,STFAULT,CHPFAULT,SEVINJ,OTHERINJ,COP,PEDKILL,PEDINJ,BICKILL,BICINJ,MCKILL,MCINJURE,RAMP1,RAMP2,CITY,COUNTY,STATE,X_CHP,Y_CHP
8163791,-122.2675705,37.8648643,2016,0103,0,4,3,09,0,1,A,,,Y,,,1800,9,D,C,A,"HASTE ST","SHATTUCK AV",0,,Y,2016-11-18,103,2016-09-01,1512,128,29,5,6,0,0,,0,009,-,N,,0,0,,,0,,,,N,2,A,-,21801,A,N,A,H,-,A,A,0,Y,A,01,0,1,0,0,0,0,0,0,1,-,-,BERKELEY,ALAMEDA,CA,0,0
8163806,-122.2692261,37.8546333,2016,0103,0,1,4,03,0,2,A,,,,,,1800,9,C,C,A,"ASHBY AV","ADELINE ST",0,,Y,2016-11-18,103,2016-09-12,1503,128,35,5,6,0,0,,0,010,-,N,,0,13,,,0,,,,N,2,A,-,22350,,N,A,H,-,A,A,0,Y,A,01,0,0,2,0,0,0,0,0,0,-,-,BERKELEY,ALAMEDA,CA,0,0
8163807,-122.2875443,37.8543739,2016,0103,0,6,4,01,0,1,A,,,,,Y,300,9,C,C,A,"SAN PABLO AV","HEINZ AV",0,,Y,2016-11-18,103,2016-09-03,149,140,33,5,6,0,0,,0,013,-,N,,0,123,,,0,,,,N,2,A,-,23152,A,N,A,H,-,C,A,0,Y,A,01,0,0,1,0,0,0,0,0,0,-,-,BERKELEY,ALAMEDA,CA,0,0
8163811,-122.2589035,37.8771515,2016,0103,0,5,4,08,0,1,A,,,,,,1200,9,B,C,A,"LE CONTE AV","LE ROY AV",55,W,N,2016-11-18,103,2016-09-02,923,157,25,5,6,0,0,,0,002,-,N,,0,0,,,0,,,,Y,3,A,-,22107,,N,A,H,-,A,D,0,Y,A,01,0,0,1,0,0,0,0,0,0,-,-,BERKELEY,ALAMEDA,CA,0,0
8163815,-122.2907104,37.8566055,2016,0103,0,5,3,18,0,1,A,,,,,,2400,9,E,I,A,"PARDEE ST","9TH ST",33,W,N,2017-01-10,103,2016-09-16,2210,108,20,5,6,0,0,,0,013,-,N,,0,0,,,0,,,,Y,3,C,-,0,,N,A,H,-,C,D,0,Y,-,-,0,1,0,0,0,0,0,0,0,-,-,BERKELEY,ALAMEDA,CA,0,0
8163819,-122.3061778,37.874811,2016,0103,0,1,4,03,0,1,A,,,,,,1500,9,C,C,A,"GILMAN ST","RT 80",0,,Y,2017-02-22,103,2016-09-19,1327,8,20,5,6,0,0,,0,004,-,Y,ALA,4,80,-,-,6.408,R,4,E,Y,2,A,-,22350,,N,A,H,-,A,D,0,Y,A,01,0,0,1,0,0,0,0,0,0,-,-,BERKELEY,ALAMEDA,CA,0,0
8163823,-122.277298,37.8876114,2016,0103,0,7,3,08,0,1,A,,,,,,1800,9,F,E,A,"MONTEREY AV","FRESNO AV",53,E,N,2016-11-18,103,2016-09-18,1721,24,13,5,6,0,0,,0,001,-,N,,0,0,,,0,,,,Y,2,A,-,22107,,N,A,H,-,A,D,0,Y,A,01,0,1,0,0,0,0,0,0,0,-,-,BERKELEY,ALAMEDA,CA,0,0
8163827,-122.2814102,37.8531952,2016,0103,0,2,4,09,0,1,A,,,Y,,,900,9,B,C,A,"ACTON ST","ASHBY AV",0,,Y,2016-11-18,103,2016-09-20,731,118,23,5,6,0,0,,0,012,-,N,,0,0,,,0,,,,N,2,A,-,21800,A,N,A,H,-,A,B,0,Y,C,02,0,0,1,0,0,0,0,0,0,-,-,BERKELEY,ALAMEDA,CA,0,0
8163831,-122.2654724,37.8744469,2016,0103,0,2,4,08,0,1,A,,Y,,,,1800,9,D,G,A,"SPRUCE ST","HEARST AV",66,N,N,2016-11-18,103,2016-09-20,1503,8,25,5,6,0,0,,0,002,-,N,,0,0,,,0,,,,N,2,A,-,22107,,N,A,H,-,A,D,0,Y,L,04,0,0,1,0,0,0,1,0,0,-,-,BERKELEY,ALAMEDA,CA,0,0
8163835,-122.2701797,37.866375,2016,0103,0,6,3,03,0,1,A,,Y,,,,1500,9,E,I,A,"DURANT AV","MILVIA ST",0,,Y,2016-11-18,103,2016-09-17,1451,126,38,5,6,0,0,,0,009,-,N,,0,0,,,0,,,,N,1,A,-,22350,,N,A,H,-,A,D,0,Y,L,04,0,1,0,0,0,0,1,0,0,-,-,BERKELEY,ALAMEDA,CA,0,0
8163839,-122.2753296,37.8713264,2016,0103,0,6,3,09,0,1,A,,,,,,1500,9,D,C,A,"GRANT ST","UNIVERSITY AV",0,,Y,2016-12-20,103,2016-09-17,1205,66,30,5,6,0,0,,0,003,-,N,,0,0,,,0,,,,N,3,A,-,21801,A,N,A,H,-,A,D,0,Y,A,01,0,1,0,0,0,0,0,0,0,-,-,BERKELEY,ALAMEDA,CA,0,0
8168276,-122.2685547,37.8730965,2016,0103,0,4,3,10,0,1,A,Y,,,,,1800,9,G,B,B,"SHATTUCK AV","BERKELEY WY",0,,Y,2016-11-21,103,2016-09-29,1619,49,24,5,6,0,0,,0,006,-,N,,0,0,,,0,,,,N,2,A,-,21950,A,N,A,H,-,A,D,0,Y,D,22,0,1,0,0,1,0,0,0,0,-,-,BERKELEY,ALAMEDA,CA,0,0
8168962,-122.2684174,37.8718185,2016,0103,0,6,3,17,0,1,A,,Y,,,,1500,9,B,G,A,"SHATTUCK AV","UNIVERSITY AV",145,S,N,2016-11-15,103,2016-09-24,1301,111,29,5,6,0,0,,0,006,-,N,,0,0,,,0,,,,N,3,A,-,22517,,N,A,H,-,A,D,0,Y,A,01,0,1,0,0,0,0,1,0,0,-,-,BERKELEY,ALAMEDA,CA,0,0
8168966,-122.2981339,37.8800163,2016,0103,0,6,3,01,0,1,A,,,,,Y,1800,9,E,I,A,"9TH ST","GILMAN ST",0,,Y,2016-11-15,103,2016-09-24,1703,153,20,5,6,0,0,,0,004,-,N,,0,0,,,0,,,,N,1,A,-,23152,A,M,A,H,-,A,A,0,Y,A,01,0,1,0,0,0,0,0,0,0,-,-,BERKELEY,ALAMEDA,CA,0,0
8168970,-122.2589569,37.8614197,2016,0103,0,7,4,03,0,1,A,,Y,,,,1800,9,C,G,A,"DERBY ST","TELEGRAPH AV",8,E,N,2016-11-15,103,2016-09-25,1755,40,36,5,6,0,0,,0,007,-,N,,0,0,,,0,,,,N,2,A,-,22350,,N,A,H,-,A,A,0,Y,A,01,0,0,1,0,0,0,1,0,0,-,-,BERKELEY,ALAMEDA,CA,0,0
8168974,-122.2654495,37.8742638,2016,0103,0,1,3,03,0,1,A,,,,,,2400,9,C,C,A,"HEARST AV","SPRUCE ST",0,,Y,2016-11-15,103,2016-09-26,2137,140,26,5,6,0,0,,0,002,-,N,,0,123,,,0,,,,N,2,A,-,22350,,N,A,H,-,C,A,0,Y,A,01,0,1,0,0,0,0,0,0,0,-,-,BERKELEY,ALAMEDA,CA,0,0
8168978,-122.2695312,37.8720856,2016,0103,0,2,1,11,1,0,A,Y,,,,Y,2100,9,D,B,C,"UNIVERSITY AV","SHATTUCK AV",312,W,N,2017-04-12,103,2016-09-27,1959,8,24,5,6,0,0,,0,006,-,N,,0,0,,,0,,,,N,2,A,-,21950,B,N,A,H,-,C,D,0,Y,N,60,0,0,0,1,0,0,0,0,0,-,-,BERKELEY,ALAMEDA,CA,0,0
8168982,-122.2990265,37.8677559,2016,0103,0,4,4,08,0,2,A,,,,,,900,9,A,D,A,"UNIVERSITY AV","6TH ST",383,W,N,2016-11-15,103,2016-09-29,729,151,20,5,6,0,0,,0,014,-,N,,0,0,,,0,,,,N,4,A,-,22107,,N,A,H,-,B,D,0,Y,A,01,0,0,2,0,0,0,0,0,0,-,-,BERKELEY,ALAMEDA,CA,0,0
8168986,-122.2715454,37.8579559,2016,0103,0,4,3,09,0,1,A,,,,,,1200,9,D,D,A,"M L KING JR WY","STUART ST",0,,Y,2016-11-15,103,2016-09-29,956,30,35,5,6,0,0,,0,012,-,N,,0,0,,,0,,,,N,2,A,-,21802,A,N,A,H,-,A,A,0,Y,A,01,0,1,0,0,0,0,0,0,0,-,-,BERKELEY,ALAMEDA,CA,0,0
8169007,-122.2607269,37.8647957,2016,0103,0,5,4,21,0,1,A,Y,,,,,1800,9,H,B,D,"DANA ST","DWIGHT WY",15,S,N,2016-11-15,103,2016-09-30,1720,40,36,5,6,0,0,,0,009,-,N,,0,0,,,0,,,,N,2,A,-,22106,,N,A,G,-,A,A,0,Y,A,01,0,0,1,0,1,0,0,0,0,-,-,BERKELEY,ALAMEDA,CA,0,0
8169021,-122.2718353,37.8475342,2016,0103,0,4,4,09,0,1,A,,,,,,1800,9,D,C,A,"M L KING JR WY","ADELINE ST",0,,Y,2016-11-15,103,2016-09-29,1659,8,40,5,6,0,0,,0,011,-,N,,0,0,,,0,,,,Y,2,A,-,21801,B,F,A,H,-,A,A,0,Y,A,08,0,0,1,0,0,0,0,0,0,-,-,BERKELEY,ALAMEDA,CA,0,0
8169025,-122.2734222,37.8872452,2016,0103,0,4,3,11,0,1,A,Y,,,,Y,2100,9,G,B,E,"HOPKINS ST","NAPA ST",135,W,N,2016-11-15,103,2016-09-29,2041,69,14,5,6,0,0,,0,002,-,N,,0,0,,,0,,,,N,2,A,-,21954,A,N,A,G,-,C,D,0,Y,N,60,0,1,0,0,1,0,0,0,0,-,-,BERKELEY,ALAMEDA,CA,0,0
8169029,-122.2658157,37.8696556,2016,0103,0,5,4,05,0,1,A,,Y,,,,1800,9,D,G,A,"OXFORD ST","ALLSTON WY",0,,Y,2016-11-15,103,2016-09-30,1604,159,24,5,6,0,0,,0,006,-,N,,0,0,,,0,,,,N,2,A,-,21650,1,N,A,H,-,A,D,0,Y,L,04,0,0,1,0,0,0,1,0,0,-,-,BERKELEY,ALAMEDA,CA,0,0
8169033,-122.2721939,37.864212,2016,0103,0,4,3,03,0,1,A,,,Y,,,2100,9,H,J,A,"M L KING JR WY","HASTE ST",19,E,N,2016-11-15,103,2016-09-29,1953,49,29,5,6,0,0,,0,005,-,N,,0,0,,,0,,,,N,1,A,-,22350,,N,A,H,-,C,A,0,Y,C,02,0,1,0,0,0,0,0,0,1,-,-,BERKELEY,ALAMEDA,CA,0,0
8173046,-122.2915763,37.8507939,2016,0103,0,1,2,03,0,1,B,,,Y,,,1200,9,H,J,A,"ASHBY AV","7TH ST",150,W,N,2017-02-22,103,2016-09-12,929,93,20,5,6,0,0,,0,013,-,Y,ALA,4,13,-,-,13.47,H,-,S,N,1,A,-,22350,,N,D,H,-,B,A,0,Y,C,02,1,0,0,0,0,0,0,0,1,-,-,BERKELEY,ALAMEDA,CA,0,0
8173111,-122.252238,37.8572222,2016,0103,0,5,3,06,0,1,A,,Y,,,,1500,9,D,G,A,"ASHBY AV","ASHBY PL",0,,Y,2017-02-22,103,2016-09-09,1224,126,38,5,6,0,0,,0,008,-,Y,ALA,4,13,-,-,11.19,I,5,N,N,2,A,-,21755,,N,A,H,-,A,D,0,Y,L,04,0,1,0,0,0,0,1,0,0,-,-,BERKELEY,ALAMEDA,CA,0,0
8195404,-122.2790561,37.8533029,2016,0103,0,3,4,01,0,1,A,,,,,Y,2400,11,A,C,A,ASHBY,SACRAMENTO,0,,Y,2017-05-22,103,2016-11-30,2330,8,,5,6,0,0,,0,011,-,Y,ALA,4,13,-,-,12.76,I,6,S,Y,2,A,-,23153,A,F,A,H,-,C,A,0,Y,-,,0,0,1,0,0,0,0,0,0,-,-,BERKELEY,ALAMEDA,CA,0,0
8195408,-122.2712784,37.8561287,2016,0103,0,3,3,11,0,1,A,Y,,,,,900,11,D,B,B,"MARTIN LUTHER KING JR WY","RUSSELL AV",0,,Y,2017-04-17,103,2016-11-02,735,85,,5,6,0,0,,0,010,-,N,,0,13,,,0,,,,N,2,A,-,21456,B,N,A,H,-,A,A,0,Y,N,60,0,1,0,0,1,0,0,0,0,-,-,BERKELEY,ALAMEDA,CA,-122.27128,37.85613
8195412,-122.2918701,37.8606339,2016,0103,0,6,4,09,0,1,A,,Y,,,,1800,11,D,G,A,"9TH ST","DWIGHT WY",0,,Y,2017-04-17,103,2016-11-05,1657,108,,5,6,0,0,,0,013,-,N,,0,0,,,0,,,,N,2,A,-,21802,A,N,A,H,-,A,A,0,Y,A,01,0,0,1,0,0,0,1,0,0,-,-,BERKELEY,ALAMEDA,CA,-122.29182,37.86064
8195416,-122.2719955,37.8624649,2016,0103,0,7,4,10,0,1,A,Y,,,,,2100,11,G,B,B,BLAKE,"MARTIN LUTHER KING JR",0,,Y,2017-04-17,103,2016-11-06,1924,30,,5,6,0,0,,0,005,-,N,,0,0,,,0,,,,N,2,A,-,21950,A,N,A,H,-,C,D,0,Y,A,01,0,0,1,0,1,0,0,0,0,-,-,BERKELEY,ALAMEDA,CA,-122.272,37.86245
8195420,-122.2660904,37.8714561,2016,0103,0,2,4,10,0,1,A,Y,,,,,2400,11,G,B,B,"ADDISON ST","OXFORD ST",0,,Y,2017-04-17,103,2016-11-08,2123,69,,5,6,0,0,,0,006,-,N,,0,0,,,0,,,,N,3,A,-,21950,A,N,A,H,-,C,A,0,Y,A,01,0,0,1,0,1,0,0,0,0,-,-,BERKELEY,ALAMEDA,CA,-122.26597,37.87146
8195424,-122.2669525,37.8585167,2016,0103,0,4,4,09,0,1,A,,Y,,,,900,11,D,G,A,"SHATTUCK AV","STUART ST",0,,Y,2017-04-17,103,2016-11-10,828,144,,5,6,0,0,,0,005,-,N,,0,0,,,0,,,,N,2,A,-,21802,A,N,-,H,-,A,D,0,Y,L,04,0,0,1,0,0,0,1,0,0,-,-,BERKELEY,ALAMEDA,CA,0,0
8195428,-122.2770767,37.8710861,2016,0103,0,1,3,08,0,1,A,,Y,,,,2100,11,G,G,A,UNIVERSITY,"MCGEE AV",148,E,N,2017-04-17,103,2016-11-14,1945,65,,5,6,0,0,,0,003,-,N,,0,0,,,0,,,,N,2,A,-,22107,,N,A,H,-,C,D,0,Y,L,04,0,1,0,0,0,0,1,0,0,-,-,BERKELEY,ALAMEDA,CA,-122.2775,37.87097
8195432,-122.2596953,37.8562205,2016,0103,0,4,4,07,0,1,A,,,Y,,,1800,11,B,D,A,TELEGRAPH,"RT 13",121,N,N,2017-05-22,103,2016-11-17,1720,71,,5,6,0,0,,0,007,-,Y,ALA,4,13,-,-,11.61,I,6,N,N,2,A,-,21658,A,N,A,H,-,C,A,0,Y,A,01,0,0,1,0,0,0,0,0,1,-,-,BERKELEY,ALAMEDA,CA,-122.25967,37.85619
8195436,-122.2669754,37.8587189,2016,0103,0,7,4,03,0,1,A,,,,,,1800,11,C,C,A,"SHATTUCK AV","STUART ST",75,N,N,2017-04-17,103,2016-11-20,1506,57,,5,6,0,0,,0,010,-,N,,0,0,,,0,,,,N,2,A,-,22350,,N,A,H,-,A,D,0,Y,A,07,0,0,1,0,0,0,0,0,0,-,-,BERKELEY,ALAMEDA,CA,-122.2669,37.85853
8195440,-122.267807,37.866745,2016,0103,0,2,4,03,0,2,A,,,,,,1200,11,C,C,A,"SHATTUCK AV","DURANT AV",25,N,N,2017-04-17,103,2016-11-22,1038,71,,5,6,0,0,,0,009,-,N,,0,0,,,0,,,,N,2,A,-,22350,,N,A,H,-,A,A,0,Y,A,01,0,0,2,0,0,0,0,0,0,-,-,BERKELEY,ALAMEDA,CA,-122.26827,37.86621
8205117,-122.293663,37.8794403,2016,0103,0,1,4,03,0,2,C,,,,,,1500,10,F,E,A,"STANNAGE AV","CAMELIA ST",127,N,N,2017-01-18,103,2016-10-03,1211,101,20,5,6,0,0,,0,004,-,N,,0,0,,,0,,,,Y,2,A,-,22350,,N,B,H,-,A,D,0,Y,D,22,0,0,2,0,0,0,0,0,0,-,-,BERKELEY,ALAMEDA,CA,0,0
8205215,-122.2681046,37.8693733,2016,0103,0,2,4,04,0,1,A,,Y,,,,2100,10,C,G,A,"ALLSTON WY","SHATTUCK AV",0,,Y,2017-01-13,103,2016-10-04,1830,38,29,5,6,0,0,,0,006,-,N,,0,0,,,0,,,,N,2,A,-,21703,,N,A,H,-,A,A,0,Y,A,01,0,0,1,0,0,0,1,0,0,-,-,BERKELEY,ALAMEDA,CA,0,0
8205219,-122.2674713,37.8639565,2016,0103,0,5,4,03,0,1,A,,,,,,1800,10,C,C,A,"SHATTUCK AV","DWIGHT WY",0,,Y,2017-01-13,103,2016-10-07,1629,49,29,5,6,0,0,,0,006,-,N,,0,0,,,0,,,,N,2,A,-,22350,,N,A,H,-,A,A,0,Y,A,01,0,0,1,0,0,0,0,0,0,-,-,BERKELEY,ALAMEDA,CA,0,0
8205223,-122.2737656,37.8778152,2016,0103,0,3,4,08,0,2,A,,,,,,1500,10,D,C,A,"M L KING JR WAY","CEDAR ST",0,,Y,2017-01-23,103,2016-10-05,1436,121,24,5,6,0,0,,0,002,-,N,,0,0,,,0,,,,N,2,A,-,22107,,N,A,H,-,A,A,0,Y,A,01,0,0,2,0,0,0,0,0,0,-,-,BERKELEY,ALAMEDA,CA,0,0
8205227,-122.2605209,37.8777962,2016,0103,0,3,4,10,0,1,A,Y,,,,,1800,10,G,B,B,"VIRGINIA ST","EUCLID AV",44,N,N,2017-01-13,103,2016-10-05,1649,69,25,5,6,0,0,,0,001,-,N,,0,0,,,0,,,,N,2,A,-,21950,A,N,A,H,-,A,A,0,Y,A,01,0,0,1,0,1,0,0,0,0,-,-,BERKELEY,ALAMEDA,CA,0,0
8205230,0,0,2016,0103,0,5,4,09,0,1,C,,,,,,900,10,D,C,A,"THE CIRCLE","MARIN AV",0,,Y,2017-01-13,103,2016-10-14,656,111,12,5,6,0,0,,0,001,-,N,,0,0,,,0,,,,N,2,A,-,21802,,N,B,H,-,B,A,0,Y,A,01,0,0,1,0,0,0,0,0,0,-,-,BERKELEY,ALAMEDA,CA,0,0
8205231,-122.2684631,37.8722153,2016,0103,0,7,4,09,0,2,A,,,Y,,,1500,10,D,C,A,"UNIVERSITY AV","SHATTUCK AV",0,,Y,2017-02-15,103,2016-10-02,1348,75,24,5,6,0,0,,0,006,-,N,,0,0,,,0,,,,Y,2,A,-,21801,A,N,A,H,-,A,A,0,Y,A,01,0,0,2,0,0,0,0,0,2,-,-,BERKELEY,ALAMEDA,CA,0,0
8205234,-122.2589493,37.8616867,2016,0103,0,3,4,08,0,1,A,,,,,,1800,10,D,C,A,"TELEGRAPH AV","DERBY ST",100,N,N,2017-01-13,103,2016-10-12,1505,121,36,5,6,0,0,,0,009,-,N,,0,13,,,0,,,,N,2,A,-,22107,,N,A,H,-,A,D,0,Y,A,01,0,0,1,0,0,0,0,0,0,-,-,BERKELEY,ALAMEDA,CA,0,0
8205235,-122.291626,37.8813438,2016,0103,0,7,3,17,0,1,A,,Y,,,,1200,10,B,G,A,"GILMAN ST","EVELYN ST",0,,Y,2017-02-01,103,2016-10-02,1054,5,19,5,6,0,0,,0,004,-,N,,0,80,,,0,,,,N,2,A,-,22517,,N,A,H,-,A,D,0,Y,A,01,0,1,0,0,0,0,1,0,0,-,-,BERKELEY,ALAMEDA,CA,0,0
8205238,-122.2709427,37.8736153,2016,0103,0,4,4,12,0,1,A,,,,,,2100,10,D,C,A,"MILVIA ST","HEARST AV",0,,Y,2017-01-13,103,2016-10-13,1954,122,23,5,6,0,0,,0,003,-,N,,0,0,,,0,,,,N,2,A,-,21453,A,N,A,H,-,C,A,0,Y,A,01,0,0,1,0,0,0,0,0,0,-,-,BERKELEY,ALAMEDA,CA,0,0
8205239,-122.2708054,37.8719139,2016,0103,0,2,3,10,0,1,A,Y,,,,,1800,10,G,B,B,"UNIVERSITY AV","MILVIA ST",0,,Y,2017-01-13,103,2016-10-04,1515,65,29,5,6,0,0,,0,006,-,N,,0,0,,,0,,,,N,2,A,-,21950,C,N,A,H,-,A,A,0,Y,A,01,0,1,0,0,1,0,0,0,0,-,-,BERKELEY,ALAMEDA,CA,0,0
8205243,-122.2818222,37.8673859,2016,0103,0,2,2,12,0,1,A,,Y,,,,1500,10,D,G,A,"ALLSTON WY","SACRAMENTO ST",0,,Y,2017-01-13,103,2016-10-04,1335,146,34,5,6,0,0,,0,005,-,N,,0,0,,,0,,,,N,2,A,-,21453,A,N,A,H,-,A,A,0,Y,A,01,1,0,0,0,0,0,1,0,0,-,-,BERKELEY,ALAMEDA,CA,0,0
8205246,-122.2677002,37.8658066,2016,0103,0,3,4,08,0,1,A,,,,,,2100,10,C,C,A,"SHATTUCK AV","CHANNING WY",12,N,N,2017-02-01,103,2016-10-12,1851,99,29,5,6,0,0,,0,009,-,N,,0,0,,,0,,,,N,2,A,-,22107,,N,A,H,-,C,A,0,Y,A,01,0,0,1,0,0,0,0,0,0,-,-,BERKELEY,ALAMEDA,CA,0,0
8205250,-122.2592316,37.8687057,2016,0103,0,3,4,11,0,1,B,Y,Y,,,,2400,10,G,B,B,"BANCROFT WY","TELEGRAPH AV",0,,Y,2017-01-13,103,2016-10-12,2340,54,28,5,6,0,0,,0,007,-,N,,0,0,,,0,,,,N,2,A,-,21453,D,N,A,H,-,C,A,0,Y,N,60,0,0,1,0,1,0,0,0,0,-,-,BERKELEY,ALAMEDA,CA,0,0
8205251,-122.3081665,37.8779945,2016,0103,0,7,4,09,0,1,A,,,,,,1200,10,D,C,A,"GILMAN ST","W FRONTAGE RD",0,,Y,2017-01-13,103,2016-10-02,1010,5,20,5,6,0,0,,0,004,-,N,,0,80,,,0,,,,Y,2,A,-,21802,A,N,A,H,-,A,D,0,Y,A,01,0,0,1,0,0,0,0,0,0,-,-,BERKELEY,ALAMEDA,CA,0,0
8205254,-122.2684708,37.872261,2016,0103,0,2,4,04,0,1,A,,,,,,1500,10,C,C,A,"SHATTUCK AV","UNIVERSITY AV",17,N,N,2017-01-13,103,2016-10-11,1354,17,11,5,6,0,0,,0,006,-,N,,0,0,,,0,,,,N,3,A,-,21703,,N,A,H,-,A,A,0,Y,A,01,0,0,1,0,0,0,0,0,0,-,-,BERKELEY,ALAMEDA,CA,0,0
8205255,-122.2672806,37.8621445,2016,0103,0,6,4,09,0,1,A,,,,,,1500,10,D,C,A,"PARKER ST","SHATTUCK AV",0,,Y,2017-01-13,103,2016-10-01,1340,89,35,5,6,0,0,,0,009,-,N,,0,0,,,0,,,,Y,2,A,-,21802,A,N,A,H,-,A,D,0,Y,A,01,0,0,1,0,0,0,0,0,0,-,-,BERKELEY,ALAMEDA,CA,0,0
8205258,-122.2968521,37.8652763,2016,0103,0,2,3,03,0,1,A,,,Y,,,1800,10,F,A,A,"ALLSTON WY","6TH ST",0,,Y,2017-01-23,103,2016-10-11,1716,121,32,5,6,0,0,,0,013,-,N,,0,0,,,0,,,,N,2,A,-,22350,,N,A,H,-,A,A,0,Y,C,03,0,1,0,0,0,0,0,0,1,-,-,BERKELEY,ALAMEDA,CA,0,0
8205262,-122.2660904,37.8714561,2016,0103,0,2,4,10,0,2,A,Y,,,,,2400,10,G,B,B,"OXFORD ST","ADDISON ST",0,,Y,2017-01-13,103,2016-10-11,2122,49,29,5,6,0,0,,0,006,-,N,,0,0,,,0,,,,N,3,A,-,21950,A,N,A,H,-,C,D,0,Y,A,01,0,0,2,0,2,0,0,0,0,-,-,BERKELEY,ALAMEDA,CA,0,0
8205266,-122.2569504,37.8690033,2016,0103,0,3,4,10,0,1,A,Y,,,,,1200,10,G,B,B,"BANCROFT WY","BOWDITCH ST",0,,Y,2017-02-01,103,2016-10-12,938,144,28,5,6,0,0,,0,007,-,N,,0,0,,,0,,,,N,2,A,-,21950,A,N,A,H,-,A,D,0,Y,A,01,0,0,1,0,1,0,0,0,0,-,-,BERKELEY,ALAMEDA,CA,0,0
8205270,-122.2957153,37.8617554,2016,0103,0,2,4,09,0,1,A,,,,,,2100,10,D,D,A,"CHANNING WY","6TH ST",0,,Y,2017-01-13,103,2016-10-11,1829,53,32,5,6,0,0,,0,013,-,N,,0,0,,,0,,,,N,2,A,-,21802,A,N,A,H,-,B,A,0,Y,A,01,0,0,1,0,0,0,0,0,0,-,-,BERKELEY,ALAMEDA,CA,0,0
8205274,-122.2609329,37.8657265,2016,0103,0,1,4,10,0,1,A,Y,,,,,1800,10,G,B,B,"DANA ST","HASTE ST",0,,N,2017-01-13,103,2016-10-10,1600,125,28,5,6,0,0,,0,009,-,N,,0,0,,,0,,,,N,2,A,-,21950,A,M,A,H,-,A,A,0,Y,A,01,0,0,1,0,1,0,0,0,0,-,-,BERKELEY,ALAMEDA,CA,0,0
8205278,-122.2705917,37.8697662,2016,0103,0,1,3,17,0,1,B,,Y,,,,1200,10,H,G,A,"MILVIA ST","CENTER ST",80,S,N,2017-01-13,103,2016-10-10,924,96,29,5,6,0,0,,0,006,-,N,,0,0,,,0,,,,N,2,A,-,22517,,N,A,H,-,A,D,0,Y,A,01,0,1,0,0,0,0,1,0,0,-,-,BERKELEY,ALAMEDA,CA,0,0
8281203,-122.2586441,37.8660164,2016,0103,0,2,3,12,0,1,A,,Y,,Y,,1800,10,B,G,A,TELEGRAPH,HASTE,0,,Y,2017-04-17,103,2016-10-25,1654,85,,5,6,0,0,,0,007,-,N,,0,0,,,0,,,,N,2,A,-,21453,A,N,A,H,-,A,A,0,Y,L,04,0,1,0,0,0,0,1,0,0,-,-,BERKELEY,ALAMEDA,CA,-122.25841,37.86513
8281211,-122.2842754,37.8526501,2016,0103,0,7,4,01,0,2,A,,,,,Y,2400,10,B,C,A,"ASHBY AV","MABEL ST",180,W,N,2017-03-06,103,2016-10-23,2133,108,20,5,6,0,0,,0,013,-,Y,ALA,4,13,-,-,13.05,H,-,S,N,3,A,-,23152,A,N,A,H,-,C,D,0,Y,D,22,0,0,2,0,0,0,0,0,0,-,-,BERKELEY,ALAMEDA,CA,0,0
8281223,-122.2958101,37.8804785,2016,0103,0,2,3,10,0,1,A,Y,,,,,2400,10,G,B,B,"SAN PABLO AV","GILMAN ST",0,,Y,2017-03-04,103,2016-10-18,2124,54,20,5,6,0,0,,0,004,-,Y,ALA,4,123,-,-,3.98,I,5,N,N,2,A,-,21950,A,N,A,H,-,C,A,0,Y,I,11,0,1,0,0,1,0,0,0,0,-,-,BERKELEY,ALAMEDA,CA,0,0
8281255,-122.2895966,37.8694839,2016,0103,0,2,3,09,0,2,B,,,,,,1800,10,D,C,A,"UNIVERSITY AV","CURTIS ST",0,,Y,2017-01-31,103,2016-10-25,1728,1,22,5,6,0,0,,0,014,-,N,,0,0,,,0,,,,N,2,A,-,21802,A,N,A,H,-,A,A,0,Y,I,11,0,1,1,0,0,0,0,0,0,-,-,BERKELEY,ALAMEDA,CA,0,0
8282084,-122.2761917,37.8610535,2016,0103,0,1,4,09,0,2,A,,,,,,1800,10,D,C,A,"MCGEE AV","PARKER ST",0,,Y,2017-01-20,103,2016-10-17,1543,53,34,5,6,0,0,,0,012,-,N,,0,0,,,0,,,,N,2,A,-,21802,A,N,A,H,-,A,A,0,Y,A,01,0,0,2,0,0,0,0,0,0,-,-,BERKELEY,ALAMEDA,CA,0,0